area_type,location,total_sqft,bath,balcony,price,ready_to_move,bhk
Super built-up  Area,1st Block Jayanagar,2850.0,4,1,428.0,0,4.0
Super built-up  Area,1st Block Jayanagar,1630.0,3,2,194.0,0,3.0
Super built-up  Area,1st Block Jayanagar,1875.0,2,3,235.0,1,3.0
Built-up  Area,1st Block Jayanagar,1200.0,2,0,130.0,0,3.0
Super built-up  Area,1st Block Jayanagar,1235.0,2,2,148.0,0,2.0
Super built-up  Area,1st Block Jayanagar,2750.0,4,0,413.0,0,4.0
Super built-up  Area,1st Block Jayanagar,2450.0,4,2,368.0,0,4.0
Super built-up  Area,1st Phase JP Nagar,2825.0,4,3,250.0,1,4.0
Super built-up  Area,1st Phase JP Nagar,1875.0,3,1,167.0,1,3.0
Built-up  Area,1st Phase JP Nagar,1500.0,5,0,85.0,1,5.0
Super built-up  Area,1st Phase JP Nagar,2065.0,4,1,210.0,1,3.0
Super built-up  Area,1st Phase JP Nagar,2024.0,3,0,157.0,1,3.0
Super built-up  Area,1st Phase JP Nagar,2059.0,3,2,225.0,1,3.0
Super built-up  Area,1st Phase JP Nagar,1394.0,2,1,100.0,1,2.0
Super built-up  Area,1st Phase JP Nagar,1077.0,2,2,93.0,0,2.0
Built-up  Area,1st Phase JP Nagar,839.907117,1,1,63.0,1,1.0
Plot  Area,1st Phase JP Nagar,1566.0,2,0,180.0,1,2.0
Built-up  Area,1st Phase JP Nagar,840.0,2,2,50.0,1,1.0
Super built-up  Area,1st Phase JP Nagar,1590.0,3,3,131.0,0,3.0
Super built-up  Area,1st Phase JP Nagar,2180.0,3,2,210.0,1,3.0
Super built-up  Area,1st Phase JP Nagar,1180.0,2,2,88.5,1,2.0
Super built-up  Area,1st Phase JP Nagar,1200.0,2,0,86.0,1,2.0
Built-up  Area,1st Phase JP Nagar,1394.0,2,2,85.0,1,2.0
Super built-up  Area,1st Phase JP Nagar,2077.0,3,3,175.0,0,3.0
Super built-up  Area,1st Phase JP Nagar,4550.0,2,1,240.0,1,4.0
Super built-up  Area,1st Phase JP Nagar,1205.0,2,1,85.0,1,2.0
Super built-up  Area,1st Phase JP Nagar,2615.0,5,3,222.0,1,4.0
Super built-up  Area,1st Phase JP Nagar,900.0,2,1,75.0,1,2.0
Super built-up  Area,2nd Phase Judicial Layout,1450.0,2,1,50.75,1,3.0
Super built-up  Area,2nd Phase Judicial Layout,1150.0,2,1,40.25,1,2.0
Super built-up  Area,2nd Phase Judicial Layout,1350.0,2,2,47.25,1,3.0
Super built-up  Area,2nd Phase Judicial Layout,900.0,2,2,41.0,0,2.0
Super built-up  Area,2nd Phase Judicial Layout,1681.0,3,3,69.0,1,3.0
Plot  Area,2nd Stage Nagarbhavi,1500.0,4,2,220.0,1,4.0
Plot  Area,2nd Stage Nagarbhavi,3000.0,8,3,451.0,1,6.0
Plot  Area,2nd Stage Nagarbhavi,2400.0,8,3,450.0,1,6.0
Plot  Area,2nd Stage Nagarbhavi,1200.0,4,2,245.0,1,4.0
Plot  Area,2nd Stage Nagarbhavi,1350.0,4,1,200.0,1,4.0
Plot  Area,2nd Stage Nagarbhavi,1200.0,4,1,225.0,1,4.0
Plot  Area,2nd Stage Nagarbhavi,1500.0,3,2,230.0,1,4.0
Super built-up  Area,5th Block Hbr Layout,1206.0,2,2,56.0,1,2.0
Super built-up  Area,5th Block Hbr Layout,1270.0,2,2,70.0,1,3.0
Plot  Area,5th Block Hbr Layout,1200.0,4,2,205.0,1,4.0
Super built-up  Area,5th Block Hbr Layout,1312.0,2,3,69.0,1,2.0
Super built-up  Area,5th Block Hbr Layout,1100.0,2,2,48.0,1,2.0
Built-up  Area,5th Block Hbr Layout,5100.0,5,3,300.0,1,6.0
Super built-up  Area,5th Phase JP Nagar,1075.0,2,2,60.0,1,2.0
Built-up  Area,5th Phase JP Nagar,1150.0,3,3,52.5,1,2.0
Super built-up  Area,5th Phase JP Nagar,1070.0,2,2,39.0,0,2.0
Built-up  Area,5th Phase JP Nagar,1256.0,2,1,62.8,1,2.0
Super built-up  Area,5th Phase JP Nagar,1207.0,2,2,63.0,1,2.0
Built-up  Area,5th Phase JP Nagar,1725.0,2,2,100.0,1,3.0
Super built-up  Area,5th Phase JP Nagar,1440.0,2,2,60.0,1,2.0
Super built-up  Area,5th Phase JP Nagar,1400.0,2,1,88.0,1,3.0
Super built-up  Area,5th Phase JP Nagar,1450.0,2,1,58.0,1,2.0
Built-up  Area,5th Phase JP Nagar,1700.0,2,3,100.0,1,3.0
Super built-up  Area,5th Phase JP Nagar,1485.0,2,2,67.0,1,3.0
Super built-up  Area,5th Phase JP Nagar,2500.0,5,0,110.0,1,5.0
Built-up  Area,5th Phase JP Nagar,600.0,1,1,30.0,1,1.0
Super built-up  Area,5th Phase JP Nagar,1390.0,2,2,65.0,1,2.0
Super built-up  Area,5th Phase JP Nagar,1220.0,2,3,88.0,1,2.0
Super built-up  Area,5th Phase JP Nagar,1000.0,2,0,48.0,1,2.0
Super built-up  Area,5th Phase JP Nagar,1350.0,2,1,75.0,1,3.0
Super built-up  Area,5th Phase JP Nagar,552.0,1,1,23.5,1,1.0
Super built-up  Area,5th Phase JP Nagar,1200.0,2,2,51.0,1,2.0
Super built-up  Area,5th Phase JP Nagar,1240.0,3,2,60.0,1,3.0
Built-up  Area,5th Phase JP Nagar,1550.0,3,3,75.0,1,3.0
Super built-up  Area,5th Phase JP Nagar,1485.0,2,1,66.0,1,3.0
Built-up  Area,5th Phase JP Nagar,1030.0,2,2,57.0,1,2.0
Super built-up  Area,5th Phase JP Nagar,1200.0,2,1,68.0,1,2.0
Built-up  Area,5th Phase JP Nagar,1190.0,2,2,61.8,1,2.0
Super built-up  Area,5th Phase JP Nagar,4000.0,5,2,170.0,1,5.0
Super built-up  Area,5th Phase JP Nagar,1080.0,2,1,53.0,1,2.0
Super built-up  Area,5th Phase JP Nagar,1041.0,2,2,54.0,1,2.0
Super built-up  Area,5th Phase JP Nagar,812.0,2,1,42.0,1,2.0
Built-up  Area,5th Phase JP Nagar,1010.0,2,2,57.0,1,2.0
Super built-up  Area,5th Phase JP Nagar,1450.0,2,2,73.0,1,3.0
Super built-up  Area,5th Phase JP Nagar,2500.0,8,3,95.0,1,7.0
Plot  Area,5th Phase JP Nagar,2400.0,4,1,228.0,1,4.0
Super built-up  Area,6th Phase JP Nagar,1192.0,2,2,74.0,1,2.0
Super built-up  Area,6th Phase JP Nagar,1180.0,2,3,80.0,1,2.0
Super built-up  Area,6th Phase JP Nagar,3245.0,4,0,250.0,1,4.0
Built-up  Area,6th Phase JP Nagar,1645.0,3,3,100.0,1,3.0
Super built-up  Area,6th Phase JP Nagar,1280.0,2,0,56.0,1,2.0
Built-up  Area,6th Phase JP Nagar,1140.0,2,2,65.0,1,2.0
Super built-up  Area,6th Phase JP Nagar,2040.0,3,0,200.0,1,3.0
Super built-up  Area,6th Phase JP Nagar,1213.0,2,1,63.0,1,2.0
Super built-up  Area,6th Phase JP Nagar,1350.0,2,0,58.0,1,3.0
Super built-up  Area,6th Phase JP Nagar,1170.0,2,2,120.0,1,2.0
Built-up  Area,6th Phase JP Nagar,1216.0,2,2,60.0,1,2.0
Super built-up  Area,6th Phase JP Nagar,1460.0,2,0,80.0,1,2.0
Super built-up  Area,6th Phase JP Nagar,2003.0,3,3,200.0,1,3.0
Super built-up  Area,6th Phase JP Nagar,1810.0,3,3,131.0,1,3.0
Super built-up  Area,6th Phase JP Nagar,1515.0,2,2,135.0,1,3.0
Super built-up  Area,6th Phase JP Nagar,1192.0,2,3,75.0,1,2.0
Super built-up  Area,6th Phase JP Nagar,1280.0,2,1,88.0,1,2.0
Built-up  Area,7th Phase JP Nagar,1080.0,2,2,72.0,1,2.0
Super built-up  Area,7th Phase JP Nagar,1270.0,2,2,93.0,1,2.0
Built-up  Area,7th Phase JP Nagar,1420.0,2,1,100.0,1,3.0
Built-up  Area,7th Phase JP Nagar,1850.0,3,1,150.0,1,3.0
Built-up  Area,7th Phase JP Nagar,1245.0,2,1,94.0,1,2.0
Super built-up  Area,7th Phase JP Nagar,1175.0,2,1,82.0,1,2.0
Super built-up  Area,7th Phase JP Nagar,1400.0,2,1,95.0,1,3.0
Super built-up  Area,7th Phase JP Nagar,2225.0,3,1,160.0,0,3.0
Built-up  Area,7th Phase JP Nagar,1050.0,2,1,71.0,1,2.0
Super built-up  Area,7th Phase JP Nagar,1100.0,2,0,46.0,1,2.0
Built-up  Area,7th Phase JP Nagar,918.0,2,1,50.49,1,2.0
Super built-up  Area,7th Phase JP Nagar,1450.0,2,1,100.0,1,3.0
Super built-up  Area,7th Phase JP Nagar,1070.0,2,1,42.79,1,2.0
Super built-up  Area,7th Phase JP Nagar,1190.0,2,1,49.98,1,2.0
Super built-up  Area,7th Phase JP Nagar,1420.0,2,2,96.0,1,3.0
Super built-up  Area,7th Phase JP Nagar,1680.0,3,2,120.0,1,3.0
Super built-up  Area,7th Phase JP Nagar,1050.0,2,1,42.0,1,2.0
Super built-up  Area,7th Phase JP Nagar,980.0,2,2,69.0,1,2.0
Super built-up  Area,7th Phase JP Nagar,1035.0,2,1,41.39,1,2.0
Super built-up  Area,7th Phase JP Nagar,1370.0,2,1,56.17,1,2.0
Super built-up  Area,7th Phase JP Nagar,1180.0,2,2,72.0,1,2.0
Built-up  Area,7th Phase JP Nagar,5080.0,7,0,450.0,1,6.0
Super built-up  Area,7th Phase JP Nagar,1300.0,2,2,52.0,1,3.0
Built-up  Area,7th Phase JP Nagar,1050.0,2,1,57.0,1,3.0
Super built-up  Area,7th Phase JP Nagar,1343.0,2,2,56.41,1,3.0
Super built-up  Area,7th Phase JP Nagar,1405.0,2,2,59.01,1,3.0
Built-up  Area,7th Phase JP Nagar,1400.0,3,1,115.0,1,3.0
Super built-up  Area,7th Phase JP Nagar,1075.0,2,1,42.99,1,2.0
Super built-up  Area,7th Phase JP Nagar,1100.0,2,2,44.0,1,2.0
Super built-up  Area,7th Phase JP Nagar,1270.0,2,1,83.0,1,2.0
Built-up  Area,7th Phase JP Nagar,3300.0,4,0,150.0,1,4.0
Super built-up  Area,7th Phase JP Nagar,2503.0,4,0,188.0,0,4.0
Super built-up  Area,7th Phase JP Nagar,2200.0,3,2,190.0,1,3.0
Super built-up  Area,7th Phase JP Nagar,1250.0,3,2,65.0,1,3.0
Super built-up  Area,7th Phase JP Nagar,1385.0,2,2,58.17,1,3.0
Super built-up  Area,7th Phase JP Nagar,1575.0,2,2,110.0,1,3.0
Super built-up  Area,7th Phase JP Nagar,1850.0,3,2,140.0,1,3.0
Super built-up  Area,7th Phase JP Nagar,1370.0,2,2,54.79,1,3.0
Super built-up  Area,7th Phase JP Nagar,1370.0,2,1,54.79,1,3.0
Built-up  Area,7th Phase JP Nagar,1575.0,2,2,120.0,1,3.0
Super built-up  Area,7th Phase JP Nagar,1850.0,3,2,150.0,1,3.0
Super built-up  Area,7th Phase JP Nagar,1175.0,2,2,82.5,1,2.0
Built-up  Area,7th Phase JP Nagar,3300.0,4,3,160.0,1,3.0
Plot  Area,7th Phase JP Nagar,2200.0,4,2,105.0,1,3.0
Super built-up  Area,7th Phase JP Nagar,1215.0,2,2,90.0,1,2.0
Super built-up  Area,7th Phase JP Nagar,1050.0,2,1,75.0,1,2.0
Super built-up  Area,7th Phase JP Nagar,1300.0,3,2,89.13,1,3.0
Super built-up  Area,7th Phase JP Nagar,1130.0,2,2,73.0,1,2.0
Super built-up  Area,7th Phase JP Nagar,1450.0,3,2,100.0,1,3.0
Super built-up  Area,7th Phase JP Nagar,1350.0,3,2,58.0,1,3.0
Super built-up  Area,7th Phase JP Nagar,1050.0,2,1,50.0,1,2.0
Super built-up  Area,7th Phase JP Nagar,1275.0,2,1,87.0,1,2.0
Built-up  Area,7th Phase JP Nagar,1460.0,3,1,70.0,1,3.0
Super built-up  Area,7th Phase JP Nagar,1650.0,3,2,110.0,1,3.0
Built-up  Area,7th Phase JP Nagar,850.0,2,2,42.0,1,2.0
Built-up  Area,7th Phase JP Nagar,1680.0,3,2,117.0,1,3.0
Super built-up  Area,7th Phase JP Nagar,1850.0,3,1,150.0,1,3.0
Super built-up  Area,7th Phase JP Nagar,1236.0,2,2,61.33,1,2.0
Super built-up  Area,7th Phase JP Nagar,1000.0,2,2,53.0,1,2.0
Super built-up  Area,7th Phase JP Nagar,1680.0,3,2,125.0,1,3.0
Super built-up  Area,7th Phase JP Nagar,1675.0,2,2,135.0,1,3.0
Super built-up  Area,7th Phase JP Nagar,1187.0,2,1,59.0,0,2.0
Super built-up  Area,7th Phase JP Nagar,1850.0,3,2,155.0,1,3.0
Built-up  Area,7th Phase JP Nagar,1000.0,2,1,61.0,1,2.0
Super built-up  Area,7th Phase JP Nagar,1460.0,2,2,100.0,1,3.0
Super built-up  Area,7th Phase JP Nagar,1650.0,3,3,110.0,1,3.0
Super built-up  Area,7th Phase JP Nagar,1200.0,2,2,62.5,1,2.0
Super built-up  Area,7th Phase JP Nagar,1000.0,2,1,70.65,1,2.0
Super built-up  Area,7th Phase JP Nagar,1070.0,2,2,42.0,0,2.0
Super built-up  Area,7th Phase JP Nagar,1080.0,2,2,75.0,1,2.0
Built-up  Area,7th Phase JP Nagar,1415.0,3,1,65.0,1,3.0
Super built-up  Area,7th Phase JP Nagar,1680.0,3,3,125.0,1,3.0
Super built-up  Area,7th Phase JP Nagar,1040.0,2,1,41.59,1,2.0
Super built-up  Area,7th Phase JP Nagar,1100.0,2,1,44.0,1,2.0
Super built-up  Area,7th Phase JP Nagar,1460.0,2,1,97.0,1,3.0
Built-up  Area,7th Phase JP Nagar,1120.0,2,2,65.0,1,2.0
Super built-up  Area,7th Phase JP Nagar,1100.0,3,1,60.0,1,2.0
Super built-up  Area,7th Phase JP Nagar,1790.0,3,3,120.0,1,3.0
Super built-up  Area,7th Phase JP Nagar,1680.0,3,2,117.0,1,3.0
Super built-up  Area,7th Phase JP Nagar,1050.0,2,1,77.0,1,2.0
Super built-up  Area,7th Phase JP Nagar,1174.0,2,1,47.0,1,2.0
Super built-up  Area,7th Phase JP Nagar,1040.0,2,1,75.0,1,2.0
Super built-up  Area,7th Phase JP Nagar,1800.0,3,2,130.0,1,3.0
Super built-up  Area,7th Phase JP Nagar,1050.0,2,0,68.0,1,2.0
Super built-up  Area,7th Phase JP Nagar,1400.0,2,2,57.0,1,3.0
Built-up  Area,7th Phase JP Nagar,1000.0,2,2,60.0,1,2.0
Super built-up  Area,7th Phase JP Nagar,980.0,2,1,86.0,1,2.0
Super built-up  Area,7th Phase JP Nagar,1050.0,2,1,77.47,1,2.0
Super built-up  Area,7th Phase JP Nagar,1270.0,2,1,80.0,1,2.0
Super built-up  Area,7th Phase JP Nagar,1463.0,2,1,61.45,1,3.0
Super built-up  Area,7th Phase JP Nagar,1680.0,3,2,122.0,1,3.0
Super built-up  Area,7th Phase JP Nagar,1130.0,2,2,85.0,1,2.0
Super built-up  Area,7th Phase JP Nagar,1680.0,3,3,130.0,1,3.0
Built-up  Area,7th Phase JP Nagar,2980.0,4,2,260.0,1,3.0
Built-up  Area,7th Phase JP Nagar,980.0,2,1,77.44,1,2.0
Super built-up  Area,7th Phase JP Nagar,1680.0,3,2,112.0,1,3.0
Super built-up  Area,7th Phase JP Nagar,1515.0,2,1,76.0,1,3.0
Super built-up  Area,7th Phase JP Nagar,2095.0,3,2,150.0,1,3.0
Super built-up  Area,7th Phase JP Nagar,1976.0,3,1,145.0,0,3.0
Super built-up  Area,7th Phase JP Nagar,1600.0,2,2,110.0,1,3.0
Super built-up  Area,7th Phase JP Nagar,1765.0,3,2,118.0,1,3.0
Built-up  Area,7th Phase JP Nagar,1275.0,2,2,88.0,1,3.0
Super built-up  Area,7th Phase JP Nagar,1450.0,2,1,102.0,1,3.0
Built-up  Area,7th Phase JP Nagar,1075.0,2,1,57.0,1,3.0
Super built-up  Area,7th Phase JP Nagar,750.0,1,2,47.0,1,1.0
Super built-up  Area,7th Phase JP Nagar,990.0,2,2,50.0,1,2.0
Plot  Area,7th Phase JP Nagar,1000.0,1,1,60.0,1,1.0
Built-up  Area,7th Phase JP Nagar,1277.0,2,1,51.0,1,2.0
Super built-up  Area,7th Phase JP Nagar,1680.0,2,3,92.0,1,3.0
Super built-up  Area,7th Phase JP Nagar,1430.0,2,1,102.0,1,3.0
Super built-up  Area,7th Phase JP Nagar,1128.0,2,1,60.0,1,2.0
Super built-up  Area,7th Phase JP Nagar,2100.0,3,2,190.0,1,3.0
Built-up  Area,7th Phase JP Nagar,1140.0,2,1,57.0,1,2.0
Super built-up  Area,7th Phase JP Nagar,1420.0,3,2,90.0,1,3.0
Super built-up  Area,7th Phase JP Nagar,1530.0,2,1,108.0,1,2.0
Super built-up  Area,8th Phase JP Nagar,1073.5,2,0,54.005,0,2.0
Super built-up  Area,8th Phase JP Nagar,451.0,1,0,29.9,0,1.0
Super built-up  Area,8th Phase JP Nagar,1240.0,3,2,43.5,0,3.0
Super built-up  Area,8th Phase JP Nagar,1062.0,2,1,42.47,1,2.0
Super built-up  Area,8th Phase JP Nagar,1230.0,2,2,43.5,0,3.0
Super built-up  Area,8th Phase JP Nagar,1455.0,3,2,73.31,0,3.0
Super built-up  Area,8th Phase JP Nagar,871.0,2,2,55.0,1,2.0
Super built-up  Area,8th Phase JP Nagar,1098.0,2,1,43.91,1,2.0
Super built-up  Area,8th Phase JP Nagar,1800.0,3,1,80.0,1,3.0
Built-up  Area,8th Phase JP Nagar,2700.0,4,2,130.0,1,4.0
Super built-up  Area,8th Phase JP Nagar,1080.0,2,2,38.0,0,2.0
Super built-up  Area,8th Phase JP Nagar,1059.0,2,2,34.5,0,2.0
Super built-up  Area,8th Phase JP Nagar,1080.0,2,2,35.0,0,2.0
Super built-up  Area,8th Phase JP Nagar,1275.0,2,2,41.5,0,3.0
Super built-up  Area,8th Phase JP Nagar,500.0,1,1,31.0,0,1.0
Super built-up  Area,8th Phase JP Nagar,1100.0,2,2,35.0,0,2.0
Super built-up  Area,8th Phase JP Nagar,2100.0,4,3,92.0,1,4.0
Super built-up  Area,8th Phase JP Nagar,1035.0,2,1,39.33,1,2.0
Super built-up  Area,8th Phase JP Nagar,909.0,2,1,40.9,1,2.0
Super built-up  Area,8th Phase JP Nagar,1431.5,3,0,72.02,0,3.0
Built-up  Area,8th Phase JP Nagar,1900.0,4,1,90.0,1,3.0
Super built-up  Area,8th Phase JP Nagar,500.0,1,1,30.0,0,1.0
Super built-up  Area,8th Phase JP Nagar,1125.0,2,2,36.94,0,2.0
Super built-up  Area,8th Phase JP Nagar,1200.0,3,2,110.0,1,4.0
Super built-up  Area,8th Phase JP Nagar,1100.0,2,3,35.0,1,2.0
Super built-up  Area,8th Phase JP Nagar,1089.0,2,1,43.55,1,2.0
Super built-up  Area,8th Phase JP Nagar,1605.0,2,2,65.0,1,3.0
Super built-up  Area,8th Phase JP Nagar,1504.0,2,2,83.0,1,3.0
Built-up  Area,8th Phase JP Nagar,2600.0,4,2,115.0,1,4.0
Super built-up  Area,8th Phase JP Nagar,1368.0,2,1,54.71,1,3.0
Super built-up  Area,8th Phase JP Nagar,1224.0,2,2,48.95,1,3.0
Super built-up  Area,8th Phase JP Nagar,1513.0,2,3,62.0,1,2.0
Built-up  Area,8th Phase JP Nagar,1298.0,2,1,59.0,1,2.0
Built-up  Area,8th Phase JP Nagar,1006.0,2,0,44.0,1,2.0
Carpet  Area,8th Phase JP Nagar,500.0,1,1,33.0,0,1.0
Super built-up  Area,8th Phase JP Nagar,1160.0,2,1,95.0,1,2.0
Super built-up  Area,8th Phase JP Nagar,1245.0,2,1,59.0,0,2.0
Super built-up  Area,8th Phase JP Nagar,1510.0,2,3,80.0,1,2.0
Super built-up  Area,8th Phase JP Nagar,3300.0,3,2,165.0,1,3.0
Built-up  Area,8th Phase JP Nagar,1730.0,5,2,75.0,1,5.0
Super built-up  Area,8th Phase JP Nagar,1296.0,2,2,51.83,1,3.0
Super built-up  Area,8th Phase JP Nagar,1275.0,3,2,45.0,0,3.0
Super built-up  Area,8th Phase JP Nagar,1046.0,2,1,48.0,0,2.0
Super built-up  Area,8th Phase JP Nagar,1269.0,2,3,50.75,1,3.0
Super built-up  Area,8th Phase JP Nagar,1408.0,3,2,80.0,0,3.0
Super built-up  Area,8th Phase JP Nagar,1500.0,2,3,55.0,1,3.0
Super built-up  Area,9th Phase JP Nagar,1005.0,2,1,50.0,1,2.0
Built-up  Area,9th Phase JP Nagar,1890.0,2,2,85.0,1,3.0
Super built-up  Area,9th Phase JP Nagar,1100.0,2,1,65.0,0,2.0
Super built-up  Area,9th Phase JP Nagar,1080.0,2,2,37.0,0,2.0
Built-up  Area,9th Phase JP Nagar,1035.0,2,1,45.0,1,2.0
Built-up  Area,9th Phase JP Nagar,5000.0,4,3,290.0,1,4.0
Built-up  Area,9th Phase JP Nagar,1164.0,2,1,56.0,1,2.0
Super built-up  Area,9th Phase JP Nagar,1005.0,2,1,42.0,1,2.0
Built-up  Area,9th Phase JP Nagar,3500.0,4,0,300.0,1,4.0
Super built-up  Area,9th Phase JP Nagar,1127.0,2,1,50.0,0,2.0
Super built-up  Area,9th Phase JP Nagar,1005.0,2,1,43.0,1,2.0
Built-up  Area,9th Phase JP Nagar,835.0,2,0,37.0,1,2.0
Super built-up  Area,9th Phase JP Nagar,1050.0,2,2,39.0,0,2.0
Super built-up  Area,9th Phase JP Nagar,660.0,2,0,27.0,1,2.0
Built-up  Area,9th Phase JP Nagar,600.0,1,0,20.0,1,1.0
Super built-up  Area,9th Phase JP Nagar,1466.0,2,2,71.0,0,2.0
Built-up  Area,9th Phase JP Nagar,1890.0,2,0,93.0,1,3.0
Super built-up  Area,9th Phase JP Nagar,1079.0,2,1,60.0,0,2.0
Super built-up  Area,9th Phase JP Nagar,1480.0,2,1,80.0,0,2.0
Plot  Area,9th Phase JP Nagar,1200.0,2,0,80.0,1,2.0
Super built-up  Area,9th Phase JP Nagar,905.0,2,1,32.0,1,2.0
Super built-up  Area,9th Phase JP Nagar,1073.0,2,1,52.36,0,2.0
Super built-up  Area,9th Phase JP Nagar,1719.3,2,2,88.0,1,3.0
Super built-up  Area,9th Phase JP Nagar,1780.0,3,2,88.0,0,3.0
Built-up  Area,9th Phase JP Nagar,1300.0,2,2,58.0,1,3.0
Super built-up  Area,9th Phase JP Nagar,1522.0,3,2,90.0,0,3.0
Super built-up  Area,9th Phase JP Nagar,1571.0,3,2,65.0,1,3.0
Built-up  Area,9th Phase JP Nagar,1900.0,4,2,80.0,1,4.0
Built-up  Area,9th Phase JP Nagar,890.0,2,2,45.0,1,2.0
Super built-up  Area,9th Phase JP Nagar,1240.0,2,2,39.89,0,3.0
Built-up  Area,9th Phase JP Nagar,5000.0,4,0,300.0,1,4.0
Super built-up  Area,9th Phase JP Nagar,1240.0,2,2,42.85,0,3.0
Super built-up  Area,9th Phase JP Nagar,1050.0,2,2,35.0,0,2.0
Super built-up  Area,9th Phase JP Nagar,1331.95,2,2,69.0,1,2.0
Super built-up  Area,AECS Layout,1100.0,2,3,45.0,1,2.0
Super built-up  Area,AECS Layout,1028.0,2,1,42.0,1,2.0
Super built-up  Area,AECS Layout,1199.0,2,2,65.0,1,2.0
Super built-up  Area,AECS Layout,1080.0,2,2,55.0,1,2.0
Super built-up  Area,AECS Layout,1123.0,2,2,64.0,1,2.0
Super built-up  Area,AECS Layout,1308.0,2,1,60.0,1,2.0
Super built-up  Area,AECS Layout,1005.0,2,1,55.0,1,2.0
Built-up  Area,AECS Layout,2000.0,3,1,90.0,1,3.0
Super built-up  Area,Abbigere,985.0,2,1,40.39,1,2.0
Built-up  Area,Abbigere,2200.0,6,2,68.0,1,6.0
Super built-up  Area,Abbigere,765.0,2,2,30.0,1,1.0
Super built-up  Area,Abbigere,880.0,2,1,35.0,0,2.0
Super built-up  Area,Abbigere,795.0,2,1,32.54,1,2.0
Super built-up  Area,Abbigere,1005.0,2,1,39.59,1,2.0
Super built-up  Area,Abbigere,734.0,1,0,19.82,0,1.0
Super built-up  Area,Abbigere,1260.0,2,1,45.0,0,3.0
Super built-up  Area,Abbigere,1020.0,2,1,41.82,1,2.0
Built-up  Area,Abbigere,2500.0,6,0,81.0,1,6.0
Super built-up  Area,Abbigere,1130.0,2,1,46.33,1,2.0
Super built-up  Area,Abbigere,795.0,1,1,32.6,1,2.0
Built-up  Area,Abbigere,3000.0,8,0,150.0,1,8.0
Super built-up  Area,Abbigere,985.0,2,1,38.92,1,2.0
Super built-up  Area,Abbigere,1000.0,2,1,41.0,1,2.0
Super built-up  Area,Abbigere,995.0,2,1,40.8,1,2.0
Super built-up  Area,Abbigere,1020.0,2,1,40.8,1,2.0
Super built-up  Area,Akshaya Nagar,1388.0,2,3,57.0,1,2.0
Super built-up  Area,Akshaya Nagar,1070.0,2,1,54.0,1,2.0
Built-up  Area,Akshaya Nagar,1280.0,2,0,58.0,1,2.0
Built-up  Area,Akshaya Nagar,1662.0,3,3,85.1,1,3.0
Super built-up  Area,Akshaya Nagar,1897.0,3,2,120.0,1,3.0
Super built-up  Area,Akshaya Nagar,1410.0,2,2,75.0,1,3.0
Super built-up  Area,Akshaya Nagar,1360.0,2,2,85.0,0,3.0
Super built-up  Area,Akshaya Nagar,1600.0,2,2,65.0,1,3.0
Super built-up  Area,Akshaya Nagar,1410.0,2,2,80.0,1,3.0
Built-up  Area,Akshaya Nagar,1662.0,3,2,85.0,1,3.0
Built-up  Area,Akshaya Nagar,1662.0,3,2,85.5,1,3.0
Built-up  Area,Akshaya Nagar,1280.0,2,1,60.0,1,2.0
Built-up  Area,Akshaya Nagar,1666.0,3,0,95.0,1,3.0
Super built-up  Area,Akshaya Nagar,1575.0,3,0,90.0,1,3.0
Super built-up  Area,Akshaya Nagar,1430.0,2,2,75.0,1,3.0
Built-up  Area,Akshaya Nagar,1419.0,2,3,73.0,1,3.0
Super built-up  Area,Akshaya Nagar,1280.0,2,1,60.0,1,2.0
Super built-up  Area,Akshaya Nagar,1200.0,2,1,50.0,1,2.0
Super built-up  Area,Akshaya Nagar,1092.0,2,1,60.0,0,2.0
Super built-up  Area,Akshaya Nagar,1690.0,3,2,85.0,1,3.0
Super built-up  Area,Akshaya Nagar,1700.0,3,1,80.0,1,3.0
Super built-up  Area,Akshaya Nagar,1897.0,4,2,93.0,1,3.0
Super built-up  Area,Akshaya Nagar,1884.0,3,3,98.0,1,3.0
Super built-up  Area,Akshaya Nagar,1314.0,2,2,68.8,1,2.0
Super built-up  Area,Akshaya Nagar,1265.0,2,3,67.0,1,2.0
Super built-up  Area,Akshaya Nagar,1126.0,2,1,55.0,1,2.0
Super built-up  Area,Akshaya Nagar,2300.0,4,3,102.0,1,3.0
Super built-up  Area,Akshaya Nagar,1662.0,3,0,90.0,1,3.0
Super built-up  Area,Akshaya Nagar,1420.0,2,2,75.0,1,3.0
Super built-up  Area,Akshaya Nagar,1412.0,2,3,88.0,1,3.0
Built-up  Area,Akshaya Nagar,1434.0,3,3,84.0,1,3.0
Super built-up  Area,Akshaya Nagar,1890.0,4,2,100.0,1,3.0
Built-up  Area,Akshaya Nagar,2650.0,3,2,125.0,1,3.0
Super built-up  Area,Akshaya Nagar,1419.0,2,3,87.0,1,3.0
Super built-up  Area,Akshaya Nagar,1300.0,2,1,54.0,1,2.0
Super built-up  Area,Akshaya Nagar,1113.0,2,1,52.0,1,2.0
Super built-up  Area,Akshaya Nagar,1820.0,4,2,95.0,1,3.0
Super built-up  Area,Akshaya Nagar,1100.0,2,2,48.0,1,2.0
Super built-up  Area,Akshaya Nagar,1896.0,3,2,102.0,1,3.0
Super built-up  Area,Akshaya Nagar,1300.0,2,2,66.0,1,2.0
Super built-up  Area,Akshaya Nagar,1225.0,2,0,68.0,1,2.0
Super built-up  Area,Akshaya Nagar,1179.0,2,1,51.0,1,2.0
Super built-up  Area,Akshaya Nagar,1421.0,2,2,73.0,1,3.0
Super built-up  Area,Akshaya Nagar,1893.0,4,2,95.0,1,3.0
Built-up  Area,Akshaya Nagar,900.0,2,1,45.0,1,2.0
Super built-up  Area,Ambalipura,1105.0,2,1,75.0,1,2.0
Super built-up  Area,Ambalipura,1800.0,3,3,110.0,1,3.0
Built-up  Area,Ambalipura,1150.0,2,2,80.0,1,2.0
Super built-up  Area,Ambalipura,1250.0,2,2,66.25,1,2.0
Super built-up  Area,Ambalipura,1332.0,2,1,79.0,1,2.0
Super built-up  Area,Ambalipura,1730.0,3,1,120.0,1,3.0
Built-up  Area,Ambalipura,3500.0,3,0,198.0,1,3.0
Super built-up  Area,Ambalipura,1230.0,2,2,66.25,1,2.0
Super built-up  Area,Ambalipura,1351.0,2,1,77.0,1,2.0
Built-up  Area,Ambalipura,2550.0,4,2,149.0,1,4.0
Built-up  Area,Ambalipura,1817.0,3,3,102.0,1,3.0
Super built-up  Area,Ambalipura,2750.0,4,0,142.0,1,4.0
Super built-up  Area,Ambalipura,1303.0,2,2,80.0,1,2.0
Super built-up  Area,Ambalipura,1607.0,2,2,112.0,1,3.0
Super built-up  Area,Ambalipura,770.0,1,2,43.82,1,1.0
Super built-up  Area,Ambalipura,1700.0,2,2,76.0,1,2.0
Super built-up  Area,Ambalipura,1060.0,2,1,58.5,1,2.0
Built-up  Area,Ambalipura,1650.0,3,3,100.0,1,3.0
Super built-up  Area,Ambalipura,1198.0,2,2,80.0,1,2.0
Super built-up  Area,Ambedkar Nagar,1935.0,4,2,130.0,1,3.0
Super built-up  Area,Ambedkar Nagar,1424.0,2,2,90.0,1,2.0
Super built-up  Area,Ambedkar Nagar,2225.0,4,2,169.0,1,3.0
Super built-up  Area,Ambedkar Nagar,1862.0,3,2,120.0,1,3.0
Super built-up  Area,Ambedkar Nagar,1850.0,4,3,139.0,1,3.0
Super built-up  Area,Ambedkar Nagar,1936.0,4,2,126.0,1,3.0
Super built-up  Area,Ambedkar Nagar,1862.0,3,2,119.0,1,3.0
Super built-up  Area,Ambedkar Nagar,2150.0,4,2,125.0,1,3.0
Built-up  Area,Ambedkar Nagar,3530.0,4,2,290.0,1,4.0
Super built-up  Area,Ambedkar Nagar,1856.0,3,1,120.0,1,3.0
Super built-up  Area,Ambedkar Nagar,1852.0,3,2,130.0,1,3.0
Super built-up  Area,Ambedkar Nagar,1850.0,4,2,120.0,1,3.0
Super built-up  Area,Ambedkar Nagar,1367.0,2,2,86.0,1,2.0
Plot  Area,Ambedkar Nagar,3565.0,4,3,255.0,0,4.0
Super built-up  Area,Ambedkar Nagar,1409.0,2,2,95.0,1,2.0
Super built-up  Area,Ambedkar Nagar,1950.0,4,2,120.0,1,3.0
Super built-up  Area,Ambedkar Nagar,1921.0,4,3,129.0,1,3.0
Super built-up  Area,Ambedkar Nagar,1920.0,4,2,121.0,1,3.0
Super built-up  Area,Ambedkar Nagar,1935.0,4,2,125.0,1,3.0
Super built-up  Area,Ambedkar Nagar,1852.0,4,2,122.0,1,3.0
Super built-up  Area,Ambedkar Nagar,1852.0,3,2,125.0,1,3.0
Super built-up  Area,Ambedkar Nagar,1850.0,4,2,121.0,1,3.0
Super built-up  Area,Ambedkar Nagar,1425.0,2,1,94.0,1,2.0
Built-up  Area,Ambedkar Nagar,2395.0,4,2,150.0,1,3.0
Super built-up  Area,Amruthahalli,900.0,2,1,40.0,1,2.0
Super built-up  Area,Amruthahalli,1200.0,2,2,55.0,1,2.0
Built-up  Area,Amruthahalli,1900.0,3,1,135.0,1,3.0
Built-up  Area,Amruthahalli,924.0,2,1,45.0,1,2.0
Carpet  Area,Amruthahalli,900.0,2,1,60.0,1,2.0
Built-up  Area,Amruthahalli,1100.0,2,1,45.0,1,2.0
Super built-up  Area,Amruthahalli,1200.0,2,1,55.0,1,2.0
Super built-up  Area,Amruthahalli,1350.0,2,3,63.0,1,3.0
Built-up  Area,Amruthahalli,1605.0,3,2,65.0,1,3.0
Super built-up  Area,Amruthahalli,1700.0,3,2,77.0,1,3.0
Super built-up  Area,Amruthahalli,1450.0,2,1,85.0,1,3.0
Super built-up  Area,Amruthahalli,1250.0,2,2,79.0,1,2.0
Super built-up  Area,Amruthahalli,1190.0,2,2,50.0,1,2.0
Super built-up  Area,Amruthahalli,1202.0,2,1,65.0,1,2.0
Super built-up  Area,Amruthahalli,1340.0,2,1,75.0,1,2.0
Super built-up  Area,Amruthahalli,2650.0,4,0,175.0,1,3.0
Built-up  Area,Amruthahalli,1450.0,2,1,90.0,1,3.0
Super built-up  Area,Amruthahalli,1025.0,2,1,42.0,1,2.0
Built-up  Area,Amruthahalli,485.0,1,1,19.5,1,1.0
Super built-up  Area,Anandapura,1167.0,2,1,43.76,0,2.0
Plot  Area,Anandapura,1000.0,2,1,55.0,0,2.0
Super built-up  Area,Anandapura,1141.0,2,1,42.79,0,2.0
Super built-up  Area,Anandapura,1576.0,3,2,59.1,0,3.0
Plot  Area,Anandapura,1200.0,2,1,67.0,1,2.0
Plot  Area,Anandapura,1200.0,2,1,58.0,1,2.0
Super built-up  Area,Anandapura,1151.0,2,1,43.1,1,2.0
Super built-up  Area,Anandapura,1141.0,2,1,42.75,1,2.0
Plot  Area,Anandapura,900.0,2,0,48.0,1,2.0
Plot  Area,Anandapura,1749.0,4,0,90.0,1,4.0
Super built-up  Area,Anandapura,1151.0,2,1,42.9,1,2.0
Super built-up  Area,Anandapura,1576.0,3,2,58.0,1,3.0
Built-up  Area,Anandapura,1250.0,2,2,45.0,1,2.0
Plot  Area,Anandapura,875.0,2,1,57.0,1,2.0
Super built-up  Area,Anandapura,1151.0,2,1,43.16,0,2.0
Built-up  Area,Anandapura,1200.0,2,0,58.0,1,2.0
Plot  Area,Anandapura,1200.0,2,0,66.0,1,3.0
Plot  Area,Anandapura,1415.0,2,1,74.0,1,3.0
Super built-up  Area,Anandapura,1200.0,2,1,50.0,1,2.0
Super built-up  Area,Anandapura,1141.0,2,1,50.0,1,2.0
Super built-up  Area,Anandapura,1576.0,3,2,58.7,1,3.0
Super built-up  Area,Ananth Nagar,500.0,1,1,14.0,0,1.0
Super built-up  Area,Ananth Nagar,1100.0,2,2,31.5,1,2.0
Super built-up  Area,Ananth Nagar,982.0,2,2,24.55,0,2.0
Super built-up  Area,Ananth Nagar,500.0,2,2,14.0,0,1.0
Super built-up  Area,Ananth Nagar,900.0,2,2,22.5,0,2.0
Super built-up  Area,Ananth Nagar,908.0,2,1,26.0,1,2.0
Super built-up  Area,Ananth Nagar,870.0,2,2,36.0,1,2.0
Super built-up  Area,Ananth Nagar,937.0,2,1,35.0,1,2.0
Built-up  Area,Ananth Nagar,960.0,2,3,37.0,1,2.0
Super built-up  Area,Ananth Nagar,1000.0,2,1,29.7,0,2.0
Built-up  Area,Ananth Nagar,850.0,2,1,25.99,1,2.0
Super built-up  Area,Ananth Nagar,902.0,2,1,25.26,1,2.0
Built-up  Area,Ananth Nagar,1470.0,3,2,54.0,1,3.0
Built-up  Area,Ananth Nagar,810.0,2,1,25.5,1,2.0
Super built-up  Area,Ananth Nagar,890.0,2,1,27.0,1,2.0
Super built-up  Area,Ananth Nagar,1200.0,2,1,36.0,0,2.0
Super built-up  Area,Ananth Nagar,1319.0,3,1,37.75,1,3.0
Super built-up  Area,Ananth Nagar,1319.0,3,1,42.0,1,3.0
Super built-up  Area,Ananth Nagar,1000.0,2,3,25.0,0,2.0
Super built-up  Area,Ananth Nagar,902.0,2,2,25.0,1,2.0
Super built-up  Area,Ananth Nagar,930.0,2,1,25.99,1,2.0
Super built-up  Area,Ananth Nagar,1074.0,2,2,26.85,0,2.0
Super built-up  Area,Ananth Nagar,1010.0,2,2,38.0,1,2.0
Super built-up  Area,Ananth Nagar,992.0,2,2,24.8,0,2.0
Plot  Area,Anekal,1200.0,1,1,36.0,0,2.0
Super built-up  Area,Anekal,656.0,2,1,22.0,1,2.0
Super built-up  Area,Anekal,620.0,2,1,22.0,1,2.0
Super built-up  Area,Anekal,600.0,1,1,16.5,1,1.0
Super built-up  Area,Anekal,925.0,2,1,40.0,1,2.0
Super built-up  Area,Anekal,530.0,1,1,18.0,0,1.0
Plot  Area,Anekal,1800.0,3,2,68.0,1,3.0
Built-up  Area,Anekal,351.0,1,1,16.0,1,1.0
Super built-up  Area,Anekal,1035.0,2,2,38.3,1,2.0
Super built-up  Area,Anekal,888.0,2,1,34.0,1,2.0
Plot  Area,Anekal,1200.0,2,1,36.1,0,2.0
Built-up  Area,Anekal,700.0,1,0,19.4,1,2.0
Plot  Area,Anekal,1200.0,2,1,36.0,1,4.0
Super built-up  Area,Anekal,766.0,2,2,28.0,1,2.0
Built-up  Area,Anekal,967.0,2,1,45.0,1,3.0
Built-up  Area,Anekal,620.0,1,1,23.5,1,2.0
Super built-up  Area,Anekal,1150.0,3,2,45.0,1,3.0
Built-up  Area,Anekal,400.0,1,1,11.5,1,1.0
Super built-up  Area,Anekal,456.0,1,1,15.0,1,1.0
Plot  Area,Anekal,2400.0,4,0,95.0,1,3.0
Super built-up  Area,Anekal,680.0,1,1,21.0,1,2.0
Built-up  Area,Anekal,420.0,1,1,12.5,1,1.0
Super built-up  Area,Anekal,614.0,1,1,28.0,1,2.0
Super built-up  Area,Anekal,1140.0,2,2,52.0,0,2.0
Super built-up  Area,Anekal,625.0,1,1,25.0,0,2.0
Built-up  Area,Anjanapura,1850.0,4,2,86.0,1,4.0
Super built-up  Area,Anjanapura,1070.0,2,2,39.0,0,2.0
Plot  Area,Anjanapura,1500.0,3,1,121.0,0,3.0
Super built-up  Area,Anjanapura,1070.0,2,2,37.0,0,2.0
Super built-up  Area,Anjanapura,950.0,2,1,40.0,1,2.0
Built-up  Area,Anjanapura,1280.0,2,2,45.0,1,3.0
Super built-up  Area,Anjanapura,710.0,2,0,25.0,1,2.0
Super built-up  Area,Anjanapura,1347.0,2,1,37.72,0,3.0
Built-up  Area,Anjanapura,950.0,2,0,32.0,1,2.0
Super built-up  Area,Anjanapura,1800.0,4,2,55.0,1,4.0
Super built-up  Area,Anjanapura,1843.0,3,1,87.54,1,3.0
Super built-up  Area,Anjanapura,1076.0,2,1,30.13,0,2.0
Built-up  Area,Anjanapura,950.0,2,0,30.0,1,2.0
Super built-up  Area,Ardendale,1750.0,3,2,100.0,1,3.0
Built-up  Area,Ardendale,3198.0,4,3,200.0,1,4.0
Super built-up  Area,Ardendale,2422.0,4,2,160.0,1,4.0
Super built-up  Area,Ardendale,1750.0,3,3,100.0,1,3.0
Plot  Area,Ardendale,3200.0,4,1,205.0,1,4.0
Super built-up  Area,Ardendale,1728.0,3,2,95.0,1,3.0
Super built-up  Area,Ardendale,2062.0,3,0,140.0,1,4.0
Super built-up  Area,Ardendale,1732.46,3,2,92.0,1,3.0
Super built-up  Area,Ardendale,2062.0,3,0,150.0,1,4.0
Built-up  Area,Ardendale,2800.0,4,0,140.0,1,4.0
Super built-up  Area,Ardendale,1224.0,2,2,70.0,1,2.0
Super built-up  Area,Ardendale,1777.26,3,2,105.0,1,3.0
Super built-up  Area,Ardendale,1650.0,3,3,82.0,1,3.0
Built-up  Area,Ardendale,1650.0,3,3,82.0,1,3.0
Super built-up  Area,Ardendale,1224.0,2,2,67.0,1,2.0
Super built-up  Area,Ardendale,1723.0,3,2,95.0,1,3.0
Super built-up  Area,Ardendale,1777.26,3,2,89.0,1,3.0
Super built-up  Area,Ardendale,1777.26,3,2,92.0,1,3.0
Super built-up  Area,Arekere,1222.0,2,2,45.0,1,2.0
Super built-up  Area,Arekere,2060.0,3,2,140.0,1,3.0
Built-up  Area,Arekere,920.0,2,1,40.0,1,2.0
Built-up  Area,Arekere,1740.0,2,0,95.0,1,3.0
Built-up  Area,Arekere,1190.0,2,2,55.0,1,2.0
Built-up  Area,Arekere,600.0,1,1,28.0,1,1.0
Super built-up  Area,Arekere,2072.0,3,2,108.0,0,3.0
Super built-up  Area,Arekere,1100.0,2,2,55.0,1,2.0
Super built-up  Area,Arekere,1445.0,2,2,125.0,1,3.0
Super built-up  Area,Arekere,900.0,2,3,50.0,1,2.0
Super built-up  Area,Arekere,2060.0,3,2,150.0,1,3.0
Super built-up  Area,Arekere,2710.0,6,2,142.0,0,4.0
Plot  Area,Arekere,2400.0,3,1,180.0,1,3.0
Super built-up  Area,Arekere,1240.0,2,2,60.0,1,2.0
Super built-up  Area,Arekere,900.0,2,1,44.5,1,2.0
Super built-up  Area,Attibele,450.0,1,1,11.0,1,1.0
Built-up  Area,Attibele,1600.0,4,0,52.8,1,4.0
Built-up  Area,Attibele,656.0,2,1,25.0,1,2.0
Built-up  Area,Attibele,400.0,1,1,11.0,1,1.0
Built-up  Area,Attibele,400.0,1,1,12.0,1,1.0
Built-up  Area,Attibele,400.0,1,1,14.0,1,1.0
Super built-up  Area,Attibele,500.0,1,1,17.0,1,1.0
Plot  Area,Attibele,2168.0,4,2,95.0,1,4.0
Built-up  Area,Attibele,395.0,1,1,10.25,1,1.0
Built-up  Area,Attibele,420.0,1,1,17.0,1,1.0
Super built-up  Area,Attibele,1639.0,2,1,40.98,1,3.0
Built-up  Area,Attibele,418.0,1,1,12.0,1,1.0
Built-up  Area,Attibele,1200.0,2,2,42.0,1,2.0
Super built-up  Area,Attibele,400.0,1,1,10.0,1,1.0
Super built-up  Area,Attibele,695.0,1,1,25.0,1,2.0
Super built-up  Area,Attibele,850.0,1,1,25.0,1,2.0
Built-up  Area,Attibele,2400.0,3,3,120.0,1,3.0
Built-up  Area,Attibele,450.0,1,1,12.5,1,1.0
Super built-up  Area,Attibele,995.0,1,1,24.88,1,2.0
Super built-up  Area,Attibele,900.0,1,1,25.0,0,2.0
Super built-up  Area,Attibele,1174.0,2,1,29.35,1,2.0
Super built-up  Area,Attibele,782.0,1,0,19.55,1,1.0
Super built-up  Area,Attibele,1175.0,2,1,29.38,1,2.0
Super built-up  Area,Attibele,656.0,2,1,25.0,1,2.0
Built-up  Area,Attibele,400.0,1,1,11.5,1,1.0
Carpet  Area,Attibele,460.0,1,1,13.0,1,1.0
Super built-up  Area,Attibele,418.0,2,1,11.5,1,1.0
Plot  Area,Attibele,1000.0,2,1,42.0,0,2.0
Super built-up  Area,Attibele,550.0,1,1,11.5,1,1.0
Super built-up  Area,Attibele,996.0,2,1,24.9,1,2.0
Built-up  Area,Attibele,410.0,1,1,10.0,1,1.0
Plot  Area,Attibele,1700.0,3,1,65.0,1,3.0
Super built-up  Area,Attibele,400.0,1,1,10.25,1,1.0
Plot  Area,Attibele,1500.0,3,2,90.0,1,3.0
Built-up  Area,Attibele,520.0,1,1,15.0,1,1.0
Super built-up  Area,BEML Layout,1060.0,2,1,55.0,1,2.0
Super built-up  Area,BEML Layout,2000.0,3,2,85.0,1,3.0
Built-up  Area,BEML Layout,999.0,2,3,45.0,1,2.0
Plot  Area,BEML Layout,2400.0,4,1,225.0,1,5.0
Super built-up  Area,BEML Layout,2000.0,2,2,85.0,1,3.0
Super built-up  Area,BEML Layout,1194.0,2,1,65.0,1,2.0
Super built-up  Area,BEML Layout,1200.0,2,2,67.0,1,2.0
Plot  Area,BEML Layout,2400.0,2,1,228.0,1,2.0
Plot  Area,BTM 2nd Stage,1260.0,5,1,185.0,1,3.0
Carpet  Area,BTM 2nd Stage,950.0,2,1,52.0,1,2.0
Built-up  Area,BTM 2nd Stage,1850.0,3,0,170.0,1,3.0
Super built-up  Area,BTM 2nd Stage,1200.0,2,2,80.0,1,2.0
Super built-up  Area,BTM 2nd Stage,1274.0,2,2,70.0,1,2.0
Super built-up  Area,BTM 2nd Stage,1250.0,3,1,50.0,0,3.0
Super built-up  Area,BTM 2nd Stage,1070.0,2,1,48.0,1,2.0
Built-up  Area,BTM 2nd Stage,1280.0,2,2,80.0,1,2.0
Built-up  Area,BTM 2nd Stage,1100.0,2,2,70.0,1,2.0
Super built-up  Area,BTM 2nd Stage,1000.0,2,2,58.0,1,2.0
Plot  Area,BTM 2nd Stage,2990.0,5,3,416.0,1,5.0
Super built-up  Area,BTM 2nd Stage,1265.0,2,2,55.0,1,2.0
Super built-up  Area,BTM 2nd Stage,2200.0,3,3,220.0,1,3.0
Super built-up  Area,BTM 2nd Stage,2780.0,4,1,325.0,1,3.0
Plot  Area,BTM 2nd Stage,2400.0,2,0,360.0,1,3.0
Super built-up  Area,BTM 2nd Stage,965.0,2,2,56.0,1,2.0
Super built-up  Area,BTM 2nd Stage,1147.0,2,1,75.0,1,2.0
Built-up  Area,BTM 2nd Stage,1750.0,3,3,172.0,1,3.0
Super built-up  Area,BTM 2nd Stage,1400.0,2,3,90.0,1,2.0
Super built-up  Area,BTM 2nd Stage,1200.0,2,2,70.0,1,2.0
Super built-up  Area,BTM 2nd Stage,1100.0,2,2,47.0,1,2.0
Super built-up  Area,BTM 2nd Stage,930.0,2,2,46.0,1,2.0
Super built-up  Area,BTM 2nd Stage,1265.0,2,3,55.0,1,3.0
Super built-up  Area,BTM 2nd Stage,2500.0,3,2,345.0,1,3.0
Super built-up  Area,BTM Layout,1150.0,2,2,63.0,1,2.0
Built-up  Area,BTM Layout,3300.0,6,3,165.0,1,6.0
Built-up  Area,BTM Layout,1450.0,2,2,81.0,1,3.0
Super built-up  Area,BTM Layout,1776.0,2,3,75.0,1,3.0
Super built-up  Area,BTM Layout,1458.0,3,2,79.0,1,3.0
Built-up  Area,BTM Layout,935.0,2,1,51.5,1,2.0
Super built-up  Area,BTM Layout,1020.0,2,1,46.5,1,2.0
Super built-up  Area,BTM Layout,1600.0,3,2,112.0,1,3.0
Built-up  Area,BTM Layout,1300.0,2,1,75.0,1,3.0
Built-up  Area,BTM Layout,1540.0,2,2,78.0,1,3.0
Super built-up  Area,BTM Layout,450.0,1,1,20.0,1,1.0
Built-up  Area,BTM Layout,2400.0,3,2,220.0,1,3.0
Super built-up  Area,BTM Layout,1196.0,2,2,56.81,1,2.0
Super built-up  Area,BTM Layout,1470.0,2,2,99.0,1,3.0
Super built-up  Area,Babusapalaya,1358.0,2,1,43.4,1,3.0
Super built-up  Area,Babusapalaya,1213.0,2,2,41.39,0,3.0
Super built-up  Area,Babusapalaya,1611.0,2,2,66.0,1,3.0
Super built-up  Area,Babusapalaya,1167.0,2,2,39.98,0,3.0
Super built-up  Area,Babusapalaya,1675.0,3,3,75.0,1,3.0
Super built-up  Area,Babusapalaya,1141.0,2,1,46.0,1,2.0
Super built-up  Area,Babusapalaya,1084.0,2,1,58.0,1,2.0
Built-up  Area,Babusapalaya,1500.0,2,2,57.0,1,2.0
Built-up  Area,Babusapalaya,1453.0,2,2,43.59,1,3.0
Super built-up  Area,Babusapalaya,1050.0,2,3,45.0,1,2.0
Super built-up  Area,Babusapalaya,1141.0,2,1,45.9,1,2.0
Super built-up  Area,Babusapalaya,1358.0,2,1,43.1,1,3.0
Super built-up  Area,Babusapalaya,1230.0,3,3,53.0,1,3.0
Built-up  Area,Babusapalaya,1105.0,2,1,40.0,1,2.0
Super built-up  Area,Babusapalaya,1410.0,2,3,65.0,1,3.0
Built-up  Area,Babusapalaya,1305.0,2,1,70.0,1,2.0
Super built-up  Area,Babusapalaya,1450.0,2,1,55.99,1,2.0
Super built-up  Area,Babusapalaya,1100.0,2,2,38.0,1,2.0
Super built-up  Area,Babusapalaya,1213.0,2,1,36.37,0,3.0
Super built-up  Area,Babusapalaya,1061.0,2,1,33.84,1,2.0
Super built-up  Area,Babusapalaya,1061.0,2,1,38.95,0,2.0
Super built-up  Area,Babusapalaya,1061.0,2,1,34.0,1,2.0
Super built-up  Area,Babusapalaya,1245.0,2,2,58.0,1,2.0
Super built-up  Area,Badavala Nagar,1494.0,2,2,94.55,0,3.0
Super built-up  Area,Badavala Nagar,1274.0,2,1,81.0,0,2.0
Super built-up  Area,Badavala Nagar,1842.0,3,2,115.0,0,3.0
Super built-up  Area,Badavala Nagar,1494.0,2,2,94.55,1,3.0
Super built-up  Area,Balagere,1210.0,2,1,80.9,1,2.0
Super built-up  Area,Balagere,1210.0,2,1,72.0,1,2.0
Super built-up  Area,Balagere,1205.0,2,1,78.5,1,2.0
Super built-up  Area,Balagere,790.5,1,0,41.9,0,1.0
Super built-up  Area,Balagere,1145.0,2,2,65.0,0,2.0
Super built-up  Area,Balagere,1012.0,2,1,54.59,0,2.0
Super built-up  Area,Balagere,1020.07,2,1,68.38,0,2.0
Super built-up  Area,Balagere,1205.47,2,1,81.0,0,2.0
Super built-up  Area,Balagere,1007.0,2,1,65.0,0,2.0
Super built-up  Area,Balagere,1205.0,2,1,70.0,0,2.0
Super built-up  Area,Balagere,1210.0,2,1,74.0,0,2.0
Super built-up  Area,Balagere,1210.0,2,1,83.0,1,2.0
Built-up  Area,Balagere,675.0,1,1,45.0,0,1.0
Super built-up  Area,Balagere,656.0,1,1,43.0,1,1.0
Super built-up  Area,Balagere,1012.0,2,1,64.0,0,2.0
Super built-up  Area,Balagere,1007.0,2,1,62.0,1,2.0
Built-up  Area,Balagere,1007.0,2,1,67.0,1,2.0
Super built-up  Area,Balagere,1007.0,2,1,66.0,1,2.0
Super built-up  Area,Balagere,1205.0,2,1,63.86,0,2.0
Super built-up  Area,Balagere,1012.0,2,1,53.58,0,2.0
Super built-up  Area,Balagere,645.0,1,1,34.18,0,1.0
Super built-up  Area,Balagere,1007.0,2,1,53.0,0,2.0
Super built-up  Area,Balagere,1210.0,2,1,69.0,0,2.0
Super built-up  Area,Balagere,790.5,1,0,42.295,0,1.0
Super built-up  Area,Balagere,1012.0,2,1,65.0,0,2.0
Super built-up  Area,Balagere,656.0,1,1,38.77,0,1.0
Super built-up  Area,Balagere,645.0,1,1,39.0,0,1.0
Built-up  Area,Balagere,645.0,1,1,41.0,0,1.0
Super built-up  Area,Balagere,1210.0,2,1,82.0,0,2.0
Super built-up  Area,Balagere,656.0,1,1,34.77,0,1.0
Super built-up  Area,Balagere,1205.0,2,1,73.87,0,2.0
Super built-up  Area,Balagere,1012.0,2,1,70.0,0,2.0
Super built-up  Area,Balagere,1007.0,2,1,68.0,0,2.0
Super built-up  Area,Balagere,1205.0,2,1,67.0,0,2.0
Super built-up  Area,Balagere,1205.0,2,1,79.0,1,2.0
Built-up  Area,Balagere,1012.0,2,1,68.0,1,2.0
Super built-up  Area,Banashankari,1200.0,2,2,42.0,1,3.0
Super built-up  Area,Banashankari,1077.0,2,2,37.64,1,2.0
Super built-up  Area,Banashankari,1470.0,2,1,88.64,0,3.0
Built-up  Area,Banashankari,1300.0,2,2,75.0,1,3.0
Super built-up  Area,Banashankari,1800.0,3,2,115.0,1,3.0
Built-up  Area,Banashankari,1125.0,2,1,63.0,1,2.0
Super built-up  Area,Banashankari,1340.0,2,3,53.6,1,3.0
Super built-up  Area,Banashankari,1310.0,2,2,80.0,0,2.0
Super built-up  Area,Banashankari,2600.0,4,1,135.0,0,3.0
Super built-up  Area,Banashankari,1900.0,2,1,170.0,1,3.0
Super built-up  Area,Banashankari,1260.0,2,3,75.0,1,2.0
Super built-up  Area,Banashankari,1170.0,2,2,46.79,1,2.0
Super built-up  Area,Banashankari,2500.0,4,3,95.0,0,4.0
Built-up  Area,Banashankari,1350.0,2,0,83.0,1,3.0
Super built-up  Area,Banashankari,1425.0,3,3,49.88,1,3.0
Super built-up  Area,Banashankari,1330.0,2,1,78.0,1,2.0
Super built-up  Area,Banashankari,1400.0,2,1,78.0,1,3.0
Super built-up  Area,Banashankari,1700.0,3,2,125.0,1,3.0
Super built-up  Area,Banashankari,1020.0,2,2,40.79,1,2.0
Super built-up  Area,Banashankari,1600.0,2,1,63.98,1,2.0
Super built-up  Area,Banashankari,1041.0,2,1,36.44,1,2.0
Super built-up  Area,Banashankari,3580.0,3,1,411.0,0,3.0
Super built-up  Area,Banashankari,2400.0,1,1,200.0,1,1.0
Super built-up  Area,Banashankari,1390.0,2,2,86.0,1,2.0
Super built-up  Area,Banashankari,1460.0,2,3,70.0,1,2.0
Super built-up  Area,Banashankari,1200.0,2,1,60.0,1,2.0
Super built-up  Area,Banashankari,1290.0,2,2,80.0,1,2.0
Super built-up  Area,Banashankari,2582.0,5,2,250.0,1,3.0
Built-up  Area,Banashankari,1186.0,2,3,65.0,1,2.0
Super built-up  Area,Banashankari,1650.0,3,2,101.0,1,3.0
Built-up  Area,Banashankari,1300.0,2,2,55.0,1,3.0
Super built-up  Area,Banashankari,1181.0,2,1,75.0,1,2.0
Super built-up  Area,Banashankari,1105.0,2,2,90.0,1,2.0
Super built-up  Area,Banashankari,720.0,1,1,60.0,1,1.0
Super built-up  Area,Banashankari,1040.0,2,3,45.0,1,2.0
Super built-up  Area,Banashankari,1330.0,2,2,77.0,1,2.0
Super built-up  Area,Banashankari,1200.0,2,3,49.0,1,2.0
Super built-up  Area,Banashankari,1185.0,2,2,67.0,1,2.0
Super built-up  Area,Banashankari,1000.0,2,1,50.0,0,2.0
Super built-up  Area,Banashankari,1650.0,3,2,90.75,0,3.0
Super built-up  Area,Banashankari,1650.0,3,2,101.0,0,3.0
Super built-up  Area,Banashankari,1310.0,2,2,80.43,1,2.0
Built-up  Area,Banashankari,600.0,1,0,27.0,1,2.0
Super built-up  Area,Banashankari,1430.0,2,2,87.8,0,2.0
Super built-up  Area,Banashankari,1020.0,2,1,42.83,1,2.0
Super built-up  Area,Banashankari,1372.0,2,2,48.02,1,3.0
Built-up  Area,Banashankari,1540.0,3,3,80.0,1,3.0
Super built-up  Area,Banashankari,1195.0,2,1,35.84,1,2.0
Super built-up  Area,Banashankari,1683.0,3,2,115.0,1,3.0
Built-up  Area,Banashankari,1800.0,3,2,125.0,1,3.0
Super built-up  Area,Banashankari,1175.0,2,1,41.13,1,2.0
Super built-up  Area,Banashankari,1750.0,2,2,89.0,1,3.0
Super built-up  Area,Banashankari,1800.0,3,2,175.0,1,3.0
Super built-up  Area,Banashankari,1450.0,2,2,50.75,1,2.0
Super built-up  Area,Banashankari,1770.0,3,3,108.0,0,3.0
Super built-up  Area,Banashankari,1800.0,3,2,125.0,1,3.0
Super built-up  Area,Banashankari,1886.0,3,2,205.0,1,3.0
Super built-up  Area,Banashankari,1420.0,3,1,66.0,0,3.0
Super built-up  Area,Banashankari,1200.0,3,2,74.52,0,3.0
Super built-up  Area,Banashankari,1100.0,2,1,63.0,1,2.0
Plot  Area,Banashankari,1040.0,2,1,109.0,1,3.0
Super built-up  Area,Banashankari,1340.0,2,2,53.6,1,3.0
Super built-up  Area,Banashankari,1426.0,3,2,85.0,1,3.0
Super built-up  Area,Banashankari Stage II,1700.0,2,2,150.0,1,2.0
Plot  Area,Banashankari Stage II,1200.0,2,1,150.0,1,4.0
Super built-up  Area,Banashankari Stage II,1500.0,2,1,120.0,1,3.0
Plot  Area,Banashankari Stage II,2400.0,3,2,510.0,1,5.0
Super built-up  Area,Banashankari Stage II,1240.0,2,2,59.52,1,3.0
Built-up  Area,Banashankari Stage II,1250.0,2,2,110.0,1,2.0
Super built-up  Area,Banashankari Stage II,1260.0,2,1,95.0,1,3.0
Plot  Area,Banashankari Stage II,2400.0,2,2,300.0,1,3.0
Super built-up  Area,Banashankari Stage II,1400.0,2,1,100.0,1,2.0
Super built-up  Area,Banashankari Stage II,2800.0,3,2,425.0,1,5.0
Built-up  Area,Banashankari Stage II,3000.0,3,2,450.0,1,3.0
Built-up  Area,Banashankari Stage II,1200.0,2,1,198.0,1,3.0
Super built-up  Area,Banashankari Stage II,1245.0,2,1,125.0,1,2.0
Super built-up  Area,Banashankari Stage III,1305.0,2,1,58.7,0,3.0
Super built-up  Area,Banashankari Stage III,1145.0,2,3,58.4,0,2.0
Super built-up  Area,Banashankari Stage III,1650.0,3,2,118.0,0,3.0
Plot  Area,Banashankari Stage III,2400.0,4,1,240.0,1,4.0
Super built-up  Area,Banashankari Stage III,1350.0,2,2,68.0,1,3.0
Built-up  Area,Banashankari Stage III,2000.0,4,0,100.0,1,4.0
Super built-up  Area,Banashankari Stage III,1305.0,2,1,59.0,1,3.0
Super built-up  Area,Banashankari Stage III,1305.0,2,1,60.0,1,3.0
Super built-up  Area,Banashankari Stage III,1200.0,2,0,42.0,1,2.0
Super built-up  Area,Banashankari Stage III,1480.0,3,1,75.48,0,3.0
Built-up  Area,Banashankari Stage III,1304.0,2,0,111.0,0,2.0
Plot  Area,Banashankari Stage III,1200.0,6,2,170.0,1,4.0
Built-up  Area,Banashankari Stage III,1000.0,2,1,120.0,1,3.0
Built-up  Area,Banashankari Stage III,3000.0,6,2,150.0,1,6.0
Super built-up  Area,Banashankari Stage III,1085.0,2,1,50.0,1,2.0
Super built-up  Area,Banashankari Stage III,1500.0,2,2,100.0,0,3.0
Plot  Area,Banashankari Stage III,1350.0,1,1,145.0,1,1.0
Built-up  Area,Banashankari Stage III,2100.0,3,1,147.0,1,4.0
Super built-up  Area,Banashankari Stage III,1420.0,2,2,95.0,1,3.0
Super built-up  Area,Banashankari Stage V,1300.0,2,1,58.5,1,3.0
Super built-up  Area,Banashankari Stage V,1305.0,2,2,49.0,1,3.0
Super built-up  Area,Banashankari Stage V,1035.0,2,2,35.77,1,2.0
Super built-up  Area,Banashankari Stage V,1355.0,2,1,61.0,1,3.0
Super built-up  Area,Banashankari Stage V,1510.0,3,3,47.57,1,3.0
Super built-up  Area,Banashankari Stage V,1650.0,3,2,51.98,0,3.0
Super built-up  Area,Banashankari Stage V,1630.0,3,2,51.35,0,3.0
Super built-up  Area,Banashankari Stage V,1510.0,3,3,47.57,0,3.0
Super built-up  Area,Banashankari Stage V,1315.0,2,2,49.0,1,3.0
Super built-up  Area,Banashankari Stage V,1540.0,3,2,48.51,0,3.0
Super built-up  Area,Banashankari Stage V,920.0,2,1,41.5,1,2.0
Super built-up  Area,Banashankari Stage VI,1177.5,2,0,59.935,0,2.0
Built-up  Area,Banashankari Stage VI,4800.0,4,3,190.0,1,4.0
Plot  Area,Banashankari Stage VI,2200.0,4,2,195.0,1,4.0
Super built-up  Area,Banashankari Stage VI,1160.0,2,1,59.0,0,2.0
Super built-up  Area,Banashankari Stage VI,1180.0,2,1,59.47,0,2.0
Super built-up  Area,Banashankari Stage VI,1423.0,2,1,71.73,0,3.0
Super built-up  Area,Banashankari Stage VI,1392.0,3,1,69.46,0,3.0
Super built-up  Area,Banashankari Stage VI,1410.5,2,0,70.385,0,3.0
Plot  Area,Banashankari Stage VI,4800.0,3,2,200.0,1,4.0
Super built-up  Area,Banaswadi,1184.0,2,3,53.0,1,2.0
Super built-up  Area,Banaswadi,1145.0,2,2,55.0,1,2.0
Super built-up  Area,Banaswadi,1250.0,2,0,60.0,1,2.0
Super built-up  Area,Banaswadi,1365.0,2,2,73.0,1,2.0
Plot  Area,Banaswadi,1903.0,6,2,140.0,1,5.0
Super built-up  Area,Banaswadi,1222.0,2,2,80.0,1,2.0
Super built-up  Area,Banaswadi,870.0,2,2,38.0,1,2.0
Super built-up  Area,Banaswadi,1200.0,2,3,60.0,1,2.0
Super built-up  Area,Banaswadi,1600.0,3,2,74.5,1,3.0
Super built-up  Area,Banaswadi,527.0,1,0,35.0,1,1.0
Super built-up  Area,Banaswadi,1340.0,2,2,73.0,1,2.0
Super built-up  Area,Banaswadi,1008.0,2,2,52.0,1,2.0
Plot  Area,Banaswadi,2250.0,5,0,240.0,1,5.0
Built-up  Area,Banaswadi,1105.0,2,2,57.0,1,2.0
Plot  Area,Banjara Layout,1200.0,2,2,70.0,1,2.0
Built-up  Area,Banjara Layout,1050.0,2,1,64.8,1,2.0
Plot  Area,Banjara Layout,753.0,3,3,59.5,1,2.0
Plot  Area,Banjara Layout,900.0,3,1,79.0,1,3.0
Plot  Area,Banjara Layout,2500.0,4,0,140.0,1,3.0
Plot  Area,Banjara Layout,1200.0,4,1,105.0,0,4.0
Super built-up  Area,Bannerghatta,3012.0,6,2,250.0,0,4.0
Super built-up  Area,Bannerghatta,1665.0,3,3,110.0,1,3.0
Super built-up  Area,Bannerghatta,2370.0,4,2,195.0,0,3.0
Super built-up  Area,Bannerghatta,1100.0,2,1,66.0,0,2.0
Super built-up  Area,Bannerghatta,1113.0,2,1,70.0,0,2.0
Super built-up  Area,Bannerghatta,1200.0,2,2,73.2,1,2.0
Super built-up  Area,Bannerghatta,1070.0,2,1,87.0,1,2.0
Super built-up  Area,Bannerghatta,1776.0,3,2,124.0,0,3.0
Built-up  Area,Bannerghatta Road,500.0,1,1,18.5,1,1.0
Super built-up  Area,Bannerghatta Road,1050.0,2,1,65.0,1,2.0
Plot  Area,Bannerghatta Road,1200.0,2,0,125.0,1,4.0
Super built-up  Area,Bannerghatta Road,1170.0,2,1,66.0,1,3.0
Super built-up  Area,Bannerghatta Road,595.0,1,1,33.32,0,1.0
Carpet  Area,Bannerghatta Road,1445.0,3,2,95.0,1,3.0
Super built-up  Area,Bannerghatta Road,1640.0,2,1,120.0,1,3.0
Built-up  Area,Bannerghatta Road,1380.0,3,0,58.0,1,4.0
Super built-up  Area,Bannerghatta Road,1460.0,2,1,90.0,1,3.0
Super built-up  Area,Bannerghatta Road,1556.0,2,1,59.13,0,3.0
Super built-up  Area,Bannerghatta Road,1179.0,2,1,66.02,0,2.0
Super built-up  Area,Bannerghatta Road,1122.5,2,0,58.935,0,2.0
Built-up  Area,Bannerghatta Road,793.0,2,1,45.0,1,2.0
Super built-up  Area,Bannerghatta Road,1484.0,3,2,52.5,1,3.0
Super built-up  Area,Bannerghatta Road,1400.0,2,2,78.0,1,2.0
Built-up  Area,Bannerghatta Road,2700.0,5,0,158.0,1,5.0
Built-up  Area,Bannerghatta Road,1215.0,2,0,50.0,1,2.0
Super built-up  Area,Bannerghatta Road,1654.0,3,2,100.0,1,3.0
Built-up  Area,Bannerghatta Road,1181.0,2,0,55.0,1,2.0
Super built-up  Area,Bannerghatta Road,1460.0,2,2,72.0,1,3.0
Super built-up  Area,Bannerghatta Road,1200.0,2,2,75.0,1,2.0
Super built-up  Area,Bannerghatta Road,1760.0,3,2,67.0,1,3.0
Super built-up  Area,Bannerghatta Road,595.0,1,1,31.83,0,1.0
Super built-up  Area,Bannerghatta Road,1105.0,2,1,51.0,0,2.0
Super built-up  Area,Bannerghatta Road,1255.0,2,2,65.26,1,2.0
Super built-up  Area,Bannerghatta Road,1550.0,3,2,78.0,1,3.0
Super built-up  Area,Bannerghatta Road,1550.0,3,2,82.0,1,3.0
Super built-up  Area,Bannerghatta Road,1550.0,2,2,75.0,1,3.0
Super built-up  Area,Bannerghatta Road,1650.0,3,0,122.0,1,3.0
Built-up  Area,Bannerghatta Road,912.0,2,1,55.0,1,2.0
Super built-up  Area,Bannerghatta Road,1218.0,2,1,73.0,1,2.0
Super built-up  Area,Bannerghatta Road,1427.0,2,2,48.51,0,3.0
Super built-up  Area,Bannerghatta Road,1115.0,2,1,65.12,0,2.0
Super built-up  Area,Bannerghatta Road,1344.0,2,1,42.0,1,3.0
Super built-up  Area,Bannerghatta Road,1893.0,3,2,100.0,1,3.0
Built-up  Area,Bannerghatta Road,1600.0,3,2,95.0,1,3.0
Super built-up  Area,Bannerghatta Road,1275.0,2,2,65.0,1,2.0
Super built-up  Area,Bannerghatta Road,892.0,2,1,39.0,1,2.0
Super built-up  Area,Bannerghatta Road,1880.0,3,2,95.0,1,3.0
Super built-up  Area,Bannerghatta Road,1260.0,2,2,70.0,1,2.0
Built-up  Area,Bannerghatta Road,1788.0,3,2,90.0,1,3.0
Built-up  Area,Bannerghatta Road,1157.0,2,0,40.0,1,2.0
Built-up  Area,Bannerghatta Road,1150.0,2,2,65.0,1,2.0
Plot  Area,Bannerghatta Road,10000.0,4,0,450.0,1,4.0
Super built-up  Area,Bannerghatta Road,1100.0,2,0,39.0,1,2.0
Built-up  Area,Bannerghatta Road,1400.0,3,0,68.0,1,3.0
Super built-up  Area,Bannerghatta Road,1725.0,3,0,110.0,1,3.0
Plot  Area,Bannerghatta Road,1850.0,6,3,150.0,1,6.0
Plot  Area,Bannerghatta Road,9000.0,4,1,390.0,1,3.0
Built-up  Area,Bannerghatta Road,950.0,2,0,38.0,1,2.0
Built-up  Area,Bannerghatta Road,1220.0,2,1,80.0,1,2.0
Super built-up  Area,Bannerghatta Road,1130.0,2,2,78.0,1,2.0
Built-up  Area,Bannerghatta Road,1350.0,2,0,51.0,1,3.0
Super built-up  Area,Bannerghatta Road,1486.0,3,1,83.22,0,3.0
Super built-up  Area,Bannerghatta Road,1460.0,2,2,75.0,1,3.0
Built-up  Area,Bannerghatta Road,1015.0,2,0,48.0,1,2.0
Super built-up  Area,Bannerghatta Road,1115.0,2,1,61.0,0,2.0
Super built-up  Area,Bannerghatta Road,1136.0,2,1,48.0,1,2.0
Super built-up  Area,Bannerghatta Road,2700.0,4,3,260.0,1,4.0
Super built-up  Area,Bannerghatta Road,1200.0,2,2,69.0,1,3.0
Super built-up  Area,Bannerghatta Road,1465.0,2,1,76.0,1,3.0
Super built-up  Area,Bannerghatta Road,1302.5,2,0,67.73,1,2.0
Super built-up  Area,Bannerghatta Road,1200.0,2,2,65.0,1,2.0
Super built-up  Area,Bannerghatta Road,1240.0,2,1,65.0,1,2.0
Super built-up  Area,Bannerghatta Road,1476.0,3,1,125.0,0,3.0
Built-up  Area,Bannerghatta Road,1100.0,2,2,52.0,1,3.0
Super built-up  Area,Bannerghatta Road,1532.5,3,0,84.29,0,3.0
Built-up  Area,Bannerghatta Road,1465.0,2,1,45.87,1,3.0
Super built-up  Area,Bannerghatta Road,1268.0,2,1,69.0,0,2.0
Super built-up  Area,Bannerghatta Road,1450.0,2,2,87.0,1,3.0
Super built-up  Area,Bannerghatta Road,2932.0,5,0,195.0,1,4.0
Super built-up  Area,Bannerghatta Road,1450.0,3,1,44.0,0,3.0
Super built-up  Area,Bannerghatta Road,1625.0,2,3,75.0,1,3.0
Super built-up  Area,Bannerghatta Road,960.0,2,3,58.0,1,2.0
Super built-up  Area,Bannerghatta Road,1750.0,3,0,130.0,1,3.0
Super built-up  Area,Bannerghatta Road,1275.0,2,1,73.0,1,2.0
Super built-up  Area,Bannerghatta Road,1430.0,3,2,59.0,1,3.0
Super built-up  Area,Bannerghatta Road,1240.0,2,1,71.0,1,2.0
Super built-up  Area,Bannerghatta Road,1305.0,2,2,60.0,1,3.0
Super built-up  Area,Bannerghatta Road,1215.0,2,1,68.0,1,2.0
Super built-up  Area,Bannerghatta Road,1894.0,3,1,115.0,0,3.0
Super built-up  Area,Bannerghatta Road,1655.0,2,2,62.89,0,3.0
Super built-up  Area,Bannerghatta Road,1693.0,3,2,89.0,0,3.0
Super built-up  Area,Bannerghatta Road,1280.0,2,2,60.16,0,2.0
Super built-up  Area,Bannerghatta Road,3230.0,5,0,165.0,1,4.0
Super built-up  Area,Bannerghatta Road,630.0,1,2,35.0,1,1.0
Super built-up  Area,Bannerghatta Road,1365.0,3,1,76.18,0,3.0
Super built-up  Area,Bannerghatta Road,1115.0,2,2,78.0,1,2.0
Super built-up  Area,Bannerghatta Road,1532.5,3,0,79.465,0,3.0
Super built-up  Area,Bannerghatta Road,1535.0,3,3,60.0,1,3.0
Built-up  Area,Bannerghatta Road,1655.0,3,3,90.0,0,3.0
Super built-up  Area,Bannerghatta Road,1247.0,2,1,47.39,0,2.0
Super built-up  Area,Bannerghatta Road,1237.5,2,0,49.49,1,2.0
Super built-up  Area,Bannerghatta Road,1650.0,3,1,94.0,1,3.0
Super built-up  Area,Bannerghatta Road,905.0,2,1,65.0,1,2.0
Super built-up  Area,Bannerghatta Road,1000.0,2,1,50.0,1,2.0
Super built-up  Area,Bannerghatta Road,2185.0,3,3,120.0,1,4.0
Super built-up  Area,Bannerghatta Road,1012.0,2,1,45.0,1,2.0
Built-up  Area,Bannerghatta Road,1725.0,3,3,85.0,1,3.0
Super built-up  Area,Bannerghatta Road,1460.0,2,2,80.0,1,3.0
Super built-up  Area,Bannerghatta Road,1340.0,2,3,85.0,1,2.0
Super built-up  Area,Bannerghatta Road,1711.0,3,2,125.0,1,3.0
Super built-up  Area,Bannerghatta Road,1520.0,2,3,81.0,1,3.0
Built-up  Area,Bannerghatta Road,2826.0,3,1,148.0,0,3.0
Super built-up  Area,Bannerghatta Road,1154.0,2,2,47.0,1,2.0
Super built-up  Area,Bannerghatta Road,1000.0,2,1,44.5,1,2.0
Built-up  Area,Bannerghatta Road,1250.0,2,0,48.0,1,2.0
Super built-up  Area,Bannerghatta Road,1640.0,3,2,105.0,0,3.0
Super built-up  Area,Bannerghatta Road,1656.0,2,1,62.93,0,3.0
Super built-up  Area,Bannerghatta Road,1012.0,2,1,44.0,1,2.0
Super built-up  Area,Bannerghatta Road,1527.0,3,2,115.0,1,3.0
Super built-up  Area,Bannerghatta Road,1660.0,3,2,85.0,1,3.0
Super built-up  Area,Bannerghatta Road,1880.0,3,2,96.5,1,3.0
Super built-up  Area,Bannerghatta Road,1550.0,3,2,96.0,1,3.0
Super built-up  Area,Bannerghatta Road,1200.0,2,2,78.0,0,2.0
Super built-up  Area,Bannerghatta Road,1885.0,3,1,125.0,0,3.0
Built-up  Area,Bannerghatta Road,1453.0,2,2,73.0,1,3.0
Super built-up  Area,Bannerghatta Road,1450.0,2,2,78.0,1,3.0
Super built-up  Area,Bannerghatta Road,700.0,1,1,31.2,1,1.0
Super built-up  Area,Bannerghatta Road,1630.0,3,3,68.0,1,3.0
Super built-up  Area,Bannerghatta Road,1400.0,3,2,69.0,1,3.0
Super built-up  Area,Bannerghatta Road,905.0,2,1,58.0,1,2.0
Super built-up  Area,Bannerghatta Road,1465.0,2,1,75.0,1,3.0
Super built-up  Area,Bannerghatta Road,1920.0,3,3,122.0,1,3.0
Built-up  Area,Bannerghatta Road,2400.0,4,1,180.0,1,4.0
Super built-up  Area,Bannerghatta Road,1660.0,3,3,80.0,1,3.0
Built-up  Area,Bannerghatta Road,1270.0,2,2,45.0,1,2.0
Plot  Area,Bannerghatta Road,4723.0,4,3,500.0,0,4.0
Super built-up  Area,Bannerghatta Road,1520.0,2,3,80.0,1,3.0
Built-up  Area,Bannerghatta Road,1270.0,2,1,73.0,1,3.0
Super built-up  Area,Bannerghatta Road,1846.0,3,2,120.0,1,3.0
Built-up  Area,Bannerghatta Road,3000.0,4,2,140.0,1,4.0
Super built-up  Area,Bannerghatta Road,1122.5,2,0,61.74,0,2.0
Super built-up  Area,Bannerghatta Road,1655.0,3,3,95.0,1,3.0
Built-up  Area,Bannerghatta Road,1206.0,2,3,53.0,1,2.0
Super built-up  Area,Bannerghatta Road,1150.0,2,2,55.0,1,2.0
Super built-up  Area,Bannerghatta Road,1215.0,2,1,65.0,1,2.0
Super built-up  Area,Bannerghatta Road,1510.0,2,3,110.0,1,3.0
Super built-up  Area,Bannerghatta Road,1022.0,2,1,35.0,1,2.0
Super built-up  Area,Bannerghatta Road,1246.0,2,2,47.35,0,2.0
Carpet  Area,Bannerghatta Road,1470.0,2,1,85.0,1,3.0
Super built-up  Area,Bannerghatta Road,1160.0,2,2,45.0,1,2.0
Super built-up  Area,Bannerghatta Road,970.0,2,1,57.0,1,2.0
Built-up  Area,Bannerghatta Road,1527.0,3,1,142.0,1,3.0
Super built-up  Area,Basavangudi,2200.0,2,1,162.0,1,3.0
Super built-up  Area,Basavangudi,2337.0,4,3,292.0,0,3.0
Super built-up  Area,Basavangudi,2350.0,3,3,300.0,1,3.0
Built-up  Area,Basavangudi,1500.0,2,1,143.0,0,3.0
Super built-up  Area,Basavangudi,1850.0,3,1,168.0,1,3.0
Built-up  Area,Basavangudi,600.0,1,0,97.5,1,1.0
Super built-up  Area,Basavangudi,2150.0,3,2,265.0,1,3.0
Super built-up  Area,Basavangudi,1036.0,2,2,105.0,1,2.0
Built-up  Area,Basavangudi,2500.0,4,1,150.0,1,4.0
Super built-up  Area,Basavangudi,2600.0,4,3,260.0,1,4.0
Super built-up  Area,Basavangudi,2300.0,3,0,317.0,1,3.0
Super built-up  Area,Basavangudi,1600.0,2,2,160.0,1,3.0
Built-up  Area,Basavangudi,1560.0,2,2,145.0,1,2.0
Super built-up  Area,Basavangudi,1825.0,3,0,175.0,1,3.0
Super built-up  Area,Basavangudi,1800.0,3,2,195.0,1,3.0
Super built-up  Area,Basavangudi,1100.0,2,3,93.0,1,2.0
Super built-up  Area,Basavangudi,670.0,1,1,50.0,1,1.0
Super built-up  Area,Basavangudi,1542.14,3,3,120.0,1,3.0
Built-up  Area,Basavangudi,1050.0,2,1,103.0,1,2.0
Super built-up  Area,Basavangudi,1350.0,2,2,130.0,1,3.0
Built-up  Area,Basavangudi,1485.0,3,1,140.0,1,3.0
Super built-up  Area,Basavangudi,1180.0,2,3,124.0,0,2.0
Built-up  Area,Basavangudi,1600.0,3,3,130.0,1,3.0
Super built-up  Area,Basavangudi,1200.0,2,3,120.0,1,2.0
Super built-up  Area,Basavangudi,1850.0,3,2,150.0,1,3.0
Carpet  Area,Basavangudi,1230.0,2,0,80.0,1,2.0
Super built-up  Area,Basavangudi,2453.0,3,2,250.0,1,4.0
Super built-up  Area,Basavangudi,1650.0,3,3,125.0,0,3.0
Plot  Area,Basaveshwara Nagar,4500.0,5,1,415.0,1,5.0
Built-up  Area,Basaveshwara Nagar,1865.0,3,3,145.0,1,3.0
Plot  Area,Basaveshwara Nagar,2460.0,7,1,350.0,1,7.0
Super built-up  Area,Basaveshwara Nagar,1200.0,2,0,90.0,1,2.0
Plot  Area,Basaveshwara Nagar,2400.0,4,1,310.0,1,5.0
Plot  Area,Basaveshwara Nagar,2520.0,4,1,378.0,1,5.0
Super built-up  Area,Basaveshwara Nagar,1900.0,3,3,150.0,1,3.0
Built-up  Area,Basaveshwara Nagar,1200.0,2,2,85.0,1,2.0
Plot  Area,Basaveshwara Nagar,1200.0,1,1,180.0,1,2.0
Built-up  Area,Basaveshwara Nagar,1200.0,3,0,190.0,1,3.0
Plot  Area,Battarahalli,1200.0,2,1,65.0,1,2.0
Super built-up  Area,Battarahalli,1779.0,3,2,89.61,1,3.0
Super built-up  Area,Battarahalli,1300.0,2,1,50.0,1,2.0
Super built-up  Area,Battarahalli,1945.0,3,2,97.42,1,3.0
Super built-up  Area,Battarahalli,1777.0,3,2,100.0,1,3.0
Super built-up  Area,Battarahalli,1135.0,2,3,43.0,1,2.0
Super built-up  Area,Battarahalli,1276.0,2,2,45.0,1,2.0
Super built-up  Area,Battarahalli,1880.0,3,2,94.36,1,3.0
Super built-up  Area,Battarahalli,1071.0,2,1,62.0,1,2.0
Super built-up  Area,Battarahalli,1165.0,2,1,43.0,1,2.0
Super built-up  Area,Battarahalli,1636.0,2,2,82.89,1,2.0
Super built-up  Area,Battarahalli,1779.0,3,2,90.0,1,3.0
Super built-up  Area,Battarahalli,1516.0,3,3,65.0,1,3.0
Super built-up  Area,Battarahalli,1090.0,2,2,38.37,0,2.0
Super built-up  Area,Battarahalli,2082.0,3,2,104.0,0,3.0
Super built-up  Area,Battarahalli,1590.0,2,2,102.0,0,2.0
Super built-up  Area,Battarahalli,2024.0,3,2,103.0,0,3.0
Super built-up  Area,Battarahalli,1097.0,2,1,49.0,1,2.0
Super built-up  Area,Begur,1664.0,4,3,65.0,1,4.0
Super built-up  Area,Begur,1419.0,2,2,59.0,1,3.0
Built-up  Area,Begur,1580.0,3,2,75.0,1,3.0
Built-up  Area,Begur,1559.0,3,2,63.0,1,3.0
Super built-up  Area,Begur,1445.0,2,2,47.1,0,3.0
Built-up  Area,Begur,1475.0,2,2,74.0,1,3.0
Built-up  Area,Begur,3500.0,4,2,185.0,1,3.0
Super built-up  Area,Begur,1100.0,2,2,55.0,1,2.0
Built-up  Area,Begur,1306.0,2,3,65.0,1,2.0
Super built-up  Area,Begur,1304.0,3,0,65.0,1,3.0
Super built-up  Area,Begur,1411.0,2,2,60.0,0,3.0
Super built-up  Area,Begur,815.0,2,1,40.0,1,2.0
Super built-up  Area,Begur,1443.0,2,2,70.0,1,3.0
Super built-up  Area,Begur Road,1200.0,2,2,44.0,1,2.0
Super built-up  Area,Begur Road,1358.0,2,1,80.58,0,2.0
Super built-up  Area,Begur Road,1200.0,2,2,46.8,1,2.0
Super built-up  Area,Begur Road,1160.0,2,2,44.0,1,2.0
Super built-up  Area,Begur Road,1584.0,3,0,65.0,1,3.0
Super built-up  Area,Begur Road,1500.0,2,3,54.0,1,3.0
Super built-up  Area,Begur Road,1615.0,3,2,59.76,1,3.0
Super built-up  Area,Begur Road,1200.0,2,2,43.2,1,2.0
Super built-up  Area,Begur Road,1160.0,2,2,44.08,1,2.0
Super built-up  Area,Begur Road,1200.0,2,2,45.0,1,2.0
Super built-up  Area,Begur Road,1615.0,3,2,60.0,1,3.0
Super built-up  Area,Begur Road,1410.0,2,3,53.0,1,3.0
Super built-up  Area,Begur Road,1200.0,2,2,37.8,1,2.0
Super built-up  Area,Begur Road,970.0,2,2,27.0,1,2.0
Super built-up  Area,Begur Road,1160.0,2,2,40.59,1,2.0
Super built-up  Area,Begur Road,1260.0,2,2,46.62,1,2.0
Built-up  Area,Begur Road,1600.0,3,2,58.14,1,3.0
Super built-up  Area,Begur Road,1634.0,3,1,83.33,0,3.0
Super built-up  Area,Begur Road,1410.0,2,3,44.42,1,3.0
Super built-up  Area,Begur Road,1160.0,2,2,36.0,1,2.0
Super built-up  Area,Begur Road,1500.0,2,3,70.0,1,3.0
Super built-up  Area,Begur Road,1160.0,2,2,42.0,1,2.0
Super built-up  Area,Begur Road,1240.0,2,2,39.06,1,2.0
Super built-up  Area,Begur Road,1500.0,2,3,55.0,1,3.0
Super built-up  Area,Begur Road,1410.0,2,3,52.17,1,3.0
Super built-up  Area,Begur Road,1615.0,3,2,58.0,1,3.0
Super built-up  Area,Begur Road,1583.0,3,1,74.4,0,3.0
Super built-up  Area,Begur Road,1170.0,2,2,46.0,1,2.0
Super built-up  Area,Begur Road,2462.0,4,3,124.0,0,4.0
Super built-up  Area,Begur Road,1160.0,2,2,42.92,1,2.0
Super built-up  Area,Begur Road,1410.0,2,3,50.06,1,3.0
Super built-up  Area,Begur Road,1225.0,2,1,35.52,1,2.0
Super built-up  Area,Begur Road,1565.0,2,2,59.76,1,3.0
Built-up  Area,Begur Road,1400.0,2,3,50.06,1,3.0
Super built-up  Area,Begur Road,1410.0,2,3,53.58,1,3.0
Super built-up  Area,Begur Road,1200.0,2,2,42.6,1,2.0
Super built-up  Area,Begur Road,1334.0,2,3,42.69,1,2.0
Super built-up  Area,Begur Road,1565.0,2,2,57.91,1,3.0
Super built-up  Area,Begur Road,1933.0,3,2,98.0,0,3.0
Super built-up  Area,Begur Road,1200.0,2,2,45.6,1,2.0
Super built-up  Area,Begur Road,1215.0,2,2,43.13,1,2.0
Super built-up  Area,Begur Road,1444.0,2,2,71.5,1,3.0
Super built-up  Area,Begur Road,1160.0,2,2,36.54,1,2.0
Super built-up  Area,Begur Road,1615.0,3,2,50.87,1,3.0
Super built-up  Area,Begur Road,1200.0,2,2,44.4,1,2.0
Super built-up  Area,Begur Road,1565.0,2,2,49.3,1,3.0
Super built-up  Area,Begur Road,1260.0,2,1,39.69,1,2.0
Super built-up  Area,Begur Road,2464.5,6,0,118.0,0,4.0
Super built-up  Area,Begur Road,1410.0,2,3,49.34,1,3.0
Super built-up  Area,Begur Road,952.0,2,1,42.0,0,2.0
Super built-up  Area,Begur Road,1565.0,2,2,56.34,1,3.0
Super built-up  Area,Begur Road,1565.0,2,2,56.0,1,3.0
Super built-up  Area,Begur Road,1200.0,2,2,42.0,1,2.0
Super built-up  Area,Begur Road,1240.0,2,2,45.88,1,2.0
Plot  Area,Begur Road,1200.0,3,0,50.0,1,3.0
Super built-up  Area,Begur Road,1500.0,2,3,47.25,1,3.0
Built-up  Area,Begur Road,1100.0,2,2,42.6,1,2.0
Super built-up  Area,Begur Road,644.0,1,1,32.0,0,1.0
Super built-up  Area,Begur Road,2500.0,6,0,122.5,0,4.0
Super built-up  Area,Begur Road,1241.0,2,1,64.0,0,2.0
Super built-up  Area,Begur Road,1215.0,2,1,43.75,1,2.0
Built-up  Area,Begur Road,1200.0,2,2,44.73,1,2.0
Super built-up  Area,Begur Road,1583.0,3,1,95.23,0,3.0
Super built-up  Area,Begur Road,1410.0,2,3,54.99,1,3.0
Super built-up  Area,Bellandur,1767.0,3,1,103.0,1,3.0
Built-up  Area,Bellandur,1205.0,2,3,66.0,1,2.0
Super built-up  Area,Bellandur,1250.0,2,1,76.0,1,2.0
Super built-up  Area,Bellandur,1000.0,2,2,50.0,1,2.0
Super built-up  Area,Bellandur,1281.0,2,1,74.0,1,2.0
Super built-up  Area,Bellandur,921.0,2,2,40.0,1,2.0
Super built-up  Area,Bellandur,2025.0,4,3,109.0,0,4.0
Super built-up  Area,Bellandur,1490.0,2,2,98.0,1,3.0
Built-up  Area,Bellandur,1398.0,3,1,68.0,1,3.0
Super built-up  Area,Bellandur,2039.0,3,2,168.0,1,3.0
Super built-up  Area,Bellandur,1605.0,3,2,85.0,1,3.0
Super built-up  Area,Bellandur,1692.0,3,2,88.0,1,3.0
Super built-up  Area,Bellandur,1220.0,2,2,60.0,1,2.0
Super built-up  Area,Bellandur,1299.0,2,2,82.0,1,2.0
Super built-up  Area,Bellandur,900.0,2,2,56.0,1,2.0
Built-up  Area,Bellandur,1350.0,2,1,79.0,1,2.0
Super built-up  Area,Bellandur,1286.0,2,2,57.0,1,2.0
Super built-up  Area,Bellandur,3016.0,4,3,230.0,1,4.0
Super built-up  Area,Bellandur,1457.0,2,2,85.0,1,2.0
Super built-up  Area,Bellandur,1195.0,2,2,51.0,1,2.0
Super built-up  Area,Bellandur,1050.0,2,2,72.0,1,2.0
Built-up  Area,Bellandur,3600.0,4,0,260.0,1,4.0
Super built-up  Area,Bellandur,1310.0,2,2,72.0,1,2.0
Super built-up  Area,Bellandur,924.0,2,2,35.11,1,2.0
Super built-up  Area,Bellandur,1785.0,3,3,118.0,1,3.0
Super built-up  Area,Bellandur,1051.0,2,2,60.0,1,2.0
Built-up  Area,Bellandur,1450.0,3,1,68.0,1,3.0
Super built-up  Area,Bellandur,1060.0,2,1,65.0,1,2.0
Super built-up  Area,Bellandur,1100.0,2,3,62.0,0,2.0
Super built-up  Area,Bellandur,1550.0,2,3,59.0,1,2.0
Super built-up  Area,Bellandur,1400.0,2,2,44.81,0,3.0
Super built-up  Area,Bellandur,1685.0,3,3,100.0,0,3.0
Super built-up  Area,Bellandur,982.0,2,2,55.0,1,2.0
Super built-up  Area,Bellandur,981.0,2,2,37.28,1,2.0
Super built-up  Area,Bellandur,1205.0,2,1,59.0,1,2.0
Super built-up  Area,Bellandur,1063.0,2,1,58.0,1,2.0
Super built-up  Area,Bellandur,1201.0,2,2,59.99,1,2.0
Super built-up  Area,Bellandur,1325.0,2,2,65.0,1,2.0
Super built-up  Area,Bellandur,1281.0,2,2,87.0,1,2.0
Super built-up  Area,Bellandur,2000.0,3,2,85.0,0,3.0
Super built-up  Area,Bellandur,1200.0,2,1,52.0,1,2.0
Built-up  Area,Bellandur,1785.0,3,2,120.0,1,3.0
Super built-up  Area,Bellandur,1088.0,2,2,48.0,1,2.0
Super built-up  Area,Bellandur,1310.0,2,2,85.0,1,2.0
Super built-up  Area,Bellandur,982.0,2,2,37.28,1,2.0
Built-up  Area,Bellandur,1465.0,3,3,90.0,1,2.0
Super built-up  Area,Bellandur,1767.0,3,2,109.0,1,3.0
Super built-up  Area,Bellandur,2666.0,3,1,230.0,1,3.0
Built-up  Area,Bellandur,3600.0,4,0,245.0,1,4.0
Super built-up  Area,Bellandur,1170.0,2,1,46.79,1,2.0
Super built-up  Area,Bellandur,1150.0,2,1,69.44,1,2.0
Super built-up  Area,Bellandur,1200.0,2,3,45.0,1,2.0
Super built-up  Area,Bellandur,1830.0,3,0,90.0,1,3.0
Super built-up  Area,Bellandur,1410.0,3,2,92.0,1,2.0
Super built-up  Area,Bellandur,950.0,2,2,35.0,1,2.0
Super built-up  Area,Bellandur,1015.0,2,1,60.0,1,2.0
Super built-up  Area,Bellandur,2500.0,4,2,112.0,1,3.0
Super built-up  Area,Bellandur,1685.0,3,3,101.0,0,3.0
Built-up  Area,Bellandur,1735.0,3,3,105.0,1,3.0
Built-up  Area,Bellandur,1685.0,3,3,115.0,0,3.0
Super built-up  Area,Bellandur,1846.0,3,2,135.0,1,3.0
Super built-up  Area,Bellandur,1049.0,2,1,51.0,1,2.0
Built-up  Area,Bellandur,1350.0,2,1,63.0,1,3.0
Built-up  Area,Bellandur,1211.0,2,1,63.0,1,2.0
Super built-up  Area,Bellandur,1717.0,3,2,110.0,1,3.0
Super built-up  Area,Bellandur,1420.0,3,2,62.0,1,3.0
Super built-up  Area,Bellandur,1185.0,2,1,47.39,1,2.0
Super built-up  Area,Bellandur,1200.0,2,1,62.0,1,2.0
Super built-up  Area,Bellandur,1767.0,3,2,89.0,1,3.0
Super built-up  Area,Bellandur,1830.0,3,3,89.0,1,3.0
Super built-up  Area,Bellandur,2400.0,3,2,115.0,1,3.0
Super built-up  Area,Bellandur,1251.0,2,3,47.0,1,2.0
Super built-up  Area,Bellandur,1665.0,3,0,85.0,1,3.0
Built-up  Area,Bellandur,960.0,2,2,48.0,1,2.0
Super built-up  Area,Bellandur,1690.0,2,2,116.0,1,3.0
Super built-up  Area,Bellandur,950.0,1,1,40.0,1,1.0
Built-up  Area,Bellandur,850.0,2,1,45.0,1,2.0
Super built-up  Area,Bellandur,1454.0,2,1,90.0,0,2.0
Super built-up  Area,Bellandur,1830.0,3,3,91.86,1,3.0
Super built-up  Area,Bellandur,1195.0,2,1,52.0,1,2.0
Super built-up  Area,Bellandur,1435.0,2,2,115.0,1,3.0
Super built-up  Area,Bellandur,1830.0,3,3,89.89,1,3.0
Super built-up  Area,Bellandur,1260.0,2,2,83.5,0,2.0
Super built-up  Area,Bellandur,1535.0,3,0,90.0,1,3.0
Super built-up  Area,Bellandur,1047.0,2,1,75.0,1,2.0
Super built-up  Area,Bellandur,1096.0,2,2,40.0,1,2.0
Super built-up  Area,Bellandur,1262.0,2,2,47.0,1,2.0
Super built-up  Area,Benson Town,3200.0,4,0,350.0,1,3.0
Super built-up  Area,Benson Town,4460.0,5,0,650.0,1,4.0
Super built-up  Area,Benson Town,2850.0,4,3,470.0,1,3.0
Super built-up  Area,Benson Town,1300.0,2,1,120.0,1,2.0
Built-up  Area,Benson Town,1567.0,3,0,140.0,1,2.0
Super built-up  Area,Benson Town,3633.0,6,2,550.0,1,4.0
Plot  Area,Benson Town,1688.12,2,1,270.0,1,2.0
Built-up  Area,Benson Town,1805.0,3,2,280.0,1,3.0
Plot  Area,Benson Town,1688.0,2,0,280.0,1,2.0
Super built-up  Area,Bharathi Nagar,1322.0,2,2,68.0,1,2.0
Super built-up  Area,Bharathi Nagar,1351.0,2,2,70.0,1,2.0
Super built-up  Area,Bharathi Nagar,1384.0,2,2,59.0,1,2.0
Super built-up  Area,Bharathi Nagar,1351.0,2,2,74.0,1,2.0
Super built-up  Area,Bharathi Nagar,1432.0,2,2,68.0,1,2.0
Super built-up  Area,Bharathi Nagar,1664.0,3,2,69.89,1,3.0
Super built-up  Area,Bharathi Nagar,1349.0,2,2,56.7,1,2.0
Super built-up  Area,Bharathi Nagar,1328.0,2,2,69.0,1,2.0
Built-up  Area,Bharathi Nagar,1300.0,2,2,55.86,1,2.0
Super built-up  Area,Bhoganhalli,1670.0,3,1,99.0,0,3.0
Super built-up  Area,Bhoganhalli,2119.0,4,3,111.0,0,4.0
Super built-up  Area,Bhoganhalli,1718.0,3,2,90.2,0,3.0
Super built-up  Area,Bhoganhalli,1444.0,2,1,75.97,0,2.0
Super built-up  Area,Bhoganhalli,1447.0,2,1,75.97,0,2.0
Built-up  Area,Bhoganhalli,1700.0,3,2,126.0,1,3.0
Super built-up  Area,Bhoganhalli,2072.5,2,0,111.0,0,4.0
Super built-up  Area,Bhoganhalli,1610.0,3,1,84.53,0,3.0
Super built-up  Area,Bhoganhalli,1974.0,4,0,106.0,0,4.0
Super built-up  Area,Bhoganhalli,2171.0,4,2,111.0,0,4.0
Super built-up  Area,Bhoganhalli,1760.0,3,2,127.0,1,3.0
Super built-up  Area,Bhoganhalli,2119.0,4,2,111.0,0,4.0
Super built-up  Area,Bhoganhalli,1949.0,3,2,129.0,1,3.0
Super built-up  Area,Bhoganhalli,1760.0,3,2,128.0,1,3.0
Super built-up  Area,Bhoganhalli,2439.0,4,3,185.0,1,4.0
Super built-up  Area,Bhoganhalli,1395.0,2,2,70.0,1,3.0
Super built-up  Area,Bhoganhalli,1458.0,3,1,78.45,0,3.0
Super built-up  Area,Bhoganhalli,1205.0,2,2,64.47,0,2.0
Built-up  Area,Bhoganhalli,2439.0,5,2,170.0,1,4.0
Super built-up  Area,Bhoganhalli,1205.0,2,1,68.32,0,2.0
Super built-up  Area,Bhoganhalli,1260.0,2,1,69.9,1,2.0
Super built-up  Area,Bhoganhalli,2439.0,4,3,170.0,1,4.0
Super built-up  Area,Bhoganhalli,1707.0,3,2,115.0,1,3.0
Super built-up  Area,Bhoganhalli,1610.0,3,2,84.53,0,3.0
Built-up  Area,Bhoganhalli,970.0,2,1,52.5,1,2.0
Super built-up  Area,Bhoganhalli,1277.0,2,1,79.89,0,2.0
Super built-up  Area,Bhoganhalli,1703.0,3,2,120.0,1,3.0
Super built-up  Area,Billekahalli,1935.0,3,2,110.0,1,3.0
Super built-up  Area,Billekahalli,1125.0,2,2,62.0,1,2.0
Built-up  Area,Billekahalli,1650.0,3,2,88.0,1,3.0
Super built-up  Area,Billekahalli,1090.0,2,3,52.0,1,2.0
Super built-up  Area,Billekahalli,1112.0,2,2,62.0,1,2.0
Built-up  Area,Billekahalli,2400.0,3,1,150.0,1,3.0
Super built-up  Area,Billekahalli,2968.0,3,0,225.0,1,3.0
Super built-up  Area,Billekahalli,950.0,2,1,58.11,1,2.0
Super built-up  Area,Billekahalli,1360.0,2,3,110.0,1,2.0
Super built-up  Area,Billekahalli,1125.0,2,1,65.0,1,2.0
Super built-up  Area,Billekahalli,950.0,2,2,56.0,1,2.0
Super built-up  Area,Billekahalli,1290.0,3,3,62.0,1,3.0
Built-up  Area,Billekahalli,1805.0,3,3,134.0,1,3.0
Super built-up  Area,Binny Pete,1755.0,3,1,122.0,0,3.0
Super built-up  Area,Binny Pete,665.0,1,0,50.75,0,1.0
Super built-up  Area,Binny Pete,2465.0,5,2,234.0,0,3.0
Super built-up  Area,Binny Pete,2817.5,2,0,204.0,0,4.0
Super built-up  Area,Binny Pete,1245.0,2,1,86.28,0,2.0
Super built-up  Area,Binny Pete,660.0,1,1,54.0,0,1.0
Super built-up  Area,Binny Pete,665.0,1,1,46.08,0,1.0
Super built-up  Area,Binny Pete,660.0,1,1,62.0,0,1.0
Super built-up  Area,Binny Pete,1365.0,2,1,122.0,0,2.0
Super built-up  Area,Binny Pete,2940.0,6,2,280.0,0,4.0
Super built-up  Area,Binny Pete,1795.0,3,2,139.0,0,3.0
Super built-up  Area,Binny Pete,1740.0,3,1,150.0,0,3.0
Super built-up  Area,Binny Pete,1970.0,3,2,164.0,0,3.0
Super built-up  Area,Binny Pete,1516.0,3,1,147.0,0,3.0
Super built-up  Area,Bisuvanahalli,1180.0,3,2,48.0,1,3.0
Super built-up  Area,Bisuvanahalli,1075.0,2,1,35.0,1,3.0
Super built-up  Area,Bisuvanahalli,1075.0,2,1,46.0,1,3.0
Super built-up  Area,Bisuvanahalli,1075.0,2,1,36.0,1,3.0
Built-up  Area,Bisuvanahalli,1075.0,2,1,37.0,1,3.0
Super built-up  Area,Bisuvanahalli,1075.0,2,1,45.0,1,3.0
Super built-up  Area,Bisuvanahalli,1075.0,3,2,36.0,1,3.0
Built-up  Area,Bisuvanahalli,845.0,2,1,33.0,1,2.0
Super built-up  Area,Bisuvanahalli,845.0,2,1,37.0,1,2.0
Super built-up  Area,Bisuvanahalli,1075.0,2,1,35.99,1,3.0
Built-up  Area,Bisuvanahalli,1075.0,2,1,36.0,1,3.0
Super built-up  Area,Bisuvanahalli,845.0,2,1,29.0,1,2.0
Super built-up  Area,Bisuvanahalli,1075.0,2,1,47.0,1,3.0
Super built-up  Area,Bisuvanahalli,850.0,1,1,32.0,1,2.0
Super built-up  Area,Bisuvanahalli,1075.0,2,1,50.0,1,3.0
Super built-up  Area,Bisuvanahalli,1075.0,2,1,52.0,1,3.0
Super built-up  Area,Bisuvanahalli,1180.0,2,1,46.0,1,3.0
Super built-up  Area,Bisuvanahalli,1075.0,2,1,42.0,1,3.0
Super built-up  Area,Bisuvanahalli,1075.0,2,1,43.0,1,3.0
Built-up  Area,Bisuvanahalli,700.0,1,1,32.0,1,2.0
Super built-up  Area,Bisuvanahalli,1075.0,2,1,41.0,1,3.0
Super built-up  Area,Bisuvanahalli,845.0,2,1,33.0,1,2.0
Super built-up  Area,Bisuvanahalli,945.0,2,1,33.0,1,2.0
Built-up  Area,Bisuvanahalli,845.0,2,1,30.0,1,2.0
Super built-up  Area,Bisuvanahalli,1200.0,2,1,41.0,1,3.0
Built-up  Area,Bisuvanahalli,1180.0,2,1,45.0,1,3.0
Built-up  Area,Bisuvanahalli,1080.0,2,1,45.0,1,3.0
Super built-up  Area,Bisuvanahalli,1180.0,2,1,55.5,1,3.0
Super built-up  Area,Bisuvanahalli,1075.0,2,1,48.0,1,3.0
Super built-up  Area,Bisuvanahalli,1075.0,2,1,37.0,1,3.0
Super built-up  Area,Bisuvanahalli,1075.0,2,1,44.0,1,3.0
Super built-up  Area,Bisuvanahalli,845.0,2,2,32.0,1,2.0
Built-up  Area,Bisuvanahalli,1075.0,2,1,41.49,1,3.0
Built-up  Area,Bisuvanahalli,845.0,2,0,34.0,1,2.0
Built-up  Area,Bommanahalli,3000.0,8,0,140.0,1,8.0
Super built-up  Area,Bommanahalli,1200.0,2,2,40.0,1,2.0
Super built-up  Area,Bommanahalli,1730.0,3,1,96.0,1,3.0
Super built-up  Area,Bommanahalli,520.0,1,0,19.5,1,1.0
Built-up  Area,Bommanahalli,515.0,1,1,25.0,1,1.0
Built-up  Area,Bommanahalli,1090.0,3,2,44.0,1,2.0
Super built-up  Area,Bommanahalli,1250.0,2,2,42.5,0,3.0
Super built-up  Area,Bommanahalli,1375.0,3,2,59.0,1,3.0
Super built-up  Area,Bommanahalli,1250.0,3,2,55.0,0,3.0
Super built-up  Area,Bommanahalli,1625.0,2,0,87.72,1,3.0
Super built-up  Area,Bommanahalli,1850.0,3,2,90.0,1,3.0
Super built-up  Area,Bommanahalli,957.0,2,1,53.0,1,2.0
Super built-up  Area,Bommanahalli,910.0,2,1,45.0,1,2.0
Super built-up  Area,Bommanahalli,1050.0,2,2,46.0,1,2.0
Built-up  Area,Bommanahalli,1290.0,2,1,73.0,1,2.0
Super built-up  Area,Bommanahalli,1100.0,1,2,55.0,1,2.0
Super built-up  Area,Bommanahalli,1300.0,3,2,45.0,0,3.0
Built-up  Area,Bommanahalli,1350.0,2,2,72.0,1,2.0
Super built-up  Area,Bommanahalli,2100.0,4,2,85.0,1,4.0
Super built-up  Area,Bommanahalli,1020.0,2,2,55.0,1,2.0
Super built-up  Area,Bommanahalli,1250.0,3,2,41.0,0,3.0
Super built-up  Area,Bommanahalli,1660.0,2,0,100.0,1,3.0
Super built-up  Area,Bommanahalli,1250.0,4,3,39.0,0,3.0
Super built-up  Area,Bommanahalli,1307.0,2,1,50.0,1,2.0
Super built-up  Area,Bommanahalli,1416.0,2,1,85.0,1,3.0
Built-up  Area,Bommanahalli,1091.0,2,1,40.0,1,2.0
Super built-up  Area,Bommanahalli,1355.0,2,0,73.17,1,2.0
Super built-up  Area,Bommanahalli,1160.0,2,3,53.0,1,2.0
Super built-up  Area,Bommanahalli,1050.0,2,2,54.0,1,2.0
Super built-up  Area,Bommasandra,1260.0,3,1,49.36,0,3.0
Super built-up  Area,Bommasandra,1060.0,2,1,26.5,0,2.0
Super built-up  Area,Bommasandra,1126.0,2,1,28.15,0,2.0
Super built-up  Area,Bommasandra,1200.0,3,2,46.0,1,3.0
Super built-up  Area,Bommasandra,1035.0,2,1,41.0,0,2.0
Super built-up  Area,Bommasandra,1035.0,2,1,41.73,0,2.0
Super built-up  Area,Bommasandra,1034.0,2,3,40.0,1,2.0
Built-up  Area,Bommasandra,877.0,2,2,30.0,1,2.0
Built-up  Area,Bommasandra,1447.0,3,2,80.0,1,3.0
Super built-up  Area,Bommasandra,920.0,2,1,37.46,0,2.0
Super built-up  Area,Bommasandra,1035.0,2,1,41.43,0,2.0
Super built-up  Area,Bommasandra,902.0,2,2,49.0,1,2.0
Super built-up  Area,Bommasandra,1295.0,2,1,50.28,0,3.0
Super built-up  Area,Bommasandra,1478.0,2,0,44.0,1,3.0
Super built-up  Area,Bommasandra,1015.0,2,1,40.0,0,2.0
Built-up  Area,Bommasandra,1000.0,2,1,35.0,1,2.0
Super built-up  Area,Bommasandra,955.0,2,1,35.28,0,2.0
Super built-up  Area,Bommasandra,1005.0,2,1,39.77,0,2.0
Super built-up  Area,Bommasandra,1014.0,2,1,35.0,1,2.0
Super built-up  Area,Bommasandra,1020.0,2,1,40.89,0,2.0
Super built-up  Area,Bommasandra,920.0,2,1,37.2,0,2.0
Super built-up  Area,Bommasandra,800.0,1,1,32.0,1,2.0
Super built-up  Area,Bommasandra,1280.0,3,1,50.0,0,3.0
Plot  Area,Bommasandra,1942.0,3,0,90.0,0,3.0
Super built-up  Area,Bommasandra,1127.0,2,1,45.0,0,2.0
Built-up  Area,Bommasandra,1400.0,2,3,45.0,1,3.0
Super built-up  Area,Bommasandra,877.0,2,1,29.0,1,2.0
Super built-up  Area,Bommasandra,1365.0,3,1,52.81,0,3.0
Super built-up  Area,Bommasandra,842.0,2,2,30.0,1,2.0
Super built-up  Area,Bommasandra,1365.0,3,1,52.82,0,3.0
Super built-up  Area,Bommasandra,955.0,2,1,37.97,0,2.0
Super built-up  Area,Bommasandra,1089.0,2,1,40.0,1,2.0
Built-up  Area,Bommasandra,950.0,2,1,25.0,1,2.0
Super built-up  Area,Bommasandra,1365.0,3,1,53.96,0,3.0
Built-up  Area,Bommasandra Industrial Area,1090.0,2,2,31.48,0,2.0
Built-up  Area,Bommasandra Industrial Area,1320.0,2,1,38.12,0,3.0
Built-up  Area,Bommasandra Industrial Area,1400.0,2,1,40.44,0,3.0
Built-up  Area,Bommasandra Industrial Area,1320.0,2,1,38.13,0,3.0
Built-up  Area,Bommasandra Industrial Area,1220.0,2,1,35.23,0,3.0
Built-up  Area,Bommasandra Industrial Area,1020.0,2,1,29.45,0,2.0
Built-up  Area,Bommasandra Industrial Area,1165.0,2,1,33.64,0,2.0
Built-up  Area,Bommasandra Industrial Area,1090.0,2,1,31.48,0,2.0
Built-up  Area,Bommasandra Industrial Area,1310.0,2,1,37.83,0,3.0
Built-up  Area,Bommasandra Industrial Area,1000.0,2,1,28.88,0,2.0
Built-up  Area,Bommasandra Industrial Area,1160.0,2,1,33.51,0,2.0
Built-up  Area,Bommasandra Industrial Area,1125.0,2,1,32.49,0,2.0
Built-up  Area,Bommasandra Industrial Area,1220.0,2,1,35.2,0,3.0
Built-up  Area,Bommasandra Industrial Area,1491.0,3,3,40.5,1,3.0
Built-up  Area,Bommasandra Industrial Area,1130.0,2,1,32.64,0,2.0
Built-up  Area,Bommasandra Industrial Area,1065.0,2,1,30.75,0,2.0
Plot  Area,Bommenahalli,1200.0,3,1,125.0,1,3.0
Built-up  Area,Bommenahalli,1632.0,3,0,145.0,1,4.0
Plot  Area,Bommenahalli,1670.0,3,0,135.0,1,4.0
Built-up  Area,Bommenahalli,1680.0,3,0,135.0,1,4.0
Plot  Area,Bommenahalli,1632.0,3,1,128.0,1,4.0
Built-up  Area,Bommenahalli,3339.0,3,0,250.0,1,3.0
Plot  Area,Bommenahalli,1355.0,3,0,135.0,1,4.0
Built-up  Area,Bommenahalli,1277.0,3,1,232.0,1,3.0
Plot  Area,Bommenahalli,1232.0,3,1,96.0,1,3.0
Built-up  Area,Bommenahalli,1632.0,3,0,140.0,1,4.0
Super built-up  Area,Brookefield,1150.0,2,3,69.0,1,2.0
Built-up  Area,Brookefield,1142.0,2,2,70.0,1,2.0
Super built-up  Area,Brookefield,1440.0,2,3,68.0,1,3.0
Super built-up  Area,Brookefield,2169.0,4,0,115.0,1,3.0
Super built-up  Area,Brookefield,1595.0,3,3,88.0,1,3.0
Plot  Area,Brookefield,2800.0,4,2,240.0,1,4.0
Super built-up  Area,Brookefield,1476.0,3,2,105.0,1,3.0
Plot  Area,Brookefield,1700.0,4,1,152.0,1,4.0
Super built-up  Area,Brookefield,1262.0,2,1,75.0,1,2.0
Super built-up  Area,Brookefield,1139.0,2,2,80.0,1,2.0
Super built-up  Area,Brookefield,1125.0,2,2,70.0,1,2.0
Super built-up  Area,Brookefield,1420.0,3,2,85.0,1,3.0
Built-up  Area,Brookefield,3532.0,3,3,170.0,1,4.0
Super built-up  Area,Brookefield,941.0,2,2,48.0,1,2.0
Built-up  Area,Brookefield,1595.0,2,3,75.0,1,3.0
Built-up  Area,Brookefield,1410.0,2,0,80.0,1,3.0
Built-up  Area,Brookefield,1100.0,2,1,55.0,1,2.0
Super built-up  Area,Brookefield,2400.0,3,3,140.0,1,4.0
Built-up  Area,Brookefield,1225.0,2,2,66.5,1,2.0
Plot  Area,Brookefield,1950.0,6,3,175.0,1,5.0
Super built-up  Area,Brookefield,1080.0,2,3,50.0,1,2.0
Built-up  Area,Brookefield,1230.0,2,3,55.0,1,2.0
Super built-up  Area,Brookefield,1200.0,2,2,75.0,1,2.0
Super built-up  Area,Brookefield,1089.0,2,1,49.0,1,2.0
Super built-up  Area,Brookefield,1130.0,2,2,56.0,1,2.0
Super built-up  Area,Brookefield,1270.0,2,1,95.0,1,2.0
Super built-up  Area,Brookefield,1706.0,3,2,115.0,1,3.0
Super built-up  Area,Brookefield,1389.0,2,2,94.0,1,2.0
Super built-up  Area,Brookefield,1750.0,2,2,75.0,1,3.0
Built-up  Area,Brookefield,1225.0,2,2,72.0,1,2.0
Built-up  Area,Brookefield,3675.0,4,3,176.0,1,4.0
Super built-up  Area,Brookefield,1746.0,3,3,115.0,1,3.0
Super built-up  Area,Brookefield,1518.0,3,3,80.0,1,3.0
Plot  Area,Brookefield,1560.0,3,2,149.0,1,4.0
Super built-up  Area,Brookefield,1589.0,3,2,74.0,1,3.0
Super built-up  Area,Brookefield,1382.0,2,2,84.5,1,2.0
Super built-up  Area,Brookefield,1260.0,2,1,70.0,1,2.0
Super built-up  Area,Brookefield,1206.0,2,0,90.0,1,2.0
Built-up  Area,Brookefield,3050.0,4,0,130.0,1,4.0
Super built-up  Area,Brookefield,1594.0,3,2,140.0,1,3.0
Super built-up  Area,Budigere,1153.0,2,2,56.4,1,2.0
Super built-up  Area,Budigere,1162.0,2,1,59.9,1,2.0
Super built-up  Area,Budigere,1991.0,4,2,103.0,1,3.0
Super built-up  Area,Budigere,1153.0,2,2,57.0,1,2.0
Super built-up  Area,Budigere,1162.0,2,1,57.0,1,2.0
Super built-up  Area,Budigere,1139.0,2,2,62.0,1,2.0
Super built-up  Area,Budigere,1139.0,2,2,56.8,1,2.0
Super built-up  Area,Budigere,1139.0,2,2,56.85,1,2.0
Built-up  Area,Budigere,1920.0,2,1,88.0,1,3.0
Super built-up  Area,Budigere,1991.0,4,2,100.0,1,3.0
Super built-up  Area,Budigere,664.0,1,1,35.0,1,1.0
Super built-up  Area,Budigere,1820.0,3,2,93.0,1,3.0
Super built-up  Area,Budigere,1636.0,3,2,85.0,1,3.0
Super built-up  Area,Budigere,1444.0,2,2,70.0,1,2.0
Super built-up  Area,Budigere,1991.0,4,2,88.0,1,3.0
Super built-up  Area,Budigere,1139.0,2,2,60.0,1,2.0
Super built-up  Area,Budigere,1820.0,3,2,85.5,1,3.0
Super built-up  Area,Budigere,1820.0,3,2,85.4,1,3.0
Super built-up  Area,Budigere,1162.0,2,1,58.0,1,2.0
Super built-up  Area,Budigere,1636.0,3,2,92.0,1,3.0
Super built-up  Area,Budigere,1087.0,2,1,54.3,1,2.0
Super built-up  Area,Budigere,1820.0,3,2,89.0,1,3.0
Super built-up  Area,Budigere,1149.0,2,2,65.0,1,2.0
Super built-up  Area,Budigere,664.0,1,1,35.4,1,1.0
Super built-up  Area,Budigere,1153.0,2,2,56.7,1,2.0
Super built-up  Area,Budigere,1820.0,3,2,85.0,1,3.0
Super built-up  Area,Budigere,1139.0,2,2,56.5,1,2.0
Super built-up  Area,Budigere,1636.0,3,2,83.0,1,3.0
Built-up  Area,Budigere,664.0,1,1,34.0,1,1.0
Super built-up  Area,Budigere,1820.0,3,2,85.2,1,3.0
Super built-up  Area,Budigere,1153.0,2,2,60.0,1,2.0
Super built-up  Area,Budigere,1820.0,3,2,99.0,1,3.0
Super built-up  Area,Budigere,1172.0,2,0,56.725,0,2.0
Super built-up  Area,Budigere,1590.0,3,0,76.16,0,3.0
Super built-up  Area,Budigere,1820.0,3,2,95.0,1,3.0
Built-up  Area,Budigere,1820.0,3,2,95.5,1,3.0
Super built-up  Area,Budigere,1153.0,2,2,56.0,1,2.0
Super built-up  Area,Budigere,705.0,1,0,34.545,0,1.0
Super built-up  Area,Budigere,1153.0,2,2,56.5,1,2.0
Super built-up  Area,Budigere,1153.0,2,2,58.0,1,2.0
Super built-up  Area,Budigere,1636.0,3,2,88.0,1,3.0
Super built-up  Area,Budigere,1153.0,2,2,56.55,1,2.0
Super built-up  Area,CV Raman Nagar,1550.0,3,3,65.0,1,3.0
Super built-up  Area,CV Raman Nagar,1120.0,2,2,55.0,1,2.0
Built-up  Area,CV Raman Nagar,1070.0,2,1,55.0,1,2.0
Super built-up  Area,CV Raman Nagar,740.0,2,1,37.0,1,2.0
Super built-up  Area,CV Raman Nagar,1230.0,3,2,47.0,0,2.0
Built-up  Area,CV Raman Nagar,1726.0,3,3,145.0,1,3.0
Built-up  Area,CV Raman Nagar,1028.0,2,1,49.0,1,2.0
Super built-up  Area,CV Raman Nagar,1392.0,2,1,98.0,1,2.0
Super built-up  Area,CV Raman Nagar,1070.0,2,2,47.5,1,2.0
Super built-up  Area,CV Raman Nagar,1825.0,3,2,126.0,1,3.0
Super built-up  Area,CV Raman Nagar,1025.0,2,2,50.0,1,2.0
Super built-up  Area,CV Raman Nagar,1525.0,2,3,67.0,1,3.0
Super built-up  Area,CV Raman Nagar,1198.0,2,2,60.0,1,2.0
Super built-up  Area,CV Raman Nagar,1560.0,2,2,85.0,1,2.0
Super built-up  Area,CV Raman Nagar,1590.0,2,3,85.0,1,3.0
Super built-up  Area,CV Raman Nagar,1100.0,2,1,58.0,1,2.0
Super built-up  Area,CV Raman Nagar,1051.0,2,3,61.0,1,2.0
Super built-up  Area,CV Raman Nagar,705.0,1,1,57.0,1,1.0
Super built-up  Area,CV Raman Nagar,1225.0,2,2,47.88,0,2.0
Carpet  Area,CV Raman Nagar,1000.0,2,1,38.5,1,2.0
Built-up  Area,CV Raman Nagar,1435.0,2,2,60.0,1,3.0
Super built-up  Area,CV Raman Nagar,1020.0,2,1,55.0,1,2.0
Super built-up  Area,CV Raman Nagar,1285.0,2,2,65.0,1,2.0
Super built-up  Area,CV Raman Nagar,1030.0,2,0,35.0,1,2.0
Super built-up  Area,CV Raman Nagar,1836.0,3,2,148.0,1,3.0
Super built-up  Area,CV Raman Nagar,1040.0,2,1,50.0,1,2.0
Super built-up  Area,CV Raman Nagar,1392.0,2,1,95.0,0,2.0
Super built-up  Area,CV Raman Nagar,705.0,2,1,50.0,1,1.0
Built-up  Area,CV Raman Nagar,1125.0,2,1,46.0,1,2.0
Super built-up  Area,CV Raman Nagar,1400.0,2,2,78.0,1,3.0
Super built-up  Area,CV Raman Nagar,1980.0,4,2,166.0,0,3.0
Super built-up  Area,CV Raman Nagar,907.0,2,2,38.0,1,2.0
Super built-up  Area,CV Raman Nagar,1392.0,2,1,110.0,0,2.0
Super built-up  Area,CV Raman Nagar,1480.0,3,2,65.0,1,3.0
Super built-up  Area,CV Raman Nagar,1227.0,2,2,42.88,0,2.0
Super built-up  Area,CV Raman Nagar,1225.0,2,2,48.0,0,2.0
Super built-up  Area,CV Raman Nagar,1659.0,3,1,135.0,0,3.0
Built-up  Area,CV Raman Nagar,1310.0,2,1,62.0,1,2.0
Super built-up  Area,Chamrajpet,1475.0,2,2,120.0,1,3.0
Super built-up  Area,Chamrajpet,1900.0,2,1,170.0,1,4.0
Super built-up  Area,Chamrajpet,1350.0,2,3,180.0,1,2.0
Built-up  Area,Chamrajpet,1050.0,2,1,162.0,1,2.0
Plot  Area,Chamrajpet,1660.4,4,2,211.0,1,4.0
Built-up  Area,Chamrajpet,505.0,1,0,85.0,1,1.0
Built-up  Area,Chamrajpet,1565.0,3,2,98.91,1,3.0
Super built-up  Area,Chamrajpet,730.0,1,2,52.0,1,2.0
Super built-up  Area,Chamrajpet,650.0,1,1,40.0,1,2.0
Super built-up  Area,Chamrajpet,650.0,2,2,45.0,1,2.0
Super built-up  Area,Chamrajpet,1650.0,3,2,115.0,1,3.0
Built-up  Area,Chandapura,650.0,1,1,17.0,1,2.0
Super built-up  Area,Chandapura,645.0,1,1,16.45,0,1.0
Super built-up  Area,Chandapura,800.0,1,1,20.0,1,2.0
Super built-up  Area,Chandapura,1015.0,2,2,25.88,0,2.0
Super built-up  Area,Chandapura,530.0,1,0,11.66,0,1.0
Super built-up  Area,Chandapura,1208.0,3,1,45.0,1,3.0
Super built-up  Area,Chandapura,1190.0,2,2,30.35,0,3.0
Super built-up  Area,Chandapura,1200.0,2,2,32.0,1,2.0
Super built-up  Area,Chandapura,1025.0,2,2,27.68,0,2.0
Super built-up  Area,Chandapura,582.5,1,0,15.135,0,1.0
Super built-up  Area,Chandapura,1305.0,3,1,33.28,0,3.0
Super built-up  Area,Chandapura,1065.0,2,1,33.0,1,3.0
Built-up  Area,Chandapura,850.0,1,1,18.5,1,2.0
Super built-up  Area,Chandapura,1201.0,2,2,27.0,1,2.0
Plot  Area,Chandapura,1500.0,2,1,60.0,1,2.0
Super built-up  Area,Chandapura,850.0,2,1,25.4,0,2.0
Super built-up  Area,Chandapura,590.0,1,0,13.57,0,1.0
Super built-up  Area,Chandapura,630.0,1,0,13.86,0,1.0
Super built-up  Area,Chandapura,1185.0,2,2,30.22,0,3.0
Super built-up  Area,Chandapura,1107.0,2,1,43.0,1,3.0
Super built-up  Area,Chandapura,520.0,1,1,14.04,0,1.0
Plot  Area,Chandapura,1200.0,1,1,36.0,0,2.0
Super built-up  Area,Chandapura,975.0,2,1,24.86,0,2.0
Super built-up  Area,Chandapura,985.0,2,1,25.12,0,2.0
Super built-up  Area,Chandapura,700.0,1,1,19.0,1,2.0
Super built-up  Area,Chandapura,1095.0,2,2,32.0,1,3.0
Built-up  Area,Chandapura,1891.0,2,0,66.165,1,4.0
Built-up  Area,Chandapura,1208.51,3,2,42.0,1,3.0
Super built-up  Area,Chandapura,876.0,2,2,29.5,1,2.0
Super built-up  Area,Chandapura,1505.0,2,2,42.0,1,3.0
Super built-up  Area,Chandapura,1162.5,2,0,30.215,0,3.0
Super built-up  Area,Chandapura,937.0,2,1,30.0,0,2.0
Super built-up  Area,Chandapura,800.0,2,1,25.0,1,2.0
Super built-up  Area,Chandapura,778.0,2,0,25.29,0,2.0
Super built-up  Area,Chandapura,1230.0,2,2,31.37,0,3.0
Super built-up  Area,Chandapura,950.0,2,1,25.65,0,2.0
Plot  Area,Chandapura,1200.0,2,1,36.0,0,2.0
Super built-up  Area,Chandapura,922.0,2,1,36.0,1,2.0
Super built-up  Area,Chandapura,1110.0,2,2,29.97,0,3.0
Super built-up  Area,Chandapura,674.0,1,1,19.9,0,2.0
Super built-up  Area,Chandapura,1225.0,3,1,33.08,0,3.0
Super built-up  Area,Chandapura,750.0,1,1,18.5,1,2.0
Super built-up  Area,Chandapura,1345.0,2,2,39.5,1,3.0
Super built-up  Area,Chandapura,1033.0,2,2,30.47,0,3.0
Super built-up  Area,Chandapura,971.0,2,2,38.0,1,3.0
Built-up  Area,Chandapura,800.0,1,2,30.0,1,2.0
Super built-up  Area,Chandapura,900.0,2,3,35.0,1,2.0
Super built-up  Area,Chandapura,1323.0,2,1,42.0,1,3.0
Super built-up  Area,Chandapura,410.0,1,1,10.0,1,1.0
Built-up  Area,Chandapura,740.0,1,1,22.0,1,2.0
Super built-up  Area,Chandapura,876.0,2,2,28.47,0,2.0
Super built-up  Area,Chandapura,1095.0,2,2,28.0,1,3.0
Built-up  Area,Channasandra,1340.0,2,2,48.33,1,3.0
Super built-up  Area,Channasandra,1009.0,2,1,38.34,0,2.0
Super built-up  Area,Channasandra,1065.0,2,1,35.0,1,2.0
Super built-up  Area,Channasandra,1470.0,2,1,90.0,1,3.0
Super built-up  Area,Channasandra,1115.0,2,1,33.45,1,2.0
Super built-up  Area,Channasandra,1030.0,2,1,34.5,1,2.0
Built-up  Area,Channasandra,4200.0,6,0,180.0,1,6.0
Super built-up  Area,Channasandra,1115.0,2,1,40.0,1,2.0
Plot  Area,Channasandra,1200.0,3,1,67.77,0,3.0
Super built-up  Area,Channasandra,1104.0,2,1,35.5,1,2.0
Super built-up  Area,Channasandra,1160.0,2,1,55.0,1,2.0
Super built-up  Area,Channasandra,1050.0,2,2,41.0,0,2.0
Super built-up  Area,Channasandra,1065.0,2,1,40.47,0,2.0
Super built-up  Area,Channasandra,1310.0,2,2,45.0,1,3.0
Super built-up  Area,Channasandra,1070.0,2,1,38.0,1,2.0
Super built-up  Area,Channasandra,1050.0,2,1,35.0,1,2.0
Super built-up  Area,Channasandra,1093.0,2,1,34.0,1,2.0
Built-up  Area,Channasandra,808.0,2,1,40.0,1,2.0
Super built-up  Area,Channasandra,1010.0,2,1,36.0,1,2.0
Super built-up  Area,Channasandra,1123.0,2,1,36.0,1,2.0
Super built-up  Area,Channasandra,1000.0,2,2,35.0,0,2.0
Plot  Area,Channasandra,1500.0,4,1,89.45,0,4.0
Super built-up  Area,Channasandra,1330.0,2,2,51.83,0,3.0
Super built-up  Area,Channasandra,1093.0,2,1,37.0,1,2.0
Super built-up  Area,Channasandra,1115.0,2,1,35.8,1,2.0
Plot  Area,Channasandra,1500.0,3,1,61.95,0,3.0
Built-up  Area,Channasandra,1800.0,3,2,60.0,1,3.0
Super built-up  Area,Channasandra,830.0,2,1,36.28,0,2.0
Super built-up  Area,Channasandra,1195.0,2,1,56.0,1,3.0
Super built-up  Area,Channasandra,1175.0,2,2,38.0,1,2.0
Plot  Area,Channasandra,1200.0,2,1,46.13,0,2.0
Super built-up  Area,Channasandra,1065.0,2,1,36.0,1,2.0
Super built-up  Area,Channasandra,1050.0,2,1,44.41,0,2.0
Super built-up  Area,Channasandra,1010.0,2,1,32.0,1,2.0
Plot  Area,Chikka Tirupathi,2600.0,5,3,120.0,1,4.0
Plot  Area,Chikka Tirupathi,2325.0,4,1,120.0,1,4.0
Plot  Area,Chikka Tirupathi,1808.0,4,2,80.27,1,3.0
Plot  Area,Chikka Tirupathi,3297.0,3,1,135.0,0,3.0
Plot  Area,Chikka Tirupathi,3500.0,5,3,150.0,0,4.0
Plot  Area,Chikka Tirupathi,2646.0,3,0,99.0,1,3.0
Built-up  Area,Chikka Tirupathi,2704.0,5,0,105.0,1,4.0
Plot  Area,Chikka Tirupathi,2325.0,3,0,95.0,0,3.0
Built-up  Area,Chikka Tirupathi,3250.0,4,2,136.0,1,4.0
Plot  Area,Chikka Tirupathi,2665.0,5,3,125.0,1,4.0
Built-up  Area,Chikkabanavar,950.0,2,1,40.0,1,2.0
Plot  Area,Chikkabanavar,1600.0,2,0,80.0,1,3.0
Super built-up  Area,Chikkabanavar,600.0,1,2,25.0,1,2.0
Built-up  Area,Chikkabanavar,2400.0,4,0,97.0,1,5.0
Built-up  Area,Chikkabanavar,2000.0,4,0,65.0,1,5.0
Super built-up  Area,Chikkabanavar,1067.0,2,1,38.0,1,2.0
Super built-up  Area,Chikkabanavar,1320.0,2,2,46.0,1,3.0
Built-up  Area,Chikkabanavar,4000.0,7,0,110.0,1,8.0
Super built-up  Area,Chikkalasandra,1290.0,2,2,56.12,1,3.0
Built-up  Area,Chikkalasandra,1100.0,2,2,50.0,1,2.0
Super built-up  Area,Chikkalasandra,1208.0,2,1,49.0,1,2.0
Carpet  Area,Chikkalasandra,875.0,2,3,52.8,1,2.0
Built-up  Area,Chikkalasandra,1375.0,2,1,50.0,1,3.0
Built-up  Area,Chikkalasandra,1800.0,1,1,128.0,1,2.0
Built-up  Area,Chikkalasandra,1070.0,2,2,50.0,1,2.0
Super built-up  Area,Chikkalasandra,1230.0,2,2,48.0,1,2.0
Built-up  Area,Chikkalasandra,1428.0,2,1,80.0,1,3.0
Super built-up  Area,Chikkalasandra,1070.0,2,1,42.8,1,2.0
Super built-up  Area,Chikkalasandra,1310.0,2,1,52.4,1,3.0
Super built-up  Area,Chikkalasandra,1270.0,2,3,55.25,1,3.0
Super built-up  Area,Chikkalasandra,1365.0,2,2,49.0,1,3.0
Super built-up  Area,Chikkalasandra,1075.0,2,1,46.76,1,2.0
Super built-up  Area,Chikkalasandra,1230.0,2,2,53.51,1,3.0
Super built-up  Area,Chikkalasandra,1070.0,2,1,45.48,0,2.0
Super built-up  Area,Chikkalasandra,1100.0,2,2,50.0,1,2.0
Super built-up  Area,Chikkalasandra,1390.0,2,3,60.47,1,3.0
Super built-up  Area,Chikkalasandra,1265.0,2,2,53.12,1,3.0
Built-up  Area,Chikkalasandra,1224.0,2,2,45.0,1,2.0
Super built-up  Area,Chikkalasandra,1090.0,2,1,47.42,1,2.0
Super built-up  Area,Chikkalasandra,1355.0,3,2,54.2,0,3.0
Built-up  Area,Chikkalasandra,1350.0,2,2,54.2,1,3.0
Built-up  Area,Chikkalasandra,1325.0,2,1,59.0,1,2.0
Super built-up  Area,Chikkalasandra,1290.0,2,2,72.0,1,2.0
Super built-up  Area,Chikkalasandra,1275.0,2,2,55.46,1,3.0
Built-up  Area,Chikkalasandra,1425.0,1,0,54.0,1,3.0
Super built-up  Area,Choodasandra,1115.0,2,2,50.0,1,2.0
Super built-up  Area,Choodasandra,1300.0,2,3,57.0,1,2.0
Super built-up  Area,Choodasandra,1530.0,3,2,77.0,0,3.0
Super built-up  Area,Choodasandra,1220.0,3,2,56.0,1,3.0
Super built-up  Area,Choodasandra,1197.0,2,1,63.0,0,2.0
Super built-up  Area,Choodasandra,1465.0,3,3,75.0,1,3.0
Super built-up  Area,Choodasandra,1115.0,2,1,50.0,1,2.0
Super built-up  Area,Choodasandra,1215.0,2,2,59.0,1,2.0
Super built-up  Area,Choodasandra,1254.0,2,1,65.0,1,3.0
Super built-up  Area,Choodasandra,1580.0,3,3,105.0,1,3.0
Super built-up  Area,Choodasandra,725.0,2,2,36.0,1,2.0
Built-up  Area,Choodasandra,2429.0,3,1,210.0,0,4.0
Super built-up  Area,Choodasandra,1075.0,2,2,45.0,1,2.0
Super built-up  Area,Choodasandra,1180.0,2,1,71.22,1,2.0
Built-up  Area,Choodasandra,1140.0,2,2,62.0,1,2.0
Super built-up  Area,Choodasandra,1220.0,3,1,56.0,1,3.0
Super built-up  Area,Choodasandra,1560.0,3,2,78.0,1,3.0
Built-up  Area,Choodasandra,1065.0,2,1,46.0,1,2.0
Super built-up  Area,Cooke Town,3950.0,4,0,450.0,1,4.0
Built-up  Area,Cooke Town,2388.0,4,3,239.0,1,3.0
Super built-up  Area,Cooke Town,1710.0,2,2,200.0,1,2.0
Super built-up  Area,Cooke Town,1310.0,2,2,111.0,1,2.0
Super built-up  Area,Cooke Town,3900.0,5,0,415.0,1,4.0
Super built-up  Area,Cooke Town,2560.0,4,0,310.0,1,3.0
Plot  Area,Cooke Town,2600.0,3,1,375.0,1,3.0
Super built-up  Area,Cooke Town,1100.0,2,3,90.0,1,2.0
Super built-up  Area,Cooke Town,2300.0,3,1,250.0,1,3.0
Super built-up  Area,Cox Town,1975.0,3,3,150.0,1,3.0
Super built-up  Area,Cox Town,1650.0,3,3,100.0,1,3.0
Super built-up  Area,Cox Town,1730.0,3,3,140.0,1,3.0
Super built-up  Area,Cox Town,1600.0,3,1,150.0,1,3.0
Super built-up  Area,Cox Town,1250.0,2,2,95.0,1,2.0
Built-up  Area,Cox Town,1280.0,2,1,120.0,1,2.0
Built-up  Area,Cox Town,1073.0,2,2,72.0,1,2.0
Super built-up  Area,Cox Town,1000.0,2,3,58.0,1,2.0
Super built-up  Area,Cox Town,1200.0,2,2,140.0,1,2.0
Super built-up  Area,Cunningham Road,5270.0,4,3,1250.0,1,4.0
Super built-up  Area,Cunningham Road,3875.0,3,2,864.0,1,3.0
Super built-up  Area,Cunningham Road,3875.0,3,2,800.0,1,3.0
Super built-up  Area,Cunningham Road,3815.0,3,1,763.0,0,3.0
Super built-up  Area,Cunningham Road,2880.0,3,2,501.0,1,3.0
Super built-up  Area,Cunningham Road,3489.0,3,1,662.0,0,3.0
Super built-up  Area,Cunningham Road,4170.0,3,2,800.0,1,3.0
Super built-up  Area,Cunningham Road,5108.0,5,2,995.0,0,4.0
Super built-up  Area,Cunningham Road,2700.0,3,1,501.0,1,3.0
Plot  Area,Cunningham Road,7500.0,6,2,1800.0,1,4.0
Super built-up  Area,Cunningham Road,2880.0,3,2,560.0,1,3.0
Super built-up  Area,Dasanapura,708.0,2,2,37.0,0,2.0
Super built-up  Area,Dasanapura,708.0,1,1,40.0,1,2.0
Built-up  Area,Dasanapura,965.0,2,1,42.5,1,2.0
Super built-up  Area,Dasanapura,1286.0,3,2,61.44,1,3.0
Plot  Area,Dasanapura,1500.0,3,1,65.0,1,2.0
Super built-up  Area,Dasanapura,814.0,2,1,42.0,1,2.0
Built-up  Area,Dasanapura,1163.0,2,1,65.0,1,2.0
Super built-up  Area,Dasanapura,1286.0,2,1,68.0,0,3.0
Super built-up  Area,Dasanapura,708.0,2,1,31.15,1,2.0
Super built-up  Area,Dasanapura,814.0,2,1,43.7,1,2.0
Super built-up  Area,Dasarahalli,1295.0,2,1,65.0,1,2.0
Super built-up  Area,Dasarahalli,1520.0,2,1,75.0,1,3.0
Built-up  Area,Dasarahalli,1150.0,2,0,70.0,1,2.0
Super built-up  Area,Dasarahalli,2100.0,3,3,120.0,1,3.0
Super built-up  Area,Dasarahalli,1220.0,2,2,52.0,1,2.0
Super built-up  Area,Dasarahalli,1375.0,2,1,60.0,1,2.0
Super built-up  Area,Dasarahalli,1333.0,2,1,78.56,0,2.0
Super built-up  Area,Dasarahalli,1220.0,2,2,62.0,1,2.0
Built-up  Area,Devanahalli,3210.0,2,0,192.0,0,4.0
Super built-up  Area,Devanahalli,1260.0,2,2,66.78,0,2.0
Super built-up  Area,Devanahalli,1282.0,2,2,68.52,0,3.0
Super built-up  Area,Devanahalli,1360.0,2,1,65.0,0,2.0
Super built-up  Area,Devanahalli,1630.0,2,0,74.82,0,3.0
Super built-up  Area,Devanahalli,1408.0,2,2,85.0,0,2.0
Super built-up  Area,Devanahalli,1010.0,2,1,51.0,1,2.0
Super built-up  Area,Devanahalli,1080.0,2,0,53.35,1,2.0
Plot  Area,Devanahalli,2400.0,5,3,100.0,1,5.0
Super built-up  Area,Devanahalli,1080.0,2,1,44.0,1,2.0
Super built-up  Area,Devanahalli,1282.0,2,2,52.43,0,3.0
Super built-up  Area,Devanahalli,1174.0,2,1,59.0,0,2.0
Plot  Area,Devanahalli,3752.5,2,0,177.115,0,3.0
Super built-up  Area,Devanahalli,658.0,1,1,34.0,0,1.0
Super built-up  Area,Devanahalli,658.0,1,0,26.91,0,1.0
Super built-up  Area,Devanahalli,698.5,1,0,28.57,0,1.0
Super built-up  Area,Devanahalli,1080.0,2,1,52.0,1,2.0
Super built-up  Area,Devanahalli,1700.0,3,0,88.2,0,3.0
Super built-up  Area,Devanahalli,1498.0,3,3,79.15,0,3.0
Super built-up  Area,Devanahalli,1466.0,3,3,77.59,0,3.0
Super built-up  Area,Devanahalli,775.0,1,0,39.0,1,1.0
Super built-up  Area,Devanahalli,1020.0,2,1,49.87,0,1.0
Super built-up  Area,Devanahalli,1045.0,2,2,48.0,1,2.0
Super built-up  Area,Devanahalli,1550.0,3,1,85.0,1,3.0
Super built-up  Area,Devanahalli,1200.0,2,1,55.08,0,3.0
Super built-up  Area,Devanahalli,1340.0,2,1,65.0,0,2.0
Built-up  Area,Devanahalli,2125.0,3,1,107.0,0,3.0
Super built-up  Area,Devanahalli,1230.0,2,1,56.45,0,2.0
Super built-up  Area,Devanahalli,1360.0,2,0,62.425,0,2.0
Super built-up  Area,Devanahalli,658.0,1,1,26.91,0,1.0
Super built-up  Area,Devanahalli,1290.0,2,1,62.0,0,3.0
Built-up  Area,Devanahalli,1010.0,2,1,58.0,1,2.0
Super built-up  Area,Devanahalli,1466.0,3,3,59.96,0,3.0
Super built-up  Area,Devanahalli,1520.0,2,1,69.76,0,3.0
Super built-up  Area,Devanahalli,1075.0,2,0,52.57,1,1.0
Super built-up  Area,Devarachikkanahalli,1250.0,2,3,44.0,0,3.0
Super built-up  Area,Devarachikkanahalli,1250.0,2,2,40.0,1,2.0
Plot  Area,Devarachikkanahalli,1200.0,2,2,83.0,1,2.0
Super built-up  Area,Devarachikkanahalli,1170.0,2,2,40.0,1,2.0
Built-up  Area,Devarachikkanahalli,615.0,1,1,24.0,1,1.0
Super built-up  Area,Devarachikkanahalli,1230.0,2,1,58.0,1,2.0
Super built-up  Area,Devarachikkanahalli,1425.0,2,2,65.0,1,3.0
Super built-up  Area,Devarachikkanahalli,947.0,2,2,43.0,1,2.0
Super built-up  Area,Devarachikkanahalli,1130.0,2,2,36.0,1,2.0
Super built-up  Area,Devarachikkanahalli,1417.0,2,2,76.0,1,3.0
Super built-up  Area,Devarachikkanahalli,1705.0,3,2,75.0,1,3.0
Built-up  Area,Devarachikkanahalli,1116.0,2,1,47.0,1,2.0
Super built-up  Area,Devarachikkanahalli,991.0,2,2,40.0,1,2.0
Super built-up  Area,Devarachikkanahalli,1700.0,3,1,71.0,1,3.0
Built-up  Area,Dodda Nekkundi,1260.0,2,2,55.0,1,2.0
Super built-up  Area,Dodda Nekkundi,850.0,2,3,28.0,1,2.0
Super built-up  Area,Dodda Nekkundi,1390.0,2,2,60.0,1,2.0
Super built-up  Area,Dodda Nekkundi,1804.0,3,2,121.0,1,3.0
Super built-up  Area,Dodda Nekkundi,1080.0,2,2,50.0,1,2.0
Super built-up  Area,Dodda Nekkundi,1999.0,3,2,132.0,1,3.0
Super built-up  Area,Dodda Nekkundi,1100.0,2,2,48.0,1,2.0
Super built-up  Area,Dodda Nekkundi,1999.0,3,2,135.0,1,3.0
Super built-up  Area,Dodda Nekkundi,1100.0,2,1,41.15,1,2.0
Super built-up  Area,Dodda Nekkundi,1252.0,2,1,71.0,1,3.0
Super built-up  Area,Dodda Nekkundi,1155.0,2,1,46.0,1,2.0
Super built-up  Area,Dodda Nekkundi,1128.0,2,2,45.0,1,2.0
Super built-up  Area,Dodda Nekkundi,1148.0,2,1,56.0,1,2.0
Super built-up  Area,Dodda Nekkundi,1435.0,3,3,57.2,1,3.0
Built-up  Area,Dodda Nekkundi,1145.0,2,1,46.5,1,2.0
Super built-up  Area,Dodda Nekkundi,1829.0,3,2,125.0,1,3.0
Super built-up  Area,Dodda Nekkundi,1100.0,2,1,41.16,1,2.0
Super built-up  Area,Dodda Nekkundi,1100.0,2,1,46.75,1,2.0
Super built-up  Area,Dodda Nekkundi,1315.0,2,2,50.0,1,2.0
Super built-up  Area,Dodda Nekkundi,1135.0,2,2,58.0,1,2.0
Super built-up  Area,Dodda Nekkundi,1100.0,2,1,41.18,1,2.0
Built-up  Area,Dodda Nekkundi,1370.0,2,2,60.0,1,2.0
Super built-up  Area,Dodda Nekkundi,1200.0,2,2,71.0,1,2.0
Super built-up  Area,Dodda Nekkundi,1585.0,2,2,79.0,1,3.0
Built-up  Area,Dodda Nekkundi,1005.0,2,2,45.0,1,2.0
Super built-up  Area,Dodda Nekkundi,1264.0,2,0,52.0,1,2.0
Super built-up  Area,Doddaballapur,1690.0,3,2,80.0,1,4.0
Plot  Area,Doddaballapur,3000.0,2,2,120.0,1,3.0
Plot  Area,Doddaballapur,4200.0,4,3,325.0,1,4.0
Plot  Area,Doddaballapur,3876.0,3,1,300.0,1,3.0
Plot  Area,Doddaballapur,2776.0,4,2,195.0,1,3.0
Plot  Area,Doddaballapur,2440.0,3,1,142.0,1,3.0
Plot  Area,Doddaballapur,2400.0,3,0,200.0,1,4.0
Super built-up  Area,Doddaballapur,654.0,1,1,49.0,0,1.0
Plot  Area,Doddaballapur,3206.0,5,0,270.0,1,4.0
Super built-up  Area,Doddakallasandra,1010.0,2,1,40.39,1,2.0
Super built-up  Area,Doddakallasandra,1360.0,2,2,54.39,1,3.0
Super built-up  Area,Doddakallasandra,1460.0,2,2,58.39,1,3.0
Super built-up  Area,Doddakallasandra,1360.0,2,2,54.4,1,3.0
Super built-up  Area,Doddakallasandra,1425.0,2,2,56.99,1,3.0
Super built-up  Area,Doddakallasandra,1072.0,2,1,42.87,1,2.0
Super built-up  Area,Doddakallasandra,1010.0,2,1,40.4,1,2.0
Super built-up  Area,Doddakallasandra,1010.0,2,1,41.0,1,2.0
Super built-up  Area,Doddathoguru,970.0,2,0,33.0,1,2.0
Built-up  Area,Doddathoguru,1050.0,2,1,32.0,1,2.0
Super built-up  Area,Doddathoguru,850.0,2,1,25.0,1,2.0
Super built-up  Area,Doddathoguru,1030.0,2,2,42.0,1,2.0
Super built-up  Area,Doddathoguru,1549.0,3,2,65.0,1,3.0
Built-up  Area,Doddathoguru,1875.0,3,1,55.0,1,3.0
Super built-up  Area,Doddathoguru,550.0,1,1,17.0,1,1.0
Super built-up  Area,Doddathoguru,1015.0,2,2,33.5,1,2.0
Super built-up  Area,Doddathoguru,1104.0,2,2,39.0,1,2.0
Super built-up  Area,Doddathoguru,915.0,2,1,32.0,1,2.0
Super built-up  Area,Doddathoguru,750.0,1,1,25.5,1,1.0
Super built-up  Area,Doddathoguru,1595.0,3,3,62.0,1,3.0
Super built-up  Area,Doddathoguru,855.0,2,1,32.0,1,2.0
Super built-up  Area,Doddathoguru,1105.0,2,1,50.0,1,2.0
Built-up  Area,Doddathoguru,925.0,2,2,30.0,1,2.0
Super built-up  Area,Doddathoguru,1300.0,2,1,42.0,1,3.0
Built-up  Area,Doddathoguru,1208.0,3,1,45.0,1,3.0
Built-up  Area,Doddathoguru,1100.0,2,2,50.0,1,2.0
Super built-up  Area,Doddathoguru,940.0,2,1,32.9,1,2.0
Super built-up  Area,Doddathoguru,1382.0,3,1,65.0,1,3.0
Built-up  Area,Doddathoguru,1107.0,2,3,44.0,1,2.0
Built-up  Area,Doddathoguru,907.0,2,1,40.0,1,2.0
Super built-up  Area,Doddathoguru,1783.0,3,3,85.0,1,3.0
Super built-up  Area,Domlur,1540.0,3,2,90.0,1,3.0
Super built-up  Area,Domlur,1875.0,2,2,150.0,1,3.0
Super built-up  Area,Domlur,1429.0,3,3,86.0,1,3.0
Built-up  Area,Domlur,640.0,1,0,55.0,1,1.0
Super built-up  Area,Domlur,1050.0,2,2,85.0,1,2.0
Super built-up  Area,Domlur,1800.0,3,2,150.0,1,3.0
Super built-up  Area,Domlur,1720.0,3,1,135.0,1,3.0
Super built-up  Area,Domlur,1950.0,3,3,165.0,1,3.0
Built-up  Area,Domlur,2180.0,3,2,285.0,0,3.0
Super built-up  Area,Domlur,650.0,1,1,70.0,1,1.0
Super built-up  Area,Domlur,780.0,1,1,70.0,1,1.0
Super built-up  Area,Domlur,2180.0,3,2,285.0,1,3.0
Super built-up  Area,Domlur,1740.0,3,0,120.0,1,3.0
Built-up  Area,Domlur,1695.0,3,2,125.0,1,3.0
Super built-up  Area,Domlur,1246.0,2,1,95.0,1,2.0
Super built-up  Area,Domlur,2100.0,3,2,145.0,1,3.0
Super built-up  Area,Domlur,1276.0,2,2,80.0,1,2.0
Super built-up  Area,Domlur,1850.0,3,1,180.0,1,3.0
Super built-up  Area,Domlur,2955.0,3,0,235.0,1,3.0
Built-up  Area,Domlur,1650.0,3,1,180.0,1,3.0
Super built-up  Area,Dommasandra,805.0,2,1,22.14,0,2.0
Super built-up  Area,Dommasandra,1033.0,2,2,25.53,0,3.0
Built-up  Area,Dommasandra,1267.0,3,2,56.0,1,3.0
Super built-up  Area,Dommasandra,1200.0,2,2,50.0,1,2.0
Built-up  Area,Dommasandra,2700.0,3,2,68.0,1,4.0
Super built-up  Area,Dommasandra,1033.0,2,2,31.5,0,3.0
Super built-up  Area,Dommasandra,1153.0,2,2,43.5,1,2.0
Plot  Area,Dommasandra,1500.0,2,0,40.0,0,2.0
Super built-up  Area,Dommasandra,1090.0,2,2,43.5,1,2.0
Super built-up  Area,Dommasandra,850.0,2,1,25.4,0,2.0
Super built-up  Area,Dommasandra,674.0,1,1,19.9,0,2.0
Super built-up  Area,Dommasandra,999.0,2,2,32.9,1,2.0
Super built-up  Area,EPIP Zone,1499.0,5,2,102.0,1,3.0
Super built-up  Area,EPIP Zone,1285.0,2,2,82.0,1,2.0
Super built-up  Area,EPIP Zone,2330.0,3,2,162.0,0,3.0
Super built-up  Area,EPIP Zone,1330.0,2,1,92.5,1,2.0
Super built-up  Area,EPIP Zone,1330.0,2,1,86.98,1,2.0
Super built-up  Area,EPIP Zone,1330.0,2,1,93.36,0,2.0
Super built-up  Area,EPIP Zone,3035.0,5,0,200.0,1,4.0
Super built-up  Area,EPIP Zone,1500.0,3,3,102.0,1,3.0
Built-up  Area,EPIP Zone,1280.0,2,1,69.0,1,2.0
Built-up  Area,EPIP Zone,1125.0,2,1,65.0,1,2.0
Super built-up  Area,EPIP Zone,1734.0,3,3,125.0,1,3.0
Super built-up  Area,EPIP Zone,3360.0,5,0,225.0,1,4.0
Super built-up  Area,EPIP Zone,1343.0,2,2,86.0,1,2.0
Super built-up  Area,EPIP Zone,2350.0,4,2,163.0,0,3.0
Super built-up  Area,EPIP Zone,1860.0,3,2,130.0,0,3.0
Super built-up  Area,EPIP Zone,2210.0,3,3,165.0,1,3.0
Super built-up  Area,EPIP Zone,2710.0,3,2,177.0,1,3.0
Super built-up  Area,EPIP Zone,3360.0,5,2,221.0,0,4.0
Super built-up  Area,Electronic City,660.0,1,1,23.1,1,2.0
Super built-up  Area,Electronic City,1025.0,2,1,47.0,1,3.0
Super built-up  Area,Electronic City,1000.0,2,1,28.88,0,2.0
Super built-up  Area,Electronic City,1530.0,2,1,45.9,1,3.0
Super built-up  Area,Electronic City,1500.0,2,1,64.5,1,3.0
Built-up  Area,Electronic City,1060.0,2,1,60.0,1,2.0
Super built-up  Area,Electronic City,1152.0,2,1,64.5,0,2.0
Super built-up  Area,Electronic City,1350.0,2,1,56.0,1,3.0
Built-up  Area,Electronic City,770.0,1,1,36.0,1,2.0
Super built-up  Area,Electronic City,1070.0,2,1,52.0,1,2.0
Built-up  Area,Electronic City,1025.0,2,1,46.0,1,2.0
Super built-up  Area,Electronic City,589.0,1,1,27.0,1,1.0
Built-up  Area,Electronic City,1100.0,2,2,42.0,1,2.0
Super built-up  Area,Electronic City,910.0,2,1,40.0,1,2.0
Super built-up  Area,Electronic City,1108.0,2,1,63.0,0,2.0
Super built-up  Area,Electronic City,1128.0,2,1,65.0,0,2.0
Super built-up  Area,Electronic City,1800.0,3,2,95.0,1,3.0
Built-up  Area,Electronic City,630.0,1,1,34.65,0,1.0
Super built-up  Area,Electronic City,1128.0,2,1,63.0,0,2.0
Super built-up  Area,Electronic City,1599.0,3,2,99.0,0,3.0
Built-up  Area,Electronic City,1125.0,2,1,32.49,0,2.0
Super built-up  Area,Electronic City,1094.0,2,2,42.0,1,2.0
Super built-up  Area,Electronic City,1070.0,2,1,55.0,1,2.0
Super built-up  Area,Electronic City,940.0,2,1,41.0,1,2.0
Built-up  Area,Electronic City,1320.0,2,1,38.13,0,3.0
Super built-up  Area,Electronic City,1128.0,2,1,68.75,0,2.0
Super built-up  Area,Electronic City,1342.0,2,1,73.3,0,2.0
Super built-up  Area,Electronic City,1360.0,2,1,71.0,1,3.0
Super built-up  Area,Electronic City,880.0,2,2,29.0,1,2.0
Super built-up  Area,Electronic City,1265.0,2,0,56.93,0,2.0
Super built-up  Area,Electronic City,1691.0,2,2,102.0,0,3.0
Super built-up  Area,Electronic City,1128.0,2,1,65.49,0,2.0
Built-up  Area,Electronic City,1620.0,3,2,62.0,1,3.0
Super built-up  Area,Electronic City,710.0,2,2,16.0,1,2.0
Super built-up  Area,Electronic City,1070.0,2,1,56.1,1,2.0
Plot  Area,Electronic City,2000.0,4,0,120.0,1,4.0
Built-up  Area,Electronic City,890.0,2,2,45.0,1,2.0
Super built-up  Area,Electronic City,1128.0,2,1,65.65,0,2.0
Built-up  Area,Electronic City,865.0,2,0,42.0,1,2.0
Built-up  Area,Electronic City,1130.0,2,1,32.64,0,2.0
Super built-up  Area,Electronic City,910.0,2,2,42.0,1,2.0
Super built-up  Area,Electronic City,975.0,2,2,37.5,1,2.0
Built-up  Area,Electronic City,1360.0,2,1,75.0,1,3.0
Super built-up  Area,Electronic City,770.0,1,1,40.0,1,2.0
Super built-up  Area,Electronic City,1128.0,2,1,64.0,1,2.0
Super built-up  Area,Electronic City,1070.0,2,1,54.0,1,2.0
Built-up  Area,Electronic City,1025.0,2,1,29.6,0,2.0
Super built-up  Area,Electronic City,1571.0,3,2,89.0,0,3.0
Super built-up  Area,Electronic City,1111.0,3,1,50.0,0,3.0
Super built-up  Area,Electronic City,870.0,2,1,39.5,1,2.0
Super built-up  Area,Electronic City,921.0,2,1,34.0,1,2.0
Super built-up  Area,Electronic City,1374.0,2,1,72.0,0,3.0
Super built-up  Area,Electronic City,1100.0,2,2,45.0,1,2.0
Super built-up  Area,Electronic City,1128.0,2,1,65.35,0,2.0
Super built-up  Area,Electronic City,755.0,1,1,34.0,1,2.0
Built-up  Area,Electronic City,1220.0,2,2,35.24,0,3.0
Plot  Area,Electronic City,4000.0,5,1,150.0,0,4.0
Super built-up  Area,Electronic City,1100.0,2,1,40.0,1,2.0
Super built-up  Area,Electronic City,1563.0,3,2,91.84,0,3.0
Super built-up  Area,Electronic City,1652.0,3,2,70.0,1,3.0
Super built-up  Area,Electronic City,1000.0,2,2,22.0,1,2.0
Super built-up  Area,Electronic City,1025.0,2,1,54.5,0,2.0
Super built-up  Area,Electronic City,1070.0,2,1,46.0,1,2.0
Super built-up  Area,Electronic City,1350.0,3,2,58.0,1,3.0
Super built-up  Area,Electronic City,1000.0,2,3,25.0,1,2.0
Built-up  Area,Electronic City,1020.0,2,1,29.46,0,2.0
Super built-up  Area,Electronic City,1700.0,3,2,75.0,1,3.0
Super built-up  Area,Electronic City,1400.0,2,1,48.0,1,3.0
Super built-up  Area,Electronic City,1128.0,2,1,68.0,1,2.0
Built-up  Area,Electronic City,700.0,1,1,35.0,1,1.0
Super built-up  Area,Electronic City,1360.0,2,1,70.5,1,3.0
Super built-up  Area,Electronic City,1150.0,2,1,38.0,0,2.0
Super built-up  Area,Electronic City,1571.0,3,2,105.0,1,3.0
Built-up  Area,Electronic City,1090.0,2,1,31.49,0,2.0
Super built-up  Area,Electronic City,1089.0,2,2,45.0,1,2.0
Super built-up  Area,Electronic City,1110.0,2,1,40.0,1,2.0
Built-up  Area,Electronic City,1600.0,3,2,104.0,0,3.0
Built-up  Area,Electronic City,1130.0,2,1,32.63,0,2.0
Built-up  Area,Electronic City,1500.0,2,1,100.0,1,3.0
Super built-up  Area,Electronic City,1440.0,2,2,55.0,1,3.0
Super built-up  Area,Electronic City,1156.0,2,2,44.0,0,3.0
Built-up  Area,Electronic City,1400.0,2,1,40.44,0,3.0
Super built-up  Area,Electronic City,1152.0,2,1,65.0,0,2.0
Super built-up  Area,Electronic City,1070.0,2,1,60.0,1,2.0
Super built-up  Area,Electronic City,1128.0,2,1,65.5,0,2.0
Super built-up  Area,Electronic City,1200.0,2,1,59.0,1,2.0
Super built-up  Area,Electronic City,1152.0,2,1,65.75,0,2.0
Super built-up  Area,Electronic City,1225.0,3,0,45.03,0,3.0
Super built-up  Area,Electronic City,1070.0,2,1,55.0,0,2.0
Super built-up  Area,Electronic City,1060.0,2,1,58.0,1,2.0
Super built-up  Area,Electronic City,1025.0,2,1,54.1,0,2.0
Super built-up  Area,Electronic City,1105.0,2,1,35.0,0,3.0
Super built-up  Area,Electronic City,660.0,1,1,18.0,1,2.0
Super built-up  Area,Electronic City,660.0,1,1,15.0,1,2.0
Super built-up  Area,Electronic City,1000.0,2,2,41.0,1,2.0
Super built-up  Area,Electronic City,1500.0,2,1,78.0,1,3.0
Super built-up  Area,Electronic City,1213.0,2,1,59.32,0,2.0
Super built-up  Area,Electronic City,1575.0,3,2,90.0,1,3.0
Built-up  Area,Electronic City,435.0,1,1,19.5,1,1.0
Built-up  Area,Electronic City,1449.0,3,2,100.0,1,3.0
Super built-up  Area,Electronic City,1310.0,2,1,37.83,0,3.0
Super built-up  Area,Electronic City,1125.0,2,1,58.0,1,2.0
Built-up  Area,Electronic City,1090.0,2,2,35.03,1,2.0
Super built-up  Area,Electronic City,1575.0,3,3,101.0,1,3.0
Super built-up  Area,Electronic City,660.0,1,1,16.0,1,2.0
Built-up  Area,Electronic City,550.0,1,1,12.0,1,1.0
Super built-up  Area,Electronic City,919.0,2,2,40.0,1,2.0
Super built-up  Area,Electronic City,1500.0,2,1,78.25,0,3.0
Super built-up  Area,Electronic City,1363.0,2,1,79.0,1,2.0
Super built-up  Area,Electronic City,1156.0,2,2,42.0,1,2.0
Super built-up  Area,Electronic City,1020.0,2,2,29.46,0,2.0
Super built-up  Area,Electronic City,1108.0,2,1,67.15,1,2.0
Built-up  Area,Electronic City,1160.0,2,1,33.5,0,2.0
Super built-up  Area,Electronic City,1128.0,2,1,65.7,0,2.0
Super built-up  Area,Electronic City,1170.0,2,1,33.0,1,2.0
Built-up  Area,Electronic City,1060.0,2,1,51.0,1,2.0
Super built-up  Area,Electronic City,1410.0,2,2,38.0,1,3.0
Built-up  Area,Electronic City,1650.0,3,2,100.0,0,3.0
Built-up  Area,Electronic City,1020.0,2,1,29.45,0,2.0
Super built-up  Area,Electronic City,1025.0,2,1,49.0,1,2.0
Super built-up  Area,Electronic City,1000.0,2,1,29.7,0,2.0
Super built-up  Area,Electronic City,1449.0,3,2,90.0,1,3.0
Built-up  Area,Electronic City,1065.0,2,1,30.75,0,2.0
Super built-up  Area,Electronic City,1070.0,2,1,58.0,1,2.0
Super built-up  Area,Electronic City,1210.0,2,1,54.0,1,2.0
Built-up  Area,Electronic City,1500.0,2,1,75.0,0,3.0
Super built-up  Area,Electronic City,1033.0,2,2,28.41,0,3.0
Super built-up  Area,Electronic City,2435.0,4,3,119.0,0,4.0
Super built-up  Area,Electronic City,660.0,1,1,15.5,1,2.0
Built-up  Area,Electronic City,1125.0,2,1,32.5,0,2.0
Built-up  Area,Electronic City,1165.0,2,1,33.64,0,2.0
Super built-up  Area,Electronic City,919.0,2,2,34.0,1,2.0
Super built-up  Area,Electronic City,1073.0,2,2,60.0,1,2.0
Super built-up  Area,Electronic City,1500.0,2,1,78.0,0,3.0
Super built-up  Area,Electronic City,1070.0,2,1,47.0,0,2.0
Super built-up  Area,Electronic City,1296.0,2,2,65.0,1,2.0
Super built-up  Area,Electronic City,1140.0,2,1,70.93,0,2.0
Built-up  Area,Electronic City,1200.0,2,1,34.65,0,2.0
Super built-up  Area,Electronic City,1096.0,2,2,40.55,1,2.0
Super built-up  Area,Electronic City,1017.0,2,2,27.0,1,2.0
Super built-up  Area,Electronic City,1110.0,2,1,39.95,1,2.0
Super built-up  Area,Electronic City,2093.0,4,1,104.0,0,4.0
Super built-up  Area,Electronic City,1025.0,2,1,53.9,1,2.0
Built-up  Area,Electronic City,940.0,2,1,54.0,1,2.0
Super built-up  Area,Electronic City,435.0,1,1,21.0,1,1.0
Super built-up  Area,Electronic City,1500.0,2,1,77.5,0,3.0
Super built-up  Area,Electronic City,1631.0,3,2,80.0,1,3.0
Super built-up  Area,Electronic City,1355.0,2,1,67.0,0,2.0
Super built-up  Area,Electronic City,1200.0,2,0,34.0,1,2.0
Super built-up  Area,Electronic City,1175.0,2,1,47.0,0,2.0
Super built-up  Area,Electronic City,435.0,1,1,22.0,1,1.0
Built-up  Area,Electronic City,1500.0,2,1,63.0,1,3.0
Super built-up  Area,Electronic City,1039.0,2,1,50.0,1,2.0
Super built-up  Area,Electronic City,770.0,1,1,39.9,1,2.0
Super built-up  Area,Electronic City,919.0,2,2,35.0,1,2.0
Super built-up  Area,Electronic City,1128.0,2,1,64.0,0,2.0
Super built-up  Area,Electronic City,605.0,1,0,13.31,0,1.0
Super built-up  Area,Electronic City,1159.0,2,3,38.0,1,3.0
Super built-up  Area,Electronic City,530.0,1,1,13.5,0,1.0
Super built-up  Area,Electronic City,1070.0,2,1,53.0,1,2.0
Super built-up  Area,Electronic City,1025.0,1,1,26.63,0,2.0
Built-up  Area,Electronic City,2400.0,2,0,78.0,1,3.0
Super built-up  Area,Electronic City,1571.0,3,2,83.0,0,3.0
Super built-up  Area,Electronic City,1470.0,2,1,44.1,1,3.0
Super built-up  Area,Electronic City,1350.0,3,2,66.0,1,3.0
Super built-up  Area,Electronic City,1652.0,3,3,110.0,1,3.0
Built-up  Area,Electronic City,1320.0,2,1,38.12,0,3.0
Built-up  Area,Electronic City,1090.0,2,1,31.48,0,2.0
Built-up  Area,Electronic City,1050.0,2,1,39.0,1,3.0
Super built-up  Area,Electronic City,1128.0,2,1,65.58,0,2.0
Built-up  Area,Electronic City,635.0,1,1,28.0,1,1.0
Super built-up  Area,Electronic City,1128.0,2,1,65.4,0,2.0
Super built-up  Area,Electronic City,1096.0,2,2,39.0,1,2.0
Super built-up  Area,Electronic City,1150.0,2,1,38.0,1,2.0
Super built-up  Area,Electronic City,1355.0,2,1,72.9,0,2.0
Super built-up  Area,Electronic City,1200.0,2,2,30.0,0,2.0
Built-up  Area,Electronic City,1150.0,2,2,35.0,1,2.0
Built-up  Area,Electronic City,770.0,1,1,35.0,1,2.0
Super built-up  Area,Electronic City,865.0,2,1,40.0,1,2.0
Built-up  Area,Electronic City,800.0,2,2,32.0,1,2.0
Super built-up  Area,Electronic City,970.0,2,2,34.0,1,2.0
Super built-up  Area,Electronic City,1108.0,2,1,63.0,1,2.0
Super built-up  Area,Electronic City,630.0,1,1,40.5,0,1.0
Super built-up  Area,Electronic City,1100.0,2,1,41.0,1,2.0
Super built-up  Area,Electronic City,975.0,2,1,32.0,1,2.0
Super built-up  Area,Electronic City,605.0,1,1,22.0,1,1.0
Built-up  Area,Electronic City,1142.0,2,0,35.0,1,2.0
Super built-up  Area,Electronic City,1070.0,2,1,48.0,1,2.0
Super built-up  Area,Electronic City,1160.0,2,2,42.0,1,3.0
Super built-up  Area,Electronic City,1360.0,2,1,70.0,1,3.0
Super built-up  Area,Electronic City,635.0,1,0,28.0,1,1.0
Super built-up  Area,Electronic City,1128.0,2,1,65.45,0,2.0
Super built-up  Area,Electronic City,890.0,2,1,40.0,1,2.0
Super built-up  Area,Electronic City,1127.0,2,2,32.0,1,2.0
Super built-up  Area,Electronic City,825.0,2,1,35.0,1,2.0
Super built-up  Area,Electronic City,1200.0,2,2,40.5,1,2.0
Super built-up  Area,Electronic City,1360.0,2,1,58.0,1,3.0
Built-up  Area,Electronic City,1400.0,2,1,40.45,0,3.0
Built-up  Area,Electronic City,1065.0,2,1,30.76,0,2.0
Super built-up  Area,Electronic City,630.0,1,1,33.7,0,1.0
Built-up  Area,Electronic City,1025.0,2,1,29.61,0,2.0
Super built-up  Area,Electronic City,660.0,1,1,16.5,1,2.0
Built-up  Area,Electronic City,1400.0,3,1,90.0,1,3.0
Built-up  Area,Electronic City,1287.0,3,1,55.0,1,3.0
Super built-up  Area,Electronic City,1258.0,2,1,85.5,1,2.0
Built-up  Area,Electronic City,1386.0,2,1,85.0,1,2.0
Built-up  Area,Electronic City,550.0,1,1,27.0,1,1.0
Super built-up  Area,Electronic City,1025.0,2,1,50.0,1,2.0
Super built-up  Area,Electronic City,1140.0,2,2,33.84,0,2.0
Super built-up  Area,Electronic City,1342.0,2,1,72.0,0,2.0
Built-up  Area,Electronic City,1275.0,3,1,70.0,1,3.0
Super built-up  Area,Electronic City,770.0,1,1,38.0,1,2.0
Super built-up  Area,Electronic City,1005.0,2,1,39.77,0,2.0
Super built-up  Area,Electronic City,1110.0,2,1,39.9,1,2.0
Super built-up  Area,Electronic City,660.0,1,1,23.0,1,2.0
Super built-up  Area,Electronic City,1644.0,3,2,92.59,0,3.0
Built-up  Area,Electronic City,1250.0,2,1,62.0,1,2.0
Super built-up  Area,Electronic City,1020.0,2,1,30.27,0,2.0
Super built-up  Area,Electronic City,418.0,1,1,12.0,1,1.0
Super built-up  Area,Electronic City,1128.0,2,1,64.8,0,2.0
Built-up  Area,Electronic City,1220.0,2,1,35.25,0,3.0
Built-up  Area,Electronic City,1220.0,2,1,35.23,0,3.0
Built-up  Area,Electronic City,1060.0,2,1,55.0,1,2.0
Super built-up  Area,Electronic City,710.0,1,1,40.42,0,1.0
Super built-up  Area,Electronic City,1000.0,2,1,29.95,0,2.0
Built-up  Area,Electronic City,870.0,2,2,24.0,1,2.0
Super built-up  Area,Electronic City,1275.0,3,3,63.43,1,3.0
Super built-up  Area,Electronic City,1518.0,3,3,75.0,1,3.0
Built-up  Area,Electronic City,1090.0,2,1,31.48,0,1.0
Built-up  Area,Electronic City,1140.0,2,1,32.92,0,2.0
Super built-up  Area,Electronic City,1060.0,2,1,55.0,1,2.0
Built-up  Area,Electronic City,1200.0,2,1,34.66,0,2.0
Super built-up  Area,Electronic City,1353.0,2,3,75.0,1,2.0
Built-up  Area,Electronic City,660.0,1,0,18.0,1,2.0
Super built-up  Area,Electronic City,1128.0,2,1,67.0,0,2.0
Built-up  Area,Electronic City,1070.0,2,1,57.0,0,2.0
Built-up  Area,Electronic City,1700.0,3,2,90.0,1,3.0
Super built-up  Area,Electronic City,1521.0,2,2,57.5,1,3.0
Super built-up  Area,Electronic City,750.0,1,1,35.0,1,1.0
Built-up  Area,Electronic City,1210.0,2,1,55.0,1,2.0
Built-up  Area,Electronic City,1070.0,2,1,60.0,0,2.0
Super built-up  Area,Electronic City,1190.0,2,1,42.0,1,2.0
Super built-up  Area,Electronic City,880.0,2,1,19.0,1,2.0
Super built-up  Area,Electronic City,1150.0,2,1,38.08,1,2.0
Super built-up  Area,Electronic City,1615.0,3,2,97.0,0,3.0
Built-up  Area,Electronic City,1165.0,2,1,33.65,0,2.0
Super built-up  Area,Electronic City,1221.0,2,2,68.0,1,2.0
Super built-up  Area,Electronic City,970.0,2,1,35.0,1,2.0
Built-up  Area,Electronic City,1500.0,3,1,73.0,1,3.0
Super built-up  Area,Electronic City,995.0,2,1,48.0,1,2.0
Super built-up  Area,Electronic City,1342.0,2,1,90.0,1,2.0
Super built-up  Area,Electronic City,1128.0,2,1,63.5,0,2.0
Super built-up  Area,Electronic City,589.0,1,1,29.0,1,1.0
Super built-up  Area,Electronic City,1125.0,2,1,28.13,0,2.0
Super built-up  Area,Electronic City,825.0,2,1,30.0,1,2.0
Super built-up  Area,Electronic City,1575.0,3,1,94.5,1,3.0
Super built-up  Area,Electronic City,1025.0,2,1,54.0,1,2.0
Super built-up  Area,Electronic City,1500.0,2,1,70.0,1,3.0
Built-up  Area,Electronic City,1140.0,2,1,32.93,0,2.0
Super built-up  Area,Electronic City,2093.0,4,2,134.0,0,4.0
Built-up  Area,Electronic City,750.0,2,1,19.5,1,2.0
Super built-up  Area,Electronic City,1355.0,2,1,73.0,0,2.0
Super built-up  Area,Electronic City,1360.0,2,1,64.99,1,3.0
Super built-up  Area,Electronic City,1060.0,2,1,52.0,1,2.0
Super built-up  Area,Electronic City Phase II,1056.0,2,1,39.07,0,2.0
Super built-up  Area,Electronic City Phase II,1020.0,2,1,30.6,0,2.0
Super built-up  Area,Electronic City Phase II,1069.0,2,2,45.0,1,2.0
Super built-up  Area,Electronic City Phase II,630.0,1,1,28.35,0,1.0
Super built-up  Area,Electronic City Phase II,1220.0,2,1,35.23,0,3.0
Super built-up  Area,Electronic City Phase II,1000.0,2,1,25.0,0,2.0
Built-up  Area,Electronic City Phase II,1090.0,2,1,28.34,0,2.0
Super built-up  Area,Electronic City Phase II,2225.0,4,0,98.88,0,4.0
Built-up  Area,Electronic City Phase II,1400.0,2,1,40.43,0,3.0
Super built-up  Area,Electronic City Phase II,775.0,2,2,38.0,1,2.0
Super built-up  Area,Electronic City Phase II,1266.0,2,2,59.0,1,2.0
Super built-up  Area,Electronic City Phase II,1000.0,2,1,28.88,0,2.0
Built-up  Area,Electronic City Phase II,1320.0,2,1,38.13,0,3.0
Built-up  Area,Electronic City Phase II,1220.0,3,1,35.23,0,3.0
Super built-up  Area,Electronic City Phase II,972.0,2,1,44.0,0,2.0
Super built-up  Area,Electronic City Phase II,1400.0,2,2,40.43,0,3.0
Super built-up  Area,Electronic City Phase II,1031.0,2,1,55.0,1,2.0
Super built-up  Area,Electronic City Phase II,1003.0,2,1,40.6,0,2.0
Super built-up  Area,Electronic City Phase II,1031.0,2,1,56.35,1,2.0
Built-up  Area,Electronic City Phase II,1320.0,2,1,38.12,0,3.0
Super built-up  Area,Electronic City Phase II,1395.0,2,1,62.78,0,3.0
Built-up  Area,Electronic City Phase II,1160.0,2,1,33.5,0,2.0
Super built-up  Area,Electronic City Phase II,1065.0,2,1,30.75,0,2.0
Super built-up  Area,Electronic City Phase II,1219.0,2,1,61.25,1,2.0
Super built-up  Area,Electronic City Phase II,1400.0,2,2,41.58,0,3.0
Built-up  Area,Electronic City Phase II,1000.0,2,1,28.88,0,2.0
Built-up  Area,Electronic City Phase II,1790.0,3,3,100.0,1,3.0
Super built-up  Area,Electronic City Phase II,769.0,2,1,40.0,1,2.0
Super built-up  Area,Electronic City Phase II,900.0,2,2,32.5,1,2.0
Super built-up  Area,Electronic City Phase II,1329.0,2,2,41.0,0,3.0
Carpet  Area,Electronic City Phase II,993.0,2,2,50.0,0,3.0
Super built-up  Area,Electronic City Phase II,1418.0,3,2,52.47,0,3.0
Built-up  Area,Electronic City Phase II,1070.0,2,2,45.0,1,2.0
Super built-up  Area,Electronic City Phase II,1310.0,2,1,32.75,0,3.0
Built-up  Area,Electronic City Phase II,1310.0,2,1,37.83,0,3.0
Built-up  Area,Electronic City Phase II,1140.0,2,1,33.06,0,2.0
Super built-up  Area,Electronic City Phase II,1089.0,2,0,32.67,0,2.0
Built-up  Area,Electronic City Phase II,1253.0,2,1,65.8,1,2.0
Super built-up  Area,Electronic City Phase II,1400.0,2,2,40.44,0,3.0
Super built-up  Area,Electronic City Phase II,1160.0,2,1,33.5,0,2.0
Super built-up  Area,Electronic City Phase II,975.0,2,2,45.0,1,3.0
Plot  Area,Electronic City Phase II,6000.0,4,0,260.0,0,4.0
Super built-up  Area,Electronic City Phase II,1116.0,2,2,37.0,1,2.0
Built-up  Area,Electronic City Phase II,1125.0,2,1,29.25,0,2.0
Built-up  Area,Electronic City Phase II,1165.0,2,1,30.29,0,2.0
Built-up  Area,Electronic City Phase II,3550.0,2,0,167.5,1,4.0
Super built-up  Area,Electronic City Phase II,1031.0,2,1,53.0,1,2.0
Super built-up  Area,Electronic City Phase II,1611.0,2,2,48.33,0,3.0
Built-up  Area,Electronic City Phase II,1065.0,2,1,30.88,0,2.0
Built-up  Area,Electronic City Phase II,1220.0,3,1,36.6,0,3.0
Super built-up  Area,Electronic City Phase II,1549.0,3,2,80.0,1,3.0
Super built-up  Area,Electronic City Phase II,1065.0,2,1,56.13,1,2.0
Super built-up  Area,Electronic City Phase II,920.0,2,2,26.0,1,2.0
Super built-up  Area,Electronic City Phase II,1140.0,2,1,33.84,0,2.0
Super built-up  Area,Electronic City Phase II,1219.0,2,1,61.26,1,2.0
Built-up  Area,Electronic City Phase II,1252.0,2,3,65.0,0,3.0
Built-up  Area,Electronic City Phase II,1125.0,2,1,32.49,0,2.0
Super built-up  Area,Electronic City Phase II,1310.0,2,2,37.83,0,3.0
Super built-up  Area,Electronic City Phase II,1286.0,2,2,69.0,1,2.0
Super built-up  Area,Electronic City Phase II,1220.0,2,1,36.21,0,3.0
Super built-up  Area,Electronic City Phase II,1140.0,2,1,32.92,0,2.0
Super built-up  Area,Electronic City Phase II,1116.0,2,2,40.0,0,2.0
Built-up  Area,Electronic City Phase II,1150.0,3,3,46.0,1,3.0
Super built-up  Area,Electronic City Phase II,1192.0,2,3,47.0,1,3.0
Super built-up  Area,Electronic City Phase II,1502.0,3,3,50.0,1,3.0
Super built-up  Area,Electronic City Phase II,1020.0,2,2,32.0,1,2.0
Built-up  Area,Electronic City Phase II,1900.0,3,1,97.0,1,4.0
Super built-up  Area,Electronic City Phase II,1020.0,2,1,27.43,0,2.0
Built-up  Area,Electronic City Phase II,1025.0,2,1,26.65,0,2.0
Built-up  Area,Electronic City Phase II,1020.0,2,1,29.45,0,2.0
Built-up  Area,Electronic City Phase II,1310.0,2,1,37.84,0,3.0
Super built-up  Area,Electronic City Phase II,1140.0,2,2,28.5,0,2.0
Super built-up  Area,Electronic City Phase II,1125.0,2,1,32.49,0,2.0
Super built-up  Area,Electronic City Phase II,1200.0,2,1,34.65,0,2.0
Super built-up  Area,Electronic City Phase II,1160.0,2,1,52.2,0,2.0
Super built-up  Area,Electronic City Phase II,1244.0,2,1,55.0,0,2.0
Built-up  Area,Electronic City Phase II,1160.0,2,1,33.51,0,2.0
Built-up  Area,Electronic City Phase II,1220.0,3,1,35.25,0,3.0
Super built-up  Area,Electronic City Phase II,1625.0,2,2,48.75,0,3.0
Super built-up  Area,Electronic City Phase II,972.0,2,1,40.0,0,2.0
Super built-up  Area,Electronic City Phase II,1400.0,2,2,40.45,0,3.0
Built-up  Area,Electronic City Phase II,1090.0,2,1,31.48,0,2.0
Built-up  Area,Electronic City Phase II,1140.0,2,1,32.92,0,2.0
Super built-up  Area,Electronic City Phase II,650.0,1,1,35.0,1,1.0
Built-up  Area,Electronic City Phase II,1155.0,2,1,57.0,1,2.0
Super built-up  Area,Electronic City Phase II,1800.0,3,3,92.0,1,3.0
Built-up  Area,Electronic City Phase II,1300.0,2,2,28.0,1,2.0
Built-up  Area,Electronic City Phase II,1940.0,4,3,116.0,0,3.0
Built-up  Area,Electronic City Phase II,1025.0,2,1,29.6,0,2.0
Super built-up  Area,Electronic City Phase II,829.0,2,1,22.8,0,2.0
Super built-up  Area,Electronic City Phase II,2187.5,4,0,105.0,0,4.0
Super built-up  Area,Electronic City Phase II,1252.0,2,1,67.0,1,2.0
Super built-up  Area,Electronic City Phase II,1320.0,2,1,38.12,0,3.0
Built-up  Area,Electronic City Phase II,1125.0,2,1,32.63,0,2.0
Super built-up  Area,Electronic City Phase II,1140.0,2,1,34.0,0,2.0
Super built-up  Area,Electronic City Phase II,1310.0,2,1,37.84,0,3.0
Built-up  Area,Electronic City Phase II,1400.0,2,2,40.43,0,3.0
Super built-up  Area,Electronic City Phase II,1252.0,2,1,65.0,1,3.0
Super built-up  Area,Electronic City Phase II,1135.0,2,2,46.0,1,2.0
Super built-up  Area,Electronic City Phase II,1305.0,3,1,65.0,1,3.0
Built-up  Area,Electronic City Phase II,1165.0,2,1,33.64,0,2.0
Built-up  Area,Electronic City Phase II,1400.0,2,2,40.44,0,3.0
Super built-up  Area,Electronic City Phase II,1336.0,2,3,50.35,0,3.0
Built-up  Area,Electronic City Phase II,575.0,1,1,16.75,1,1.0
Super built-up  Area,Electronic City Phase II,925.0,2,1,49.82,1,3.0
Built-up  Area,Electronic City Phase II,1065.0,2,1,30.76,0,2.0
Built-up  Area,Electronic City Phase II,1065.0,2,1,30.75,0,2.0
Super built-up  Area,Electronic City Phase II,911.0,2,1,26.5,1,2.0
Built-up  Area,Electronic City Phase II,1200.0,2,1,34.65,0,2.0
Super built-up  Area,Electronic City Phase II,1031.0,2,1,54.48,1,2.0
Super built-up  Area,Electronic City Phase II,1310.0,2,1,37.83,0,3.0
Super built-up  Area,Electronic City Phase II,1651.0,3,1,49.53,0,3.0
Super built-up  Area,Electronics City Phase 1,1070.0,2,1,45.5,1,2.0
Super built-up  Area,Electronics City Phase 1,1475.0,3,2,78.29,1,3.0
Built-up  Area,Electronics City Phase 1,1490.0,3,1,78.8,1,3.0
Super built-up  Area,Electronics City Phase 1,1113.27,2,2,53.0,1,2.0
Super built-up  Area,Electronics City Phase 1,1490.0,3,1,84.0,1,3.0
Super built-up  Area,Electronics City Phase 1,1175.0,2,2,51.47,1,2.0
Super built-up  Area,Electronics City Phase 1,1160.0,2,1,52.0,0,2.0
Built-up  Area,Electronics City Phase 1,920.0,2,2,33.0,1,2.0
Super built-up  Area,Electronics City Phase 1,1750.0,3,2,84.0,1,3.0
Super built-up  Area,Electronics City Phase 1,1350.0,3,1,55.0,1,3.0
Built-up  Area,Electronics City Phase 1,940.0,2,1,40.0,1,2.0
Built-up  Area,Electronics City Phase 1,1015.0,2,1,56.0,1,2.0
Super built-up  Area,Electronics City Phase 1,1595.0,3,2,75.0,0,3.0
Super built-up  Area,Electronics City Phase 1,1515.0,2,1,80.91,1,3.0
Built-up  Area,Electronics City Phase 1,995.0,2,0,46.0,1,2.0
Super built-up  Area,Electronics City Phase 1,1555.0,2,1,82.0,1,3.0
Built-up  Area,Electronics City Phase 1,1340.0,2,2,75.0,0,2.0
Super built-up  Area,Electronics City Phase 1,650.0,1,1,23.0,1,1.0
Super built-up  Area,Electronics City Phase 1,1124.0,2,2,55.0,1,3.0
Super built-up  Area,Electronics City Phase 1,1175.0,2,1,57.0,0,2.0
Super built-up  Area,Electronics City Phase 1,755.0,1,1,42.41,0,1.0
Built-up  Area,Electronics City Phase 1,580.0,1,1,27.0,1,1.0
Built-up  Area,Electronics City Phase 1,940.0,2,2,49.0,1,2.0
Super built-up  Area,Electronics City Phase 1,1335.0,2,2,67.0,0,2.0
Super built-up  Area,Electronics City Phase 1,1175.0,2,1,69.0,0,2.0
Super built-up  Area,Electronics City Phase 1,1113.12,2,2,55.0,1,2.0
Built-up  Area,Electronics City Phase 1,995.0,2,0,42.0,1,2.0
Built-up  Area,Electronics City Phase 1,1350.0,3,0,71.0,1,3.0
Super built-up  Area,Electronics City Phase 1,1445.0,2,1,56.0,1,3.0
Super built-up  Area,Electronics City Phase 1,995.0,2,1,49.8,1,2.0
Built-up  Area,Electronics City Phase 1,635.0,1,0,26.0,1,1.0
Super built-up  Area,Electronics City Phase 1,1190.0,2,1,68.0,0,2.0
Super built-up  Area,Electronics City Phase 1,1085.0,2,1,46.0,1,2.0
Super built-up  Area,Electronics City Phase 1,1450.0,3,2,72.54,0,3.0
Super built-up  Area,Electronics City Phase 1,360.0,1,0,16.9,1,1.0
Built-up  Area,Electronics City Phase 1,638.0,1,1,32.0,1,1.0
Super built-up  Area,Electronics City Phase 1,1175.0,2,2,64.98,0,2.0
Super built-up  Area,Electronics City Phase 1,585.0,1,1,21.0,1,1.0
Super built-up  Area,Electronics City Phase 1,1200.0,2,2,59.76,0,2.0
Super built-up  Area,Electronics City Phase 1,1145.0,2,1,54.0,0,2.0
Super built-up  Area,Electronics City Phase 1,1125.0,2,2,65.0,1,2.0
Super built-up  Area,Electronics City Phase 1,1522.5,2,0,60.75,1,3.0
Super built-up  Area,Electronics City Phase 1,1550.0,2,2,82.0,1,3.0
Super built-up  Area,Electronics City Phase 1,1175.0,2,1,50.0,1,2.0
Built-up  Area,Electronics City Phase 1,865.0,2,0,40.0,1,2.0
Super built-up  Area,Electronics City Phase 1,1450.0,3,1,70.0,0,3.0
Super built-up  Area,Electronics City Phase 1,1450.0,2,2,63.51,1,3.0
Super built-up  Area,Electronics City Phase 1,1450.0,3,2,58.0,0,3.0
Super built-up  Area,Electronics City Phase 1,1800.0,3,2,93.0,1,3.0
Super built-up  Area,Electronics City Phase 1,1314.0,2,2,60.0,0,2.0
Super built-up  Area,Electronics City Phase 1,1170.0,2,1,62.0,0,2.0
Super built-up  Area,Electronics City Phase 1,1450.0,3,2,79.0,0,3.0
Super built-up  Area,Electronics City Phase 1,940.0,2,1,48.0,1,2.0
Super built-up  Area,Electronics City Phase 1,940.0,2,1,44.0,0,2.0
Super built-up  Area,Electronics City Phase 1,1300.0,2,1,67.0,1,2.0
Built-up  Area,Electronics City Phase 1,1028.0,2,1,51.0,1,2.0
Built-up  Area,Electronics City Phase 1,1080.0,2,2,46.0,1,2.0
Super built-up  Area,Electronics City Phase 1,1205.0,2,2,60.0,0,2.0
Super built-up  Area,Electronics City Phase 1,1900.0,3,2,85.0,1,3.0
Super built-up  Area,Electronics City Phase 1,1305.0,2,1,67.0,0,2.0
Super built-up  Area,Electronics City Phase 1,755.0,1,0,30.12,1,1.0
Super built-up  Area,Electronics City Phase 1,1175.0,2,1,60.0,1,2.0
Super built-up  Area,Frazer Town,1700.0,3,1,180.0,1,3.0
Super built-up  Area,Frazer Town,1870.0,3,3,185.0,1,3.0
Super built-up  Area,Frazer Town,1750.0,3,2,150.0,1,3.0
Super built-up  Area,Frazer Town,4850.0,6,2,385.0,1,4.0
Super built-up  Area,Frazer Town,2000.0,3,1,200.0,1,3.0
Built-up  Area,Frazer Town,3500.0,4,2,330.0,1,3.0
Super built-up  Area,Frazer Town,2350.0,4,3,285.0,1,3.0
Super built-up  Area,Frazer Town,1550.0,2,2,140.0,1,2.0
Built-up  Area,Frazer Town,1900.0,4,2,145.0,1,3.0
Super built-up  Area,Frazer Town,2560.0,3,2,265.0,1,3.0
Super built-up  Area,Frazer Town,2400.0,3,2,260.0,1,3.0
Super built-up  Area,Frazer Town,2560.0,3,0,288.0,1,3.0
Built-up  Area,Frazer Town,3436.0,5,0,341.0,1,4.0
Super built-up  Area,Frazer Town,4856.0,5,3,410.0,1,4.0
Built-up  Area,Frazer Town,1315.0,2,2,140.0,1,2.0
Super built-up  Area,Frazer Town,1706.0,3,3,154.0,1,3.0
Built-up  Area,Frazer Town,2079.0,3,3,220.0,0,3.0
Built-up  Area,Frazer Town,3435.0,2,1,341.0,1,4.0
Super built-up  Area,Frazer Town,3436.0,5,0,345.0,1,4.0
Super built-up  Area,Frazer Town,3100.0,3,0,400.0,1,3.0
Super built-up  Area,Frazer Town,5400.0,3,2,400.0,1,3.0
Super built-up  Area,Frazer Town,1180.0,2,1,105.0,1,2.0
Super built-up  Area,Frazer Town,2900.0,4,2,325.0,1,4.0
Super built-up  Area,Frazer Town,1870.0,3,3,180.0,1,3.0
Plot  Area,Frazer Town,896.0,1,0,100.0,1,1.0
Built-up  Area,Frazer Town,1420.0,2,0,120.0,1,2.0
Super built-up  Area,GM Palaya,1820.0,2,3,86.0,1,3.0
Super built-up  Area,GM Palaya,1225.0,2,2,47.0,0,2.0
Super built-up  Area,GM Palaya,1140.0,2,2,48.95,0,2.0
Built-up  Area,GM Palaya,1315.0,2,2,65.0,1,3.0
Super built-up  Area,GM Palaya,1315.0,3,1,65.0,1,3.0
Super built-up  Area,GM Palaya,1315.0,3,0,64.0,1,3.0
Built-up  Area,GM Palaya,1735.0,3,2,70.0,1,3.0
Super built-up  Area,GM Palaya,1643.0,2,2,70.0,1,3.0
Super built-up  Area,Garudachar Palya,1325.0,2,2,60.8,1,3.0
Super built-up  Area,Garudachar Palya,1060.0,2,1,48.7,1,2.0
Super built-up  Area,Garudachar Palya,1150.0,2,1,52.75,1,2.0
Super built-up  Area,Garudachar Palya,1295.0,2,1,59.5,1,3.0
Super built-up  Area,Garudachar Palya,1320.0,2,2,60.6,1,3.0
Super built-up  Area,Garudachar Palya,1295.0,2,2,59.5,1,3.0
Super built-up  Area,Garudachar Palya,1150.0,2,2,52.8,1,2.0
Super built-up  Area,Garudachar Palya,1150.0,2,1,52.8,1,2.0
Super built-up  Area,Garudachar Palya,1060.0,2,1,48.5,1,2.0
Super built-up  Area,Garudachar Palya,1150.0,2,1,52.5,1,2.0
Super built-up  Area,Garudachar Palya,1060.0,2,1,48.66,1,2.0
Super built-up  Area,Garudachar Palya,1150.0,2,2,52.0,1,2.0
Super built-up  Area,Garudachar Palya,1154.0,2,1,51.8,1,2.0
Super built-up  Area,Garudachar Palya,1325.0,2,2,60.0,1,3.0
Plot  Area,Giri Nagar,2400.0,4,1,400.0,1,4.0
Plot  Area,Giri Nagar,1800.0,3,2,252.0,1,3.0
Plot  Area,Giri Nagar,1350.0,3,0,240.0,1,3.0
Plot  Area,Giri Nagar,2400.0,4,2,400.0,1,4.0
Built-up  Area,Giri Nagar,3000.0,4,1,375.0,1,6.0
Plot  Area,Giri Nagar,2400.0,6,1,400.0,1,6.0
Plot  Area,Giri Nagar,4000.0,3,2,750.0,1,4.0
Built-up  Area,Gollarapalya Hosahalli,861.0,2,1,34.5,1,2.0
Super built-up  Area,Gollarapalya Hosahalli,1408.0,3,3,62.0,1,3.0
Super built-up  Area,Gollarapalya Hosahalli,1318.0,3,1,54.0,1,3.0
Built-up  Area,Gollarapalya Hosahalli,861.0,2,0,36.5,1,2.0
Super built-up  Area,Gollarapalya Hosahalli,1320.0,3,2,60.0,1,3.0
Built-up  Area,Gollarapalya Hosahalli,1345.0,3,2,60.0,1,3.0
Built-up  Area,Gollarapalya Hosahalli,1905.0,3,0,86.0,1,4.0
Super built-up  Area,Gollarapalya Hosahalli,1318.0,3,2,56.0,1,3.0
Super built-up  Area,Gollarapalya Hosahalli,1129.0,2,1,50.0,1,2.0
Built-up  Area,Gottigere,1100.0,2,2,40.0,1,2.0
Built-up  Area,Gottigere,967.0,2,3,45.0,1,2.0
Super built-up  Area,Gottigere,1618.0,3,3,82.5,1,3.0
Super built-up  Area,Gottigere,1222.0,2,1,63.0,1,2.0
Super built-up  Area,Gottigere,1600.0,2,2,55.0,1,3.0
Super built-up  Area,Gottigere,1300.0,3,3,65.0,1,3.0
Super built-up  Area,Gottigere,950.0,2,1,38.0,1,2.0
Super built-up  Area,Gottigere,1153.0,2,1,48.5,1,2.0
Plot  Area,Gottigere,812.0,1,0,26.0,1,1.0
Built-up  Area,Gottigere,2000.0,4,2,82.0,1,4.0
Super built-up  Area,Gottigere,1460.0,2,2,65.0,1,3.0
Super built-up  Area,Gottigere,1500.0,3,2,70.0,1,3.0
Super built-up  Area,Gottigere,1621.0,3,3,72.0,1,3.0
Plot  Area,Gottigere,812.0,1,1,26.0,1,1.0
Super built-up  Area,Gottigere,990.0,2,1,40.0,1,2.0
Super built-up  Area,Gottigere,1235.0,2,2,63.0,1,2.0
Super built-up  Area,Gottigere,1385.0,3,2,64.0,1,3.0
Super built-up  Area,Gottigere,1000.0,2,1,35.0,1,2.0
Super built-up  Area,Gottigere,1010.0,2,1,35.0,1,2.0
Super built-up  Area,Gottigere,1385.0,2,2,50.0,1,3.0
Super built-up  Area,Gottigere,1425.0,2,2,47.0,1,3.0
Super built-up  Area,Gottigere,1435.0,2,3,62.0,1,3.0
Built-up  Area,Gottigere,945.0,2,0,45.0,1,2.0
Super built-up  Area,Gottigere,1400.0,2,1,50.0,1,3.0
Plot  Area,Gottigere,2500.0,3,2,120.0,1,4.0
Super built-up  Area,Gottigere,1230.0,2,2,52.0,1,3.0
Super built-up  Area,Gottigere,1120.0,2,2,50.0,1,2.0
Super built-up  Area,Gottigere,1500.0,3,2,63.0,1,3.0
Super built-up  Area,Gottigere,1200.0,2,3,40.0,1,2.0
Super built-up  Area,Gottigere,1280.0,2,1,61.0,1,2.0
Super built-up  Area,Gottigere,1205.0,2,1,56.58,1,2.0
Super built-up  Area,Gottigere,1170.0,2,2,40.0,1,2.0
Built-up  Area,Gottigere,3000.0,3,0,132.0,1,4.0
Super built-up  Area,Gottigere,1613.0,3,3,72.0,1,3.0
Super built-up  Area,Gottigere,1110.0,2,2,36.25,1,2.0
Super built-up  Area,Gottigere,1245.0,2,2,59.0,1,2.0
Super built-up  Area,Gottigere,1200.0,2,2,50.0,1,2.0
Built-up  Area,Green Glen Layout,1670.0,3,2,120.0,1,3.0
Super built-up  Area,Green Glen Layout,3250.0,4,3,230.0,1,4.0
Super built-up  Area,Green Glen Layout,1776.42,3,2,105.0,1,3.0
Super built-up  Area,Green Glen Layout,3250.0,4,0,230.0,1,4.0
Built-up  Area,Green Glen Layout,940.0,2,1,56.8,1,2.0
Built-up  Area,Green Glen Layout,1075.0,2,1,60.0,1,2.0
Super built-up  Area,Green Glen Layout,1715.0,3,2,115.0,1,3.0
Super built-up  Area,Green Glen Layout,1751.0,2,1,115.0,1,3.0
Super built-up  Area,Green Glen Layout,1750.0,3,2,130.0,1,3.0
Super built-up  Area,Green Glen Layout,1530.0,3,2,105.0,1,3.0
Super built-up  Area,Green Glen Layout,1752.0,3,2,105.0,1,3.0
Super built-up  Area,Green Glen Layout,1680.0,4,3,95.0,1,3.0
Super built-up  Area,Green Glen Layout,1728.0,3,2,125.0,1,3.0
Super built-up  Area,Green Glen Layout,1645.0,3,2,110.0,1,3.0
Super built-up  Area,Green Glen Layout,1517.0,3,3,100.0,1,3.0
Super built-up  Area,Green Glen Layout,3150.0,4,3,218.0,1,4.0
Super built-up  Area,Green Glen Layout,3270.0,4,3,205.0,1,4.0
Super built-up  Area,Green Glen Layout,1750.0,3,2,120.0,1,3.0
Super built-up  Area,Green Glen Layout,1751.0,3,2,115.0,1,3.0
Super built-up  Area,Green Glen Layout,1750.0,3,2,105.0,1,3.0
Super built-up  Area,Green Glen Layout,1885.0,3,2,135.0,1,3.0
Super built-up  Area,Green Glen Layout,1715.0,3,3,120.0,1,3.0
Super built-up  Area,Green Glen Layout,1623.29,2,2,105.0,1,3.0
Super built-up  Area,Green Glen Layout,1715.0,3,3,115.0,1,3.0
Super built-up  Area,Green Glen Layout,1715.0,3,2,105.0,1,3.0
Built-up  Area,Green Glen Layout,1600.0,3,3,105.0,1,3.0
Super built-up  Area,Green Glen Layout,1717.0,3,3,125.0,1,3.0
Built-up  Area,Green Glen Layout,1250.0,2,0,75.0,1,2.0
Super built-up  Area,Green Glen Layout,1715.0,3,3,112.0,1,3.0
Super built-up  Area,Gubbalala,1470.0,2,2,82.0,1,3.0
Super built-up  Area,Gubbalala,1745.0,3,2,125.0,1,3.0
Super built-up  Area,Gubbalala,1745.0,3,2,104.0,1,3.0
Super built-up  Area,Gubbalala,1745.0,3,2,115.0,1,3.0
Super built-up  Area,Gubbalala,1745.0,3,2,110.0,1,3.0
Super built-up  Area,Gubbalala,1650.0,3,2,71.0,1,3.0
Built-up  Area,Gubbalala,2570.0,4,0,141.0,1,5.0
Super built-up  Area,Gubbalala,1205.0,2,2,70.0,1,2.0
Super built-up  Area,Gubbalala,1435.0,2,2,80.0,1,3.0
Super built-up  Area,Gubbalala,1475.0,2,2,80.0,1,2.0
Plot  Area,Gubbalala,2000.0,4,1,85.0,1,4.0
Super built-up  Area,Gubbalala,1100.0,2,2,49.5,1,2.0
Super built-up  Area,Gubbalala,1060.0,2,1,46.0,1,2.0
Super built-up  Area,Gubbalala,2000.0,3,3,125.0,1,3.0
Built-up  Area,Gubbalala,4000.0,5,1,195.0,1,4.0
Built-up  Area,Gubbalala,1745.0,3,2,130.0,1,3.0
Super built-up  Area,Gubbalala,1285.0,2,2,90.0,1,2.0
Super built-up  Area,Gunjur,1140.0,2,3,43.0,0,2.0
Super built-up  Area,Gunjur,1356.0,2,3,66.0,1,3.0
Built-up  Area,Gunjur,1600.0,3,3,75.0,1,3.0
Plot  Area,Gunjur,2000.0,3,0,95.0,1,4.0
Super built-up  Area,Gunjur,1140.0,2,2,49.11,0,2.0
Super built-up  Area,Gunjur,1195.0,2,2,44.0,1,2.0
Built-up  Area,Gunjur,1190.0,2,2,40.0,1,2.0
Built-up  Area,Gunjur,1457.0,2,3,60.0,0,2.0
Super built-up  Area,Gunjur,1080.0,2,2,41.0,1,2.0
Super built-up  Area,Gunjur,2132.0,3,3,80.0,1,3.0
Super built-up  Area,Gunjur,1800.0,3,1,70.0,1,3.0
Super built-up  Area,Gunjur,1175.0,2,2,43.48,1,2.0
Super built-up  Area,Gunjur,1362.0,3,2,62.63,1,3.0
Super built-up  Area,Gunjur,1071.0,2,1,51.0,1,2.0
Super built-up  Area,Gunjur,1063.0,2,2,40.0,1,2.0
Super built-up  Area,Gunjur,1235.0,2,2,52.76,0,2.0
Super built-up  Area,Gunjur,1362.0,3,1,62.63,1,3.0
Super built-up  Area,Gunjur,1588.0,2,3,90.0,1,3.0
Super built-up  Area,Gunjur,1235.0,2,2,44.5,0,2.0
Super built-up  Area,Gunjur,1457.0,2,3,60.0,1,2.0
Super built-up  Area,HAL 2nd Stage,1490.0,2,2,300.0,1,3.0
Plot  Area,HAL 2nd Stage,600.0,3,2,145.0,0,2.0
Plot  Area,HAL 2nd Stage,2700.0,3,0,500.0,1,3.0
Plot  Area,HAL 2nd Stage,2280.0,4,2,615.0,1,4.0
Plot  Area,HAL 2nd Stage,2040.0,4,1,500.0,1,5.0
Built-up  Area,HBR Layout,2800.0,2,0,200.0,1,3.0
Super built-up  Area,HBR Layout,1722.0,3,0,95.0,1,3.0
Plot  Area,HBR Layout,1200.0,4,0,120.0,1,4.0
Super built-up  Area,HBR Layout,1200.0,2,2,60.0,1,2.0
Super built-up  Area,HBR Layout,1004.0,2,1,49.0,1,2.0
Built-up  Area,HBR Layout,1783.0,3,2,125.0,1,3.0
Super built-up  Area,HBR Layout,1656.0,3,2,90.0,1,3.0
Super built-up  Area,HBR Layout,1089.0,2,1,60.0,1,2.0
Plot  Area,HBR Layout,2400.0,5,0,320.0,0,4.0
Super built-up  Area,HBR Layout,1700.0,3,1,110.0,1,3.0
Built-up  Area,HBR Layout,1198.0,2,1,65.0,1,2.0
Plot  Area,HBR Layout,1200.0,4,2,115.0,1,4.0
Plot  Area,HBR Layout,1800.0,2,1,230.0,1,3.0
Built-up  Area,HBR Layout,1200.0,2,0,120.0,1,2.0
Super built-up  Area,HBR Layout,1832.0,3,2,160.0,1,3.0
Plot  Area,HRBR Layout,2000.0,4,1,300.0,1,4.0
Built-up  Area,HRBR Layout,1374.0,2,2,95.0,1,2.0
Built-up  Area,HRBR Layout,1440.0,2,2,98.0,1,2.0
Super built-up  Area,HRBR Layout,1567.0,3,3,90.0,1,3.0
Super built-up  Area,HRBR Layout,2800.0,3,2,250.0,1,3.0
Super built-up  Area,HRBR Layout,1210.0,2,1,75.0,1,2.0
Plot  Area,HRBR Layout,1200.0,2,1,170.0,1,4.0
Super built-up  Area,HRBR Layout,1265.0,2,1,78.0,1,2.0
Plot  Area,HRBR Layout,1200.0,3,1,180.0,1,4.0
Super built-up  Area,HRBR Layout,1170.0,2,2,75.0,1,2.0
Built-up  Area,HRBR Layout,1335.0,2,1,87.0,1,3.0
Built-up  Area,HRBR Layout,1900.0,3,1,90.0,1,4.0
Super built-up  Area,HRBR Layout,1625.0,3,2,120.0,1,3.0
Super built-up  Area,HRBR Layout,1301.0,2,1,120.0,0,2.0
Super built-up  Area,HRBR Layout,1145.0,2,2,68.5,1,2.0
Built-up  Area,HRBR Layout,1300.0,2,3,90.0,1,2.0
Super built-up  Area,HSR Layout,1400.0,3,2,56.0,1,3.0
Super built-up  Area,HSR Layout,1372.0,2,1,68.0,1,2.0
Super built-up  Area,HSR Layout,1430.0,2,1,65.0,1,3.0
Super built-up  Area,HSR Layout,1475.0,3,2,75.0,1,3.0
Built-up  Area,HSR Layout,1467.0,2,1,55.0,1,2.0
Super built-up  Area,HSR Layout,1140.0,2,2,46.0,1,2.0
Super built-up  Area,HSR Layout,1372.0,2,1,61.0,1,2.0
Super built-up  Area,HSR Layout,1750.0,3,2,95.0,1,3.0
Built-up  Area,HSR Layout,2424.0,3,2,90.0,1,3.0
Super built-up  Area,HSR Layout,1027.0,2,2,44.0,1,2.0
Super built-up  Area,HSR Layout,1650.0,3,2,110.0,1,3.0
Super built-up  Area,HSR Layout,1185.0,2,2,60.0,1,2.0
Super built-up  Area,HSR Layout,1127.0,2,1,68.0,1,2.0
Super built-up  Area,HSR Layout,1600.0,2,2,115.0,1,3.0
Super built-up  Area,HSR Layout,1145.0,2,2,48.0,1,2.0
Super built-up  Area,HSR Layout,1009.0,2,2,56.0,1,2.0
Built-up  Area,HSR Layout,2792.0,4,1,220.0,1,4.0
Super built-up  Area,HSR Layout,1300.0,2,2,98.0,1,2.0
Super built-up  Area,HSR Layout,2400.0,3,3,88.0,1,3.0
Built-up  Area,HSR Layout,1126.0,2,1,69.0,1,2.0
Built-up  Area,HSR Layout,1360.0,2,1,53.0,1,3.0
Super built-up  Area,HSR Layout,1145.0,2,2,46.0,1,2.0
Super built-up  Area,HSR Layout,1142.0,2,2,65.0,1,2.0
Built-up  Area,HSR Layout,3500.0,5,0,350.0,1,5.0
Super built-up  Area,HSR Layout,2020.0,3,2,160.0,1,3.0
Super built-up  Area,HSR Layout,1844.0,3,3,95.0,1,3.0
Plot  Area,HSR Layout,2500.0,4,3,300.0,1,4.0
Built-up  Area,HSR Layout,1203.0,2,2,72.0,1,2.0
Built-up  Area,HSR Layout,4200.0,5,0,245.0,1,5.0
Built-up  Area,HSR Layout,1145.0,2,2,46.0,1,2.0
Super built-up  Area,HSR Layout,1100.0,2,2,44.0,1,2.0
Super built-up  Area,HSR Layout,1203.0,2,2,60.0,1,2.0
Super built-up  Area,HSR Layout,1590.0,2,2,135.0,1,3.0
Built-up  Area,HSR Layout,1120.0,2,1,70.0,1,2.0
Super built-up  Area,HSR Layout,1289.0,2,0,70.0,1,2.0
Super built-up  Area,HSR Layout,1844.0,3,1,89.0,1,3.0
Built-up  Area,HSR Layout,1203.0,2,2,60.0,1,2.0
Super built-up  Area,Haralur Road,1240.0,2,1,70.0,0,2.0
Super built-up  Area,Haralur Road,1027.0,2,2,44.0,1,2.0
Super built-up  Area,Haralur Road,1464.0,3,2,56.0,1,3.0
Plot  Area,Haralur Road,2650.0,4,2,198.0,1,4.0
Super built-up  Area,Haralur Road,2805.0,5,3,154.0,0,4.0
Super built-up  Area,Haralur Road,1194.0,2,2,47.0,1,2.0
Built-up  Area,Haralur Road,3385.0,5,0,260.0,0,4.0
Built-up  Area,Haralur Road,1202.0,2,1,53.0,1,2.0
Super built-up  Area,Haralur Road,1056.0,2,1,61.0,1,2.0
Super built-up  Area,Haralur Road,1810.0,3,2,100.0,0,3.0
Super built-up  Area,Haralur Road,1194.0,2,2,46.0,1,2.0
Super built-up  Area,Haralur Road,2805.0,4,3,154.0,0,4.0
Super built-up  Area,Haralur Road,1225.0,2,1,67.38,0,2.0
Super built-up  Area,Haralur Road,1243.0,2,1,46.0,1,2.0
Super built-up  Area,Haralur Road,1920.0,3,1,115.0,1,3.0
Super built-up  Area,Haralur Road,1875.0,3,2,110.0,0,3.0
Super built-up  Area,Haralur Road,1140.0,2,2,43.0,1,2.0
Super built-up  Area,Haralur Road,2017.0,3,2,125.0,1,3.0
Super built-up  Area,Haralur Road,1875.0,3,3,110.0,0,3.0
Super built-up  Area,Haralur Road,1092.0,2,2,44.0,1,2.0
Super built-up  Area,Haralur Road,2475.0,4,0,130.0,1,3.0
Super built-up  Area,Haralur Road,1300.0,2,2,73.0,1,2.0
Super built-up  Area,Haralur Road,1243.0,2,2,46.0,1,2.0
Super built-up  Area,Haralur Road,1850.0,3,0,110.0,1,3.0
Super built-up  Area,Haralur Road,3400.0,5,3,240.0,1,4.0
Super built-up  Area,Haralur Road,1464.0,2,2,56.0,1,2.0
Super built-up  Area,Haralur Road,1230.0,2,1,78.0,0,2.0
Built-up  Area,Haralur Road,1000.0,2,2,44.0,1,2.0
Super built-up  Area,Haralur Road,3185.0,2,0,175.0,0,4.0
Super built-up  Area,Haralur Road,1300.0,2,2,79.0,1,2.0
Super built-up  Area,Haralur Road,1444.0,2,1,80.0,1,3.0
Built-up  Area,Haralur Road,1088.0,2,1,68.0,1,2.0
Super built-up  Area,Haralur Road,1027.0,2,1,44.0,1,2.0
Super built-up  Area,Haralur Road,1225.0,2,1,70.0,0,2.0
Super built-up  Area,Haralur Road,1464.0,3,3,56.0,1,3.0
Super built-up  Area,Haralur Road,1000.0,2,1,78.0,1,2.0
Super built-up  Area,Haralur Road,1830.0,3,2,101.0,0,3.0
Super built-up  Area,Haralur Road,1810.0,3,2,126.0,1,3.0
Super built-up  Area,Haralur Road,1520.0,2,2,96.0,0,3.0
Super built-up  Area,Haralur Road,1300.0,2,2,75.0,1,2.0
Super built-up  Area,Haralur Road,2017.0,2,2,125.0,1,3.0
Super built-up  Area,Haralur Road,2805.0,5,3,160.0,0,4.0
Built-up  Area,Haralur Road,2017.0,3,2,105.0,1,3.0
Super built-up  Area,Haralur Road,1520.0,2,2,90.0,0,3.0
Built-up  Area,Haralur Road,1300.0,2,2,60.0,1,2.0
Super built-up  Area,Haralur Road,1985.0,3,2,130.0,0,3.0
Super built-up  Area,Haralur Road,1255.0,2,1,90.0,1,3.0
Super built-up  Area,Haralur Road,1056.0,2,1,60.0,1,2.0
Super built-up  Area,Haralur Road,1140.0,2,1,42.0,1,2.0
Super built-up  Area,Haralur Road,1245.0,2,3,62.0,1,2.0
Built-up  Area,Haralur Road,1140.0,2,2,58.0,1,2.0
Super built-up  Area,Haralur Road,1140.0,2,2,42.0,1,2.0
Super built-up  Area,Haralur Road,1027.0,2,2,43.0,1,2.0
Super built-up  Area,Haralur Road,1194.0,2,2,47.0,0,2.0
Super built-up  Area,Haralur Road,1560.0,3,1,90.0,1,3.0
Super built-up  Area,Haralur Road,1520.0,2,2,85.0,0,3.0
Super built-up  Area,Haralur Road,1243.0,2,2,45.0,1,2.0
Super built-up  Area,Haralur Road,1027.0,2,2,44.0,0,2.0
Super built-up  Area,Haralur Road,1650.0,3,3,100.0,1,3.0
Super built-up  Area,Haralur Road,1580.0,3,1,73.0,1,3.0
Super built-up  Area,Haralur Road,1510.0,3,2,83.05,0,3.0
Built-up  Area,Haralur Road,1056.0,2,1,65.0,1,2.0
Super built-up  Area,Haralur Road,575.0,1,1,38.0,0,1.0
Super built-up  Area,Haralur Road,1850.0,3,2,120.0,0,3.0
Super built-up  Area,Haralur Road,1710.0,3,2,85.0,1,3.0
Super built-up  Area,Haralur Road,1730.0,3,1,95.0,1,3.0
Super built-up  Area,Haralur Road,1817.0,3,2,110.0,1,3.0
Super built-up  Area,Haralur Road,1225.0,2,1,77.0,0,2.0
Super built-up  Area,Haralur Road,1285.0,2,1,78.0,1,2.0
Super built-up  Area,Haralur Road,1225.0,2,1,67.48,0,2.0
Super built-up  Area,Haralur Road,1225.0,2,1,69.84,0,2.0
Super built-up  Area,Haralur Road,1200.0,2,2,46.0,1,2.0
Super built-up  Area,Haralur Road,1315.0,2,1,85.0,1,2.0
Built-up  Area,Haralur Road,1976.0,3,2,92.0,1,3.0
Super built-up  Area,Haralur Road,1309.0,2,1,82.0,1,2.0
Super built-up  Area,Haralur Road,1027.0,1,2,44.0,1,2.0
Super built-up  Area,Haralur Road,1300.0,2,1,75.0,1,2.0
Built-up  Area,Haralur Road,1890.0,3,2,84.0,1,3.0
Super built-up  Area,Haralur Road,1230.0,2,1,67.65,0,2.0
Super built-up  Area,Haralur Road,1255.0,3,1,90.0,1,3.0
Super built-up  Area,Haralur Road,1735.0,3,2,97.0,1,3.0
Super built-up  Area,Haralur Road,1810.0,3,2,97.83,0,3.0
Super built-up  Area,Haralur Road,1810.0,3,2,112.0,0,3.0
Super built-up  Area,Harlur,1508.0,2,1,77.0,1,2.0
Super built-up  Area,Harlur,1752.12,3,2,135.0,1,3.0
Super built-up  Area,Harlur,2450.0,3,0,120.0,1,3.0
Super built-up  Area,Harlur,1460.0,3,1,73.0,1,3.0
Super built-up  Area,Harlur,1709.0,3,2,150.0,1,3.0
Super built-up  Area,Harlur,1174.0,2,1,69.0,1,2.0
Super built-up  Area,Harlur,1033.0,2,2,49.0,1,2.0
Built-up  Area,Harlur,1197.0,2,1,84.0,1,2.0
Super built-up  Area,Harlur,1757.0,3,2,132.0,1,3.0
Super built-up  Area,Harlur,1174.0,2,1,76.0,1,2.0
Super built-up  Area,Harlur,1754.0,3,2,125.0,1,3.0
Super built-up  Area,Harlur,1290.0,2,1,85.0,1,2.0
Super built-up  Area,Harlur,1752.12,3,2,116.0,1,3.0
Super built-up  Area,Harlur,1754.0,3,2,135.0,1,3.0
Super built-up  Area,Harlur,1754.0,3,2,124.0,1,3.0
Super built-up  Area,Harlur,1152.0,2,2,69.0,1,2.0
Super built-up  Area,Harlur,1290.0,2,1,87.0,1,2.0
Super built-up  Area,Harlur,1749.0,3,2,115.0,1,3.0
Built-up  Area,Harlur,3385.0,4,0,260.0,0,4.0
Super built-up  Area,Harlur,2240.0,5,2,155.0,1,3.0
Super built-up  Area,Harlur,1758.0,3,2,133.0,1,3.0
Super built-up  Area,Harlur,1884.0,4,2,120.0,1,4.0
Super built-up  Area,Harlur,1197.0,2,1,79.0,1,2.0
Super built-up  Area,Harlur,1174.0,2,1,78.0,1,2.0
Built-up  Area,Harlur,1730.0,3,2,100.0,1,3.0
Super built-up  Area,Harlur,2138.0,3,2,110.0,1,3.0
Super built-up  Area,Harlur,1200.0,2,2,52.0,1,2.0
Super built-up  Area,Harlur,1197.0,2,1,79.0,0,2.0
Super built-up  Area,Harlur,1749.0,3,2,112.0,1,3.0
Super built-up  Area,Harlur,1174.0,2,1,75.0,1,2.0
Super built-up  Area,Harlur,1750.0,3,2,136.0,1,3.0
Super built-up  Area,Harlur,1620.0,3,1,110.0,1,3.0
Super built-up  Area,Harlur,1414.0,3,2,77.5,1,3.0
Super built-up  Area,Harlur,1630.0,3,1,95.1,0,3.0
Super built-up  Area,Harlur,1762.0,3,2,133.0,1,3.0
Super built-up  Area,Harlur,1756.0,3,2,131.0,1,3.0
Super built-up  Area,Harlur,1755.0,3,2,130.0,1,3.0
Super built-up  Area,Harlur,1864.0,3,1,140.0,1,3.0
Super built-up  Area,Harlur,1331.0,2,1,88.0,1,2.0
Super built-up  Area,Harlur,1752.12,3,2,133.0,1,3.0
Built-up  Area,Harlur,1133.0,2,1,55.0,1,2.0
Super built-up  Area,Harlur,1756.0,3,2,128.0,1,3.0
Super built-up  Area,Harlur,1749.0,3,2,120.0,1,3.0
Built-up  Area,Harlur,1197.0,2,1,82.0,1,2.0
Super built-up  Area,Harlur,1303.0,2,1,90.0,1,2.0
Super built-up  Area,Harlur,1754.0,3,2,132.0,1,3.0
Super built-up  Area,Harlur,1756.0,3,2,134.0,1,3.0
Super built-up  Area,Harlur,1197.0,2,1,78.0,1,2.0
Super built-up  Area,Harlur,1290.0,2,1,89.9,1,2.0
Super built-up  Area,Harlur,1386.0,2,2,85.0,0,2.0
Super built-up  Area,Harlur,1174.0,2,1,74.0,1,2.0
Super built-up  Area,Harlur,1710.0,3,3,85.0,1,3.0
Super built-up  Area,Harlur,1755.0,3,2,115.0,1,3.0
Super built-up  Area,Harlur,2820.0,4,0,153.5,1,4.0
Built-up  Area,Harlur,2569.0,4,1,175.0,1,4.0
Super built-up  Area,Harlur,1710.0,3,2,85.0,1,3.0
Super built-up  Area,Harlur,1197.0,2,1,77.0,1,2.0
Super built-up  Area,Harlur,1752.12,3,2,125.0,1,3.0
Super built-up  Area,Harlur,2569.0,5,3,180.0,0,4.0
Built-up  Area,Harlur,1225.0,2,2,56.0,1,2.0
Super built-up  Area,Harlur,1197.0,2,1,76.0,1,2.0
Super built-up  Area,Harlur,2137.0,3,2,110.0,1,3.0
Super built-up  Area,Harlur,1197.0,2,1,75.0,1,2.0
Super built-up  Area,Harlur,1755.0,3,2,117.0,1,3.0
Super built-up  Area,Harlur,1197.0,2,1,79.9,1,2.0
Super built-up  Area,Harlur,936.0,2,1,45.0,1,2.0
Super built-up  Area,Harlur,2990.0,4,1,225.0,1,4.0
Built-up  Area,Harlur,1370.0,2,2,88.0,1,2.0
Super built-up  Area,Harlur,1335.0,2,0,72.76,1,2.0
Super built-up  Area,Hebbal,1760.0,2,2,123.0,1,3.0
Super built-up  Area,Hebbal,5611.5,4,0,477.0,0,4.0
Super built-up  Area,Hebbal,1900.0,3,2,119.0,1,3.0
Super built-up  Area,Hebbal,1349.0,2,1,98.2,1,2.0
Super built-up  Area,Hebbal,2483.0,5,2,212.0,1,4.0
Super built-up  Area,Hebbal,1760.0,2,2,130.0,0,3.0
Super built-up  Area,Hebbal,3450.0,5,2,260.0,1,3.0
Super built-up  Area,Hebbal,1920.0,3,2,134.0,0,3.0
Super built-up  Area,Hebbal,1500.0,3,1,150.0,1,3.0
Super built-up  Area,Hebbal,1337.0,2,1,82.0,0,2.0
Super built-up  Area,Hebbal,1349.0,2,1,98.0,1,2.0
Super built-up  Area,Hebbal,2470.0,5,2,247.0,0,4.0
Super built-up  Area,Hebbal,1036.0,2,1,50.0,0,2.0
Super built-up  Area,Hebbal,1255.0,2,1,77.68,0,3.0
Super built-up  Area,Hebbal,1355.0,3,1,83.87,0,3.0
Super built-up  Area,Hebbal,1790.0,3,2,127.0,0,3.0
Carpet  Area,Hebbal,687.325,2,0,42.72,0,2.0
Super built-up  Area,Hebbal,2790.0,5,3,198.0,0,4.0
Super built-up  Area,Hebbal,1985.0,4,2,189.0,0,3.0
Super built-up  Area,Hebbal,2483.0,5,2,215.0,1,4.0
Super built-up  Area,Hebbal,1080.0,2,1,54.0,1,2.0
Super built-up  Area,Hebbal,812.0,2,2,55.0,0,2.0
Super built-up  Area,Hebbal,2790.0,4,3,198.0,0,4.0
Built-up  Area,Hebbal,1075.0,2,3,52.0,1,2.0
Super built-up  Area,Hebbal,3067.0,4,2,230.0,0,4.0
Super built-up  Area,Hebbal,2526.0,2,2,250.0,0,3.0
Super built-up  Area,Hebbal,3067.0,4,3,230.0,0,4.0
Carpet  Area,Hebbal,823.0,2,1,50.63,0,2.0
Super built-up  Area,Hebbal,1420.0,2,1,123.0,1,2.0
Carpet  Area,Hebbal,1069.0,3,2,65.4,0,3.0
Super built-up  Area,Hebbal,1420.0,2,1,99.39,1,2.0
Super built-up  Area,Hebbal,4235.0,4,2,365.0,0,4.0
Super built-up  Area,Hebbal,1700.0,3,2,124.0,0,3.0
Super built-up  Area,Hebbal,3960.0,5,3,386.0,0,4.0
Super built-up  Area,Hebbal,1550.0,2,2,75.0,1,3.0
Super built-up  Area,Hebbal,1420.0,2,1,99.39,0,2.0
Super built-up  Area,Hebbal,1440.0,2,1,115.0,0,2.0
Super built-up  Area,Hebbal,1100.0,2,1,54.0,1,2.0
Super built-up  Area,Hebbal,2400.0,4,1,180.0,1,3.0
Built-up  Area,Hebbal,1420.0,2,2,107.0,0,2.0
Super built-up  Area,Hebbal,1320.0,2,1,92.0,0,2.0
Built-up  Area,Hebbal,919.0,2,1,49.0,1,2.0
Super built-up  Area,Hebbal,1645.0,3,2,135.0,0,3.0
Super built-up  Area,Hebbal,2080.0,3,3,175.0,1,3.0
Super built-up  Area,Hebbal,1355.0,3,2,83.87,0,3.0
Super built-up  Area,Hebbal,2483.0,5,2,230.0,1,4.0
Super built-up  Area,Hebbal,2600.0,3,2,195.0,0,3.0
Super built-up  Area,Hebbal,1645.0,3,2,117.0,0,3.0
Super built-up  Area,Hebbal,1251.0,2,1,88.73,0,2.0
Super built-up  Area,Hebbal,1645.0,3,2,121.0,0,3.0
Super built-up  Area,Hebbal,1760.0,3,2,123.0,1,3.0
Super built-up  Area,Hebbal,1645.0,3,2,120.0,0,3.0
Super built-up  Area,Hebbal,1255.0,2,1,90.0,0,3.0
Super built-up  Area,Hebbal,1255.0,3,2,77.68,0,3.0
Super built-up  Area,Hebbal,1586.0,3,2,90.0,0,3.0
Super built-up  Area,Hebbal,1636.0,3,1,119.0,0,3.0
Super built-up  Area,Hebbal,2661.0,2,0,226.5,0,3.0
Super built-up  Area,Hebbal,1255.0,2,1,95.0,0,3.0
Built-up  Area,Hebbal,1269.0,2,1,73.0,1,3.0
Super built-up  Area,Hebbal,1088.0,2,2,61.45,0,2.0
Super built-up  Area,Hebbal,1349.0,2,1,97.8,1,2.0
Super built-up  Area,Hebbal,1344.0,2,1,108.0,1,2.0
Super built-up  Area,Hebbal,1138.0,2,1,110.0,0,2.0
Super built-up  Area,Hebbal,2790.0,5,3,204.0,0,4.0
Super built-up  Area,Hebbal,1088.0,2,2,62.0,0,2.0
Super built-up  Area,Hebbal,1987.0,4,2,165.0,1,3.0
Built-up  Area,Hebbal,1299.0,2,1,100.0,1,2.0
Super built-up  Area,Hebbal,1200.0,2,1,60.0,1,2.0
Super built-up  Area,Hebbal,1390.0,2,2,95.0,1,2.0
Super built-up  Area,Hebbal,1333.0,2,1,100.0,1,2.0
Super built-up  Area,Hebbal,2650.0,4,3,199.0,1,3.0
Super built-up  Area,Hebbal,1800.0,3,2,140.0,1,3.0
Super built-up  Area,Hebbal,1860.0,3,2,95.0,1,3.0
Super built-up  Area,Hebbal,2470.0,4,2,203.0,0,4.0
Built-up  Area,Hebbal,1333.0,2,1,104.0,1,2.0
Super built-up  Area,Hebbal,2600.0,3,2,199.0,0,3.0
Super built-up  Area,Hebbal,1345.0,2,1,97.0,1,2.0
Super built-up  Area,Hebbal,1110.0,3,3,59.0,1,3.0
Super built-up  Area,Hebbal,985.0,2,2,62.0,0,2.0
Super built-up  Area,Hebbal,1320.0,2,1,91.0,0,2.0
Super built-up  Area,Hebbal,2388.0,3,1,195.0,1,3.0
Super built-up  Area,Hebbal,1040.0,2,1,55.0,1,2.0
Super built-up  Area,Hebbal,1315.0,3,3,65.0,1,3.0
Built-up  Area,Hebbal,1075.0,2,0,52.0,1,2.0
Super built-up  Area,Hebbal,2630.0,5,0,188.0,0,4.0
Super built-up  Area,Hebbal,3895.0,3,2,390.0,1,3.0
Super built-up  Area,Hebbal,1645.0,3,2,113.0,0,3.0
Built-up  Area,Hebbal,1590.0,3,2,96.0,1,3.0
Super built-up  Area,Hebbal,3520.0,5,2,320.0,1,3.0
Super built-up  Area,Hebbal,1162.0,2,1,69.0,0,2.0
Built-up  Area,Hebbal,1100.0,2,1,60.0,1,2.0
Super built-up  Area,Hebbal,4235.0,5,3,364.0,0,4.0
Super built-up  Area,Hebbal,1299.0,2,1,97.0,1,2.0
Super built-up  Area,Hebbal,2470.0,5,2,192.0,0,4.0
Super built-up  Area,Hebbal,3520.0,5,2,240.0,1,3.0
Super built-up  Area,Hebbal,1920.0,3,2,150.0,0,3.0
Super built-up  Area,Hebbal,2375.0,4,2,189.0,1,4.0
Super built-up  Area,Hebbal,1420.0,2,1,99.26,0,2.0
Super built-up  Area,Hebbal,1252.0,2,1,92.0,0,2.0
Super built-up  Area,Hebbal,1162.0,2,1,59.0,0,2.0
Super built-up  Area,Hebbal,1294.0,2,1,115.0,1,2.0
Super built-up  Area,Hebbal,4225.0,6,0,359.0,1,4.0
Built-up  Area,Hebbal,1150.0,2,1,57.0,1,2.0
Super built-up  Area,Hebbal,1740.0,2,1,137.0,1,3.0
Super built-up  Area,Hebbal,1430.0,3,1,85.0,0,3.0
Super built-up  Area,Hebbal,3895.0,3,1,390.0,1,3.0
Super built-up  Area,Hebbal,1662.0,3,2,155.0,0,3.0
Built-up  Area,Hebbal,2250.0,3,0,219.0,1,3.0
Super built-up  Area,Hebbal,4000.0,6,1,370.0,1,4.0
Super built-up  Area,Hebbal,1349.0,2,1,96.8,1,2.0
Super built-up  Area,Hebbal Kempapura,1700.0,3,2,155.0,1,3.0
Super built-up  Area,Hebbal Kempapura,1800.0,3,2,175.0,1,3.0
Super built-up  Area,Hebbal Kempapura,2900.0,4,0,300.0,1,3.0
Super built-up  Area,Hebbal Kempapura,3522.0,3,2,380.0,1,3.0
Plot  Area,Hebbal Kempapura,2280.0,5,0,200.0,1,5.0
Plot  Area,Hebbal Kempapura,1200.0,2,1,125.0,1,2.0
Super built-up  Area,Hebbal Kempapura,2900.0,4,0,240.0,1,3.0
Super built-up  Area,Hebbal Kempapura,3900.0,5,0,360.0,1,4.0
Built-up  Area,Hebbal Kempapura,1300.0,2,2,102.0,1,2.0
Super built-up  Area,Hebbal Kempapura,1466.0,2,3,140.0,1,3.0
Super built-up  Area,Hebbal Kempapura,3900.0,5,0,310.0,1,4.0
Built-up  Area,Hebbal Kempapura,1725.0,2,1,165.0,1,3.0
Plot  Area,Hebbal Kempapura,1200.0,3,0,125.0,1,3.0
Built-up  Area,Hebbal Kempapura,3408.0,3,3,260.0,1,3.0
Super built-up  Area,Hebbal Kempapura,1485.0,3,3,132.0,1,2.0
Super built-up  Area,Hebbal Kempapura,1400.0,2,2,108.0,1,2.0
Super built-up  Area,Hebbal Kempapura,1800.0,3,3,150.0,1,3.0
Plot  Area,Hebbal Kempapura,2400.0,5,2,200.0,1,5.0
Built-up  Area,Hebbal Kempapura,2800.0,5,1,220.0,1,5.0
Built-up  Area,Hebbal Kempapura,1785.0,3,0,165.0,1,3.0
Super built-up  Area,Hebbal Kempapura,3729.0,4,2,384.0,1,4.0
Plot  Area,Hebbal Kempapura,1200.0,3,2,148.0,1,4.0
Super built-up  Area,Hebbal Kempapura,1600.0,3,3,170.0,1,3.0
Super built-up  Area,Hebbal Kempapura,1730.0,3,2,175.0,1,3.0
Plot  Area,Hebbal Kempapura,2485.0,4,2,198.0,1,4.0
Super built-up  Area,Hegde Nagar,1569.0,3,1,101.0,1,3.0
Built-up  Area,Hegde Nagar,3000.0,7,2,210.0,1,6.0
Super built-up  Area,Hegde Nagar,2026.0,3,2,132.0,1,3.0
Super built-up  Area,Hegde Nagar,1801.0,3,2,115.0,1,3.0
Plot  Area,Hegde Nagar,1050.0,1,0,56.0,1,2.0
Super built-up  Area,Hegde Nagar,1341.0,2,1,97.0,1,2.0
Super built-up  Area,Hegde Nagar,2112.95,4,2,145.0,1,3.0
Plot  Area,Hegde Nagar,1200.0,4,1,83.0,1,4.0
Super built-up  Area,Hegde Nagar,1703.0,3,2,113.0,1,3.0
Super built-up  Area,Hegde Nagar,1570.0,3,1,105.0,1,3.0
Super built-up  Area,Hegde Nagar,1801.0,3,2,140.0,1,3.0
Super built-up  Area,Hegde Nagar,1584.01,3,1,103.0,1,3.0
Super built-up  Area,Hegde Nagar,1965.0,4,2,125.0,1,3.0
Plot  Area,Hegde Nagar,1200.0,2,0,75.0,1,2.0
Super built-up  Area,Hegde Nagar,1847.0,3,2,135.0,1,3.0
Super built-up  Area,Hegde Nagar,1965.0,4,2,132.0,1,3.0
Super built-up  Area,Hegde Nagar,1703.0,3,2,125.0,1,3.0
Super built-up  Area,Hegde Nagar,1847.0,3,2,125.0,1,3.0
Super built-up  Area,Hegde Nagar,2144.6,4,2,145.0,1,3.0
Super built-up  Area,Hegde Nagar,1718.0,3,2,119.0,1,3.0
Super built-up  Area,Hegde Nagar,1847.0,3,2,123.0,1,3.0
Super built-up  Area,Hegde Nagar,1340.0,2,2,72.0,1,2.0
Super built-up  Area,Hegde Nagar,2087.01,3,2,115.0,0,3.0
Super built-up  Area,Hegde Nagar,1703.0,3,2,130.0,0,3.0
Super built-up  Area,Hegde Nagar,2087.01,4,2,135.0,1,3.0
Super built-up  Area,Hegde Nagar,1718.0,3,2,130.0,1,3.0
Super built-up  Area,Hegde Nagar,1884.0,4,2,118.0,1,3.0
Super built-up  Area,Hegde Nagar,1930.0,4,2,122.0,1,3.0
Super built-up  Area,Hegde Nagar,1835.0,2,0,92.0,1,3.0
Super built-up  Area,Hegde Nagar,1584.01,3,1,104.0,1,3.0
Built-up  Area,Hegde Nagar,1500.0,3,2,135.0,1,3.0
Super built-up  Area,Hegde Nagar,1168.0,2,1,68.0,1,3.0
Super built-up  Area,Hegde Nagar,2162.03,4,2,129.0,1,3.0
Super built-up  Area,Hegde Nagar,2087.01,4,2,160.0,1,3.0
Plot  Area,Hegde Nagar,1000.0,2,0,66.0,1,2.0
Built-up  Area,Hegde Nagar,1348.0,2,2,80.5,1,3.0
Super built-up  Area,Hennur,1075.0,2,1,52.0,1,2.0
Super built-up  Area,Hennur,1255.0,2,1,52.32,1,2.0
Super built-up  Area,Hennur,1225.0,2,1,57.0,1,2.0
Super built-up  Area,Hennur,1255.0,2,1,57.5,1,2.0
Super built-up  Area,Hennur,1259.0,2,2,57.0,1,2.0
Super built-up  Area,Hennur,1255.0,2,2,53.5,1,2.0
Super built-up  Area,Hennur,1285.0,2,1,60.0,1,2.0
Built-up  Area,Hennur,1100.0,2,1,60.0,1,2.0
Super built-up  Area,Hennur,1231.0,2,2,48.0,1,2.0
Super built-up  Area,Hennur,1255.0,2,1,58.0,1,2.0
Super built-up  Area,Hennur,1040.0,2,2,42.12,1,2.0
Super built-up  Area,Hennur,1255.0,2,1,54.5,1,2.0
Super built-up  Area,Hennur,1041.0,2,2,40.6,1,2.0
Super built-up  Area,Hennur,1340.0,3,2,54.24,1,3.0
Super built-up  Area,Hennur,1255.0,2,1,55.5,1,2.0
Built-up  Area,Hennur,1260.0,2,2,52.0,1,3.0
Super built-up  Area,Hennur,1231.0,2,2,50.0,1,2.0
Built-up  Area,Hennur,2500.0,5,2,125.0,1,5.0
Super built-up  Area,Hennur,1160.0,2,1,49.0,1,2.0
Super built-up  Area,Hennur,2400.0,3,0,135.0,1,3.0
Super built-up  Area,Hennur,1255.0,2,2,55.5,1,2.0
Super built-up  Area,Hennur,1100.0,2,1,44.55,1,2.0
Super built-up  Area,Hennur,960.0,2,1,48.0,1,2.0
Super built-up  Area,Hennur,1020.0,2,1,48.0,1,2.0
Super built-up  Area,Hennur,1295.0,2,1,64.0,1,2.0
Super built-up  Area,Hennur,1935.0,3,2,102.0,1,3.0
Super built-up  Area,Hennur,1655.0,2,1,70.5,1,3.0
Super built-up  Area,Hennur,1345.0,2,1,69.0,1,3.0
Built-up  Area,Hennur,1420.0,2,1,62.0,1,2.0
Super built-up  Area,Hennur,1155.0,2,2,54.5,1,2.0
Super built-up  Area,Hennur,1255.0,2,2,52.35,1,2.0
Super built-up  Area,Hennur,3517.0,2,0,161.5,0,4.0
Super built-up  Area,Hennur,1340.0,2,2,54.27,1,3.0
Super built-up  Area,Hennur,1255.0,2,2,54.5,1,2.0
Super built-up  Area,Hennur,1830.0,2,3,113.0,1,3.0
Super built-up  Area,Hennur,1830.5,3,0,84.205,0,3.0
Super built-up  Area,Hennur,1255.0,2,1,53.57,1,2.0
Super built-up  Area,Hennur,1255.0,2,2,56.5,1,2.0
Built-up  Area,Hennur,1050.0,2,2,42.73,1,2.0
Super built-up  Area,Hennur,1295.0,2,1,62.0,1,2.0
Super built-up  Area,Hennur Road,2089.0,3,2,140.0,1,3.0
Built-up  Area,Hennur Road,3203.5,2,0,224.5,0,4.0
Built-up  Area,Hennur Road,5000.0,8,0,250.0,1,8.0
Super built-up  Area,Hennur Road,1385.0,2,1,83.09,1,2.0
Super built-up  Area,Hennur Road,1317.5,2,0,63.77,0,2.0
Super built-up  Area,Hennur Road,1500.0,2,2,62.0,1,3.0
Built-up  Area,Hennur Road,2264.0,3,1,159.0,0,3.0
Built-up  Area,Hennur Road,1157.0,2,1,84.0,1,2.0
Super built-up  Area,Hennur Road,1904.0,3,2,120.0,1,3.0
Super built-up  Area,Hennur Road,1891.0,3,1,109.0,1,3.0
Super built-up  Area,Hennur Road,1561.0,3,2,95.0,0,3.0
Super built-up  Area,Hennur Road,1192.0,2,1,60.0,0,3.0
Super built-up  Area,Hennur Road,2060.0,3,1,149.0,1,3.0
Super built-up  Area,Hennur Road,1482.0,2,1,92.0,0,3.0
Super built-up  Area,Hennur Road,1232.0,2,2,89.0,1,2.0
Super built-up  Area,Hennur Road,1065.0,2,1,42.6,1,2.0
Super built-up  Area,Hennur Road,1482.0,2,2,83.73,0,3.0
Super built-up  Area,Hennur Road,1482.0,2,1,87.0,0,3.0
Super built-up  Area,Hennur Road,1891.0,3,1,139.0,1,3.0
Super built-up  Area,Hennur Road,1703.0,3,0,101.0,1,3.0
Super built-up  Area,Hennur Road,1232.0,2,0,69.61,0,2.0
Super built-up  Area,Hennur Road,987.0,2,1,49.0,1,2.0
Super built-up  Area,Hennur Road,1804.0,3,2,102.0,0,3.0
Built-up  Area,Hennur Road,2160.0,3,2,160.0,1,3.0
Super built-up  Area,Hennur Road,1186.0,2,1,63.0,0,3.0
Super built-up  Area,Hennur Road,1680.0,3,0,99.27,1,3.0
Super built-up  Area,Hennur Road,1186.0,2,1,56.0,1,3.0
Super built-up  Area,Hennur Road,2350.0,3,2,174.0,1,3.0
Super built-up  Area,Hennur Road,1586.0,3,3,93.94,1,3.0
Super built-up  Area,Hennur Road,1975.0,3,3,123.0,1,3.0
Super built-up  Area,Hennur Road,1664.0,2,0,93.865,0,3.0
Super built-up  Area,Hennur Road,1290.0,2,1,94.5,1,3.0
Super built-up  Area,Hennur Road,901.0,2,1,49.5,0,2.0
Super built-up  Area,Hennur Road,1445.0,3,1,86.56,1,3.0
Super built-up  Area,Hennur Road,1482.0,2,3,97.0,0,3.0
Super built-up  Area,Hennur Road,1182.0,2,2,82.5,1,2.0
Super built-up  Area,Hennur Road,1192.0,2,1,62.0,1,3.0
Super built-up  Area,Hennur Road,1036.0,2,1,59.46,0,2.0
Super built-up  Area,Hennur Road,1232.0,2,1,69.61,0,2.0
Super built-up  Area,Hennur Road,2320.0,3,2,170.0,1,3.0
Super built-up  Area,Hennur Road,1936.0,3,1,118.0,1,3.0
Super built-up  Area,Hennur Road,1480.0,2,2,65.0,1,2.0
Super built-up  Area,Hennur Road,1590.0,3,2,96.5,0,3.0
Built-up  Area,Hennur Road,1445.0,2,1,105.0,0,3.0
Super built-up  Area,Hennur Road,1036.0,2,1,59.45,0,2.0
Super built-up  Area,Hennur Road,1832.0,3,1,125.0,1,3.0
Super built-up  Area,Hennur Road,1359.0,2,2,104.0,0,2.0
Super built-up  Area,Hennur Road,1341.0,2,1,75.76,0,2.0
Super built-up  Area,Hennur Road,1040.0,2,2,50.0,0,2.0
Super built-up  Area,Hennur Road,1685.0,3,2,95.0,1,3.0
Super built-up  Area,Hennur Road,1414.0,2,0,84.18,1,2.0
Super built-up  Area,Hennur Road,1949.0,3,1,133.0,1,3.0
Super built-up  Area,Hennur Road,1232.0,2,2,89.0,0,2.0
Super built-up  Area,Hennur Road,1250.0,2,1,77.88,1,3.0
Super built-up  Area,Hennur Road,2502.0,4,2,180.0,1,4.0
Built-up  Area,Hennur Road,1831.0,3,1,110.0,1,3.0
Super built-up  Area,Hennur Road,1232.0,2,1,87.0,0,2.0
Super built-up  Area,Hennur Road,1232.0,2,1,74.0,0,2.0
Super built-up  Area,Hennur Road,1232.0,2,1,66.0,0,2.0
Super built-up  Area,Hennur Road,1341.0,2,1,95.0,0,2.0
Plot  Area,Hennur Road,2700.0,3,2,150.0,0,3.0
Super built-up  Area,Hennur Road,1232.0,2,1,88.0,0,2.0
Super built-up  Area,Hennur Road,2365.0,4,2,175.0,1,3.0
Super built-up  Area,Hennur Road,1310.0,2,1,66.0,1,2.0
Super built-up  Area,Hennur Road,1552.0,3,3,75.0,1,3.0
Built-up  Area,Hennur Road,1015.0,2,2,50.0,1,2.0
Super built-up  Area,Hennur Road,1186.0,2,2,55.33,1,3.0
Super built-up  Area,Hennur Road,2264.0,3,2,168.0,1,3.0
Super built-up  Area,Hennur Road,2002.0,3,2,120.0,1,3.0
Super built-up  Area,Hennur Road,1232.0,2,1,69.6,0,2.0
Super built-up  Area,Hennur Road,1195.0,2,2,73.0,0,2.0
Super built-up  Area,Hennur Road,1020.0,2,3,47.0,1,2.0
Plot  Area,Hennur Road,5100.0,6,3,375.0,1,5.0
Super built-up  Area,Hennur Road,1061.0,2,1,54.92,1,2.0
Super built-up  Area,Hennur Road,1585.0,2,3,80.0,1,3.0
Built-up  Area,Hennur Road,1020.0,2,0,45.0,1,2.0
Super built-up  Area,Hennur Road,2041.0,3,3,128.0,1,3.0
Built-up  Area,Hennur Road,1066.0,2,1,52.23,1,2.0
Super built-up  Area,Hennur Road,973.0,2,1,56.0,1,2.0
Built-up  Area,Hennur Road,1255.0,2,1,84.0,1,2.0
Super built-up  Area,Hennur Road,1232.0,2,1,83.0,0,2.0
Super built-up  Area,Hennur Road,1832.0,3,1,116.0,1,3.0
Super built-up  Area,Hennur Road,2050.0,3,0,120.0,1,3.0
Super built-up  Area,Hennur Road,1445.0,2,2,86.69,1,3.0
Super built-up  Area,Hennur Road,1445.0,2,1,83.0,0,3.0
Super built-up  Area,Hennur Road,1679.0,3,2,94.86,0,3.0
Super built-up  Area,Hennur Road,1482.0,2,1,68.9,0,3.0
Super built-up  Area,Hennur Road,1654.0,3,0,97.8,1,3.0
Super built-up  Area,Hennur Road,1480.0,3,0,100.0,0,3.0
Super built-up  Area,Hennur Road,1450.0,3,1,88.6,0,3.0
Super built-up  Area,Hennur Road,1155.0,2,1,69.18,1,2.0
Super built-up  Area,Hennur Road,1053.0,2,1,53.0,1,2.0
Super built-up  Area,Hennur Road,1195.0,2,2,59.0,1,2.0
Super built-up  Area,Hennur Road,1904.0,3,2,129.0,1,3.0
Super built-up  Area,Hennur Road,1981.0,3,1,134.0,1,3.0
Built-up  Area,Hennur Road,2000.0,4,0,90.0,1,4.0
Super built-up  Area,Hennur Road,1590.0,3,2,105.0,0,3.0
Super built-up  Area,Hennur Road,2041.0,3,3,138.0,1,3.0
Built-up  Area,Hennur Road,1100.0,2,1,78.0,1,3.0
Built-up  Area,Hennur Road,1880.0,4,0,154.0,0,4.0
Super built-up  Area,Hennur Road,1748.0,3,0,103.0,1,3.0
Built-up  Area,Hennur Road,1460.0,2,1,80.3,1,2.0
Super built-up  Area,Hennur Road,1570.0,3,0,75.99,0,3.0
Super built-up  Area,Hennur Road,1933.0,3,2,140.0,1,3.0
Super built-up  Area,Hennur Road,1030.0,2,1,46.5,0,2.0
Super built-up  Area,Hennur Road,1450.0,3,2,79.0,0,3.0
Super built-up  Area,Hennur Road,1445.0,2,1,89.56,1,3.0
Super built-up  Area,Hennur Road,973.0,2,1,50.74,1,2.0
Super built-up  Area,Hennur Road,1482.0,2,1,83.73,0,3.0
Super built-up  Area,Hennur Road,1305.0,2,1,77.0,1,3.0
Super built-up  Area,Hennur Road,1672.0,3,2,86.0,1,3.0
Super built-up  Area,Hennur Road,1165.0,2,1,67.0,0,2.0
Super built-up  Area,Hennur Road,980.0,2,1,51.0,1,2.0
Super built-up  Area,Hennur Road,1232.0,2,1,80.0,0,2.0
Super built-up  Area,Hennur Road,1085.0,2,1,43.4,1,2.0
Super built-up  Area,Hennur Road,950.0,2,1,55.0,1,2.0
Super built-up  Area,Hennur Road,1140.0,2,2,56.0,1,2.0
Super built-up  Area,Hennur Road,1891.0,3,1,110.0,1,3.0
Super built-up  Area,Hennur Road,1735.0,3,3,78.0,1,3.0
Super built-up  Area,Hennur Road,1470.0,2,1,75.0,1,3.0
Super built-up  Area,Hennur Road,1165.0,2,1,52.0,0,2.0
Built-up  Area,Hennur Road,1450.0,2,2,80.0,1,2.0
Super built-up  Area,Hennur Road,1936.0,3,1,131.0,1,3.0
Built-up  Area,Hoodi,985.0,2,2,67.0,1,2.0
Super built-up  Area,Hoodi,1715.0,2,2,95.0,1,3.0
Super built-up  Area,Hoodi,1196.0,2,2,94.42,0,2.0
Super built-up  Area,Hoodi,1545.0,3,1,68.75,0,3.0
Super built-up  Area,Hoodi,2118.0,4,2,111.0,0,4.0
Built-up  Area,Hoodi,1425.0,2,2,80.0,1,2.0
Super built-up  Area,Hoodi,1420.0,2,2,75.0,1,2.0
Super built-up  Area,Hoodi,1639.0,3,2,110.0,0,3.0
Super built-up  Area,Hoodi,1606.0,3,3,89.55,1,3.0
Super built-up  Area,Hoodi,1639.0,3,1,98.32,0,3.0
Super built-up  Area,Hoodi,2090.0,4,0,95.1,0,4.0
Built-up  Area,Hoodi,1445.0,3,2,65.0,1,3.0
Built-up  Area,Hoodi,2863.0,4,1,140.0,0,4.0
Super built-up  Area,Hoodi,1512.0,3,2,75.77,0,3.0
Super built-up  Area,Hoodi,1026.0,2,1,60.87,0,2.0
Super built-up  Area,Hoodi,1050.0,2,2,50.0,1,2.0
Super built-up  Area,Hoodi,1837.0,3,3,145.0,0,3.0
Super built-up  Area,Hoodi,1400.0,2,1,78.0,1,2.0
Plot  Area,Hoodi,2400.0,5,2,160.0,1,5.0
Super built-up  Area,Hoodi,1850.0,3,2,146.0,0,3.0
Super built-up  Area,Hoodi,1196.0,2,0,71.74,0,2.0
Super built-up  Area,Hoodi,1430.0,2,2,113.0,0,2.0
Super built-up  Area,Hoodi,1553.0,3,2,83.09,0,3.0
Built-up  Area,Hoodi,1500.0,2,1,84.0,1,2.0
Super built-up  Area,Hoodi,1132.0,2,1,89.37,0,2.0
Super built-up  Area,Hoodi,1055.0,2,1,57.63,0,2.0
Super built-up  Area,Hoodi,1925.0,2,3,114.0,1,3.0
Super built-up  Area,Hoodi,1112.0,2,1,88.0,0,2.0
Super built-up  Area,Hoodi,1400.0,2,1,82.0,1,2.0
Super built-up  Area,Hoodi,1746.0,3,3,84.95,0,3.0
Super built-up  Area,Hoodi,706.0,1,1,48.24,0,1.0
Super built-up  Area,Hoodi,1257.0,2,1,69.0,1,2.0
Super built-up  Area,Hoodi,1132.0,2,0,67.9,0,2.0
Super built-up  Area,Hoodi,1108.0,2,1,87.0,0,2.0
Super built-up  Area,Hoodi,1430.0,2,2,110.0,0,2.0
Super built-up  Area,Hoodi,1925.0,3,3,110.0,1,3.0
Super built-up  Area,Hoodi,1132.0,2,1,89.0,0,2.0
Built-up  Area,Hoodi,948.0,2,1,75.0,1,2.0
Super built-up  Area,Hoodi,1769.0,3,3,96.87,1,3.0
Super built-up  Area,Hoodi,1257.0,2,1,71.03,1,2.0
Super built-up  Area,Hoodi,1305.0,2,1,75.0,1,2.0
Super built-up  Area,Hoodi,1490.0,3,2,79.0,1,3.0
Built-up  Area,Hoodi,1240.0,2,3,65.0,1,2.0
Super built-up  Area,Hoodi,1250.0,2,2,98.0,0,2.0
Built-up  Area,Hoodi,1370.0,3,2,67.0,1,3.0
Super built-up  Area,Hoodi,1639.0,3,2,129.0,0,3.0
Super built-up  Area,Hoodi,1108.0,2,1,74.23,0,2.0
Super built-up  Area,Hoodi,1530.0,2,2,67.0,1,3.0
Super built-up  Area,Hoodi,1655.0,3,2,131.0,0,3.0
Super built-up  Area,Hoodi,1257.0,2,1,68.5,1,2.0
Built-up  Area,Hoodi,1000.0,2,2,48.0,1,2.0
Super built-up  Area,Hoodi,1063.0,2,1,61.17,0,2.0
Super built-up  Area,Hoodi,1259.0,2,2,69.45,1,2.0
Super built-up  Area,Hoodi,1837.0,3,3,142.0,0,3.0
Super built-up  Area,Hoodi,2065.5,4,0,91.915,0,4.0
Super built-up  Area,Hoodi,1111.0,2,1,49.43,0,2.0
Super built-up  Area,Hoodi,711.0,1,0,42.65,0,1.0
Super built-up  Area,Hoodi,1559.0,3,1,81.55,0,3.0
Super built-up  Area,Hoodi,863.0,1,0,40.55,0,1.0
Super built-up  Area,Hoodi,1715.0,2,2,100.0,1,3.0
Built-up  Area,Hoodi,1350.0,3,2,70.0,1,3.0
Super built-up  Area,Hoodi,1660.0,3,2,131.0,0,3.0
Super built-up  Area,Hoodi,1447.0,3,2,76.0,0,2.0
Super built-up  Area,Hoodi,1660.0,3,2,128.0,0,3.0
Super built-up  Area,Hoodi,2144.0,3,2,140.0,1,3.0
Super built-up  Area,Hoodi,1108.0,2,0,66.46,0,2.0
Super built-up  Area,Hoodi,1108.0,2,1,87.48,0,2.0
Built-up  Area,Hoodi,1400.0,3,2,74.0,1,3.0
Super built-up  Area,Hoodi,1837.0,3,1,110.0,0,3.0
Super built-up  Area,Hoodi,1660.0,3,2,125.0,0,3.0
Built-up  Area,Hoodi,3385.0,4,1,220.0,0,4.0
Super built-up  Area,Hoodi,1644.0,3,3,80.51,0,3.0
Super built-up  Area,Hoodi,1181.0,2,2,55.0,1,2.0
Built-up  Area,Hoodi,1490.0,3,0,85.0,1,3.0
Super built-up  Area,Hoodi,1258.5,2,0,59.135,0,2.0
Super built-up  Area,Horamavu Agara,1200.0,2,1,45.0,1,2.0
Super built-up  Area,Horamavu Agara,1560.0,3,2,75.0,1,3.0
Super built-up  Area,Horamavu Agara,1453.0,2,1,46.48,0,3.0
Built-up  Area,Horamavu Agara,755.0,2,1,37.49,1,2.0
Built-up  Area,Horamavu Agara,982.0,2,1,47.65,1,2.0
Super built-up  Area,Horamavu Agara,1650.0,2,1,75.0,1,3.0
Super built-up  Area,Horamavu Agara,950.0,2,3,39.0,0,2.0
Super built-up  Area,Horamavu Agara,1170.0,2,0,38.0,1,2.0
Super built-up  Area,Horamavu Agara,1756.0,3,2,92.0,0,3.0
Built-up  Area,Horamavu Agara,1106.0,2,1,43.09,1,2.0
Super built-up  Area,Horamavu Agara,1079.0,2,2,41.0,0,2.0
Super built-up  Area,Horamavu Agara,1169.0,2,1,64.0,0,2.0
Super built-up  Area,Horamavu Agara,1265.0,2,1,65.0,1,3.0
Super built-up  Area,Horamavu Agara,1060.0,2,1,37.0,1,2.0
Super built-up  Area,Horamavu Agara,1107.83,2,1,41.51,1,2.0
Built-up  Area,Horamavu Agara,980.0,2,1,38.19,1,2.0
Super built-up  Area,Horamavu Agara,1250.0,3,2,65.0,1,3.0
Super built-up  Area,Horamavu Agara,1284.0,2,2,75.0,1,3.0
Super built-up  Area,Horamavu Agara,1145.0,2,1,41.21,1,2.0
Plot  Area,Horamavu Agara,2400.0,3,3,80.0,1,5.0
Super built-up  Area,Horamavu Agara,1000.0,2,1,46.0,1,2.0
Built-up  Area,Horamavu Agara,760.0,2,2,37.49,1,2.0
Super built-up  Area,Horamavu Agara,1150.0,2,1,42.0,1,2.0
Super built-up  Area,Horamavu Agara,1364.0,2,3,50.0,1,3.0
Super built-up  Area,Horamavu Agara,1623.0,3,1,89.0,0,3.0
Built-up  Area,Horamavu Agara,750.0,2,1,37.49,1,2.0
Super built-up  Area,Horamavu Agara,625.0,1,1,27.0,1,1.0
Built-up  Area,Horamavu Agara,1080.0,2,1,38.0,1,2.0
Super built-up  Area,Horamavu Agara,1176.0,2,1,37.62,0,3.0
Super built-up  Area,Horamavu Agara,1166.0,2,1,37.29,0,2.0
Super built-up  Area,Horamavu Agara,994.0,2,1,42.28,0,2.0
Super built-up  Area,Horamavu Agara,1220.0,2,2,39.0,1,2.0
Super built-up  Area,Horamavu Agara,1300.0,2,2,52.0,1,3.0
Super built-up  Area,Horamavu Agara,1090.0,2,1,46.0,0,2.0
Built-up  Area,Horamavu Agara,1400.0,3,3,63.0,1,3.0
Super built-up  Area,Horamavu Agara,1557.0,3,1,70.0,1,3.0
Super built-up  Area,Horamavu Agara,1058.0,2,2,47.0,0,2.0
Super built-up  Area,Horamavu Banaswadi,1554.0,3,2,55.0,1,3.0
Super built-up  Area,Horamavu Banaswadi,1611.0,3,3,66.0,0,3.0
Super built-up  Area,Horamavu Banaswadi,1460.0,2,1,80.5,0,2.0
Super built-up  Area,Horamavu Banaswadi,1156.0,2,2,46.0,1,2.0
Super built-up  Area,Horamavu Banaswadi,1180.0,2,2,58.0,1,2.0
Super built-up  Area,Horamavu Banaswadi,1307.0,2,2,51.6,1,2.0
Built-up  Area,Horamavu Banaswadi,3800.0,8,0,200.0,1,6.0
Super built-up  Area,Horamavu Banaswadi,1357.0,2,2,54.0,1,2.0
Super built-up  Area,Horamavu Banaswadi,925.0,2,3,38.0,1,2.0
Super built-up  Area,Horamavu Banaswadi,1272.0,2,2,48.0,1,2.0
Super built-up  Area,Horamavu Banaswadi,1225.0,2,2,49.5,1,2.0
Super built-up  Area,Horamavu Banaswadi,1272.0,2,2,51.5,1,2.0
Super built-up  Area,Horamavu Banaswadi,1156.0,2,2,46.9,1,2.0
Super built-up  Area,Horamavu Banaswadi,1200.0,2,1,45.0,1,2.0
Super built-up  Area,Horamavu Banaswadi,1254.0,2,2,47.0,1,2.0
Super built-up  Area,Horamavu Banaswadi,1610.0,3,3,68.0,1,3.0
Super built-up  Area,Horamavu Banaswadi,1210.0,2,1,50.0,1,2.0
Super built-up  Area,Horamavu Banaswadi,1272.0,2,2,50.0,1,2.0
Super built-up  Area,Horamavu Banaswadi,1025.0,2,2,45.0,1,2.0
Built-up  Area,Horamavu Banaswadi,1081.0,2,1,52.0,1,2.0
Super built-up  Area,Horamavu Banaswadi,1000.0,2,2,50.0,1,2.0
Super built-up  Area,Hormavu,1500.0,2,1,78.0,1,2.0
Super built-up  Area,Hormavu,1150.0,2,2,55.0,1,2.0
Super built-up  Area,Hormavu,715.0,1,2,46.0,0,1.0
Built-up  Area,Hormavu,2100.0,3,2,73.0,1,3.0
Built-up  Area,Hormavu,1180.0,2,2,50.0,1,2.0
Plot  Area,Hormavu,1200.0,2,0,67.0,1,2.0
Plot  Area,Hormavu,1200.0,3,0,70.0,0,2.0
Super built-up  Area,Hormavu,1175.0,2,1,52.0,1,2.0
Super built-up  Area,Hormavu,1351.0,2,1,53.0,1,1.0
Super built-up  Area,Hormavu,1141.0,2,1,44.4,1,2.0
Super built-up  Area,Hormavu,1130.0,2,1,42.3,0,2.0
Super built-up  Area,Hormavu,1500.0,3,3,70.0,1,3.0
Built-up  Area,Hormavu,1725.0,3,2,85.0,1,3.0
Super built-up  Area,Hormavu,1153.0,2,1,65.0,1,2.0
Built-up  Area,Hormavu,1150.0,2,1,53.11,1,2.0
Super built-up  Area,Hormavu,1123.0,2,1,56.0,1,2.0
Super built-up  Area,Hormavu,1385.0,2,2,69.0,1,3.0
Super built-up  Area,Hormavu,1617.5,3,0,73.595,0,3.0
Built-up  Area,Hormavu,3000.0,4,0,100.0,1,4.0
Super built-up  Area,Hormavu,1030.0,2,1,49.35,1,2.0
Super built-up  Area,Hormavu,1018.0,2,1,50.8,1,2.0
Super built-up  Area,Hormavu,1555.0,3,2,75.0,1,3.0
Super built-up  Area,Hormavu,1143.0,2,1,53.0,1,2.0
Super built-up  Area,Hormavu,1100.0,2,3,38.0,1,2.0
Built-up  Area,Hormavu,1000.0,2,2,50.0,1,2.0
Super built-up  Area,Hormavu,1350.0,2,2,45.0,1,2.0
Super built-up  Area,Hormavu,1200.0,2,2,68.0,1,2.0
Super built-up  Area,Hormavu,1553.0,2,2,58.23,0,3.0
Super built-up  Area,Hormavu,1200.0,2,3,68.0,1,2.0
Super built-up  Area,Hormavu,765.0,2,1,37.49,1,2.0
Super built-up  Area,Hormavu,1420.0,3,2,58.0,1,3.0
Super built-up  Area,Hormavu,1081.5,2,0,38.665,1,2.0
Super built-up  Area,Hormavu,1250.0,2,2,60.0,1,2.0
Built-up  Area,Hormavu,1206.0,2,0,40.0,1,2.0
Super built-up  Area,Hormavu,965.0,2,2,37.15,1,2.0
Carpet  Area,Hormavu,583.0,1,0,28.275,0,1.0
Super built-up  Area,Hormavu,1129.0,2,1,44.0,1,2.0
Super built-up  Area,Hormavu,1385.0,2,1,69.25,1,3.0
Super built-up  Area,Hormavu,1165.0,2,1,40.0,1,2.0
Super built-up  Area,Hormavu,1065.0,2,1,50.92,1,2.0
Super built-up  Area,Hormavu,1046.0,2,1,60.0,1,2.0
Super built-up  Area,Hormavu,1400.0,2,0,75.0,1,2.0
Super built-up  Area,Hormavu,1365.0,2,2,65.0,1,3.0
Super built-up  Area,Hormavu,1196.0,2,1,44.8,0,2.0
Super built-up  Area,Hormavu,1263.0,2,1,47.36,0,2.0
Super built-up  Area,Hormavu,1015.0,2,1,39.08,1,2.0
Super built-up  Area,Hormavu,1550.0,2,2,60.0,1,3.0
Plot  Area,Hormavu,1200.0,2,0,73.0,1,2.0
Super built-up  Area,Hormavu,1250.0,2,2,65.0,1,2.0
Built-up  Area,Hormavu,1604.0,3,0,68.0,1,3.0
Super built-up  Area,Hormavu,1075.0,2,1,53.7,1,2.0
Super built-up  Area,Hormavu,980.0,2,2,42.0,1,2.0
Plot  Area,Hormavu,860.0,2,0,56.0,1,2.0
Carpet  Area,Hormavu,2282.0,4,0,115.0,0,4.0
Super built-up  Area,Hormavu,1206.0,2,1,55.0,1,2.0
Super built-up  Area,Hormavu,1310.0,2,2,67.0,1,2.0
Super built-up  Area,Hormavu,1310.0,2,3,60.0,1,2.0
Super built-up  Area,Hormavu,1020.0,2,2,45.75,1,2.0
Super built-up  Area,Hormavu,1210.0,2,3,69.0,1,2.0
Super built-up  Area,Hosa Road,1652.0,3,2,85.0,1,3.0
Super built-up  Area,Hosa Road,1639.0,3,1,80.0,0,3.0
Super built-up  Area,Hosa Road,1161.0,2,1,55.15,0,2.0
Super built-up  Area,Hosa Road,1726.0,3,2,81.99,0,3.0
Super built-up  Area,Hosa Road,1430.0,2,1,97.52,0,2.0
Super built-up  Area,Hosa Road,1365.0,2,1,92.0,1,2.0
Super built-up  Area,Hosa Road,1243.0,2,2,48.5,1,2.0
Super built-up  Area,Hosa Road,1541.0,3,1,69.84,0,3.0
Super built-up  Area,Hosa Road,1332.0,2,1,86.12,0,3.0
Super built-up  Area,Hosa Road,615.0,1,1,28.29,0,1.0
Super built-up  Area,Hosa Road,1318.0,2,1,85.28,0,3.0
Super built-up  Area,Hosa Road,1513.0,3,1,103.0,0,3.0
Super built-up  Area,Hosa Road,1133.0,2,1,52.0,0,2.0
Super built-up  Area,Hosa Road,1016.0,2,2,40.0,1,2.0
Built-up  Area,Hosa Road,972.0,2,2,40.0,1,2.0
Super built-up  Area,Hosa Road,1532.0,3,2,98.13,0,3.0
Super built-up  Area,Hosa Road,1680.0,3,1,101.0,0,3.0
Plot  Area,Hosa Road,880.0,2,0,50.0,1,2.0
Super built-up  Area,Hosa Road,1535.0397790000002,3,1,109.0,0,3.0
Super built-up  Area,Hosa Road,1533.0,3,1,98.18,0,3.0
Super built-up  Area,Hosa Road,1040.0,2,1,68.59,0,2.0
Super built-up  Area,Hosa Road,1369.1,2,1,98.0,0,2.0
Super built-up  Area,Hosa Road,1040.0,2,1,61.0,0,2.0
Built-up  Area,Hosa Road,2500.0,3,2,100.0,0,3.0
Super built-up  Area,Hosa Road,1245.0,2,1,62.0,1,2.0
Super built-up  Area,Hosa Road,1311.0,2,1,84.86,0,3.0
Super built-up  Area,Hosa Road,1512.0,3,2,103.0,0,3.0
Super built-up  Area,Hosa Road,800.0,1,0,39.99,0,1.0
Super built-up  Area,Hosa Road,1364.0,2,1,64.79,0,2.0
Super built-up  Area,Hosa Road,1016.0,2,1,45.0,1,2.0
Super built-up  Area,Hosa Road,1730.0,3,2,72.6,0,3.0
Super built-up  Area,Hosa Road,1360.0,2,1,77.61,0,2.0
Super built-up  Area,Hosa Road,1170.0,2,2,65.0,0,2.0
Super built-up  Area,Hosa Road,1538.0,3,1,107.0,0,3.0
Super built-up  Area,Hosa Road,1470.0,2,2,84.22,0,3.0
Super built-up  Area,Hosa Road,625.0,1,1,43.68,0,1.0
Super built-up  Area,Hosa Road,1708.0,3,0,64.05,1,4.0
Super built-up  Area,Hosa Road,1161.0,2,1,48.75,0,2.0
Super built-up  Area,Hosa Road,1893.0,3,2,130.0,0,3.0
Super built-up  Area,Hosa Road,1537.515476,3,1,110.0,0,3.0
Super built-up  Area,Hosa Road,1541.0,3,1,69.61,0,3.0
Super built-up  Area,Hosa Road,615.0,1,1,43.08,0,1.0
Super built-up  Area,Hosa Road,1016.0,2,1,39.95,1,2.0
Super built-up  Area,Hosakerehalli,2378.0,3,1,262.0,1,3.0
Super built-up  Area,Hosakerehalli,2376.0,3,1,203.0,1,3.0
Built-up  Area,Hosakerehalli,3205.0,5,1,380.0,1,4.0
Super built-up  Area,Hosakerehalli,3024.0,5,1,248.0,1,4.0
Super built-up  Area,Hosakerehalli,3024.0,5,1,350.0,1,4.0
Plot  Area,Hosakerehalli,2400.0,5,0,250.0,1,5.0
Super built-up  Area,Hosakerehalli,1817.0,4,0,153.0,0,3.0
Super built-up  Area,Hosakerehalli,1304.0,2,3,100.0,0,2.0
Super built-up  Area,Hosakerehalli,2480.0,3,2,245.0,1,3.0
Built-up  Area,Hosakerehalli,925.0,2,1,46.5,1,2.0
Super built-up  Area,Hosakerehalli,2480.0,4,1,260.0,1,3.0
Super built-up  Area,Hosakerehalli,1596.0,3,3,79.8,1,3.0
Plot  Area,Hosakerehalli,1200.0,2,1,100.0,1,3.0
Super built-up  Area,Hosakerehalli,3205.0,4,2,300.0,1,4.0
Super built-up  Area,Hosakerehalli,3033.0,4,1,326.0,1,4.0
Plot  Area,Hosakerehalli,600.0,2,0,65.0,1,2.0
Super built-up  Area,Hosakerehalli,2480.0,4,1,265.0,1,3.0
Built-up  Area,Hosakerehalli,925.0,2,1,46.25,1,2.0
Super built-up  Area,Hosakerehalli,2376.0,3,1,240.0,1,3.0
Plot  Area,Hosakerehalli,1500.0,6,2,145.0,1,5.0
Super built-up  Area,Hoskote,1250.0,3,2,50.0,1,3.0
Super built-up  Area,Hoskote,1225.0,3,1,40.0,1,3.0
Super built-up  Area,Hoskote,1740.0,3,3,60.0,1,3.0
Super built-up  Area,Hoskote,1170.0,2,3,45.0,1,2.0
Super built-up  Area,Hoskote,1250.0,3,2,29.0,1,3.0
Plot  Area,Hoskote,1200.0,3,2,57.0,1,3.0
Super built-up  Area,Hoskote,1069.0,2,0,38.0,1,3.0
Super built-up  Area,Hoskote,1095.0,2,2,33.6,1,2.0
Super built-up  Area,Hoskote,1695.0,3,3,50.0,1,3.0
Built-up  Area,Hoskote,1065.0,2,3,31.5,1,2.0
Super built-up  Area,Hoskote,1395.0,2,2,63.0,1,3.0
Super built-up  Area,Hoskote,1065.0,2,2,28.5,1,2.0
Super built-up  Area,Hoskote,945.0,2,1,35.0,1,2.0
Super built-up  Area,Hoskote,1003.5,2,0,28.095,1,2.0
Built-up  Area,Hoskote,1065.0,2,3,33.75,1,2.0
Super built-up  Area,Hoskote,509.0,1,1,23.0,0,1.0
Built-up  Area,Hosur Road,1656.0,2,1,120.0,1,2.0
Built-up  Area,Hosur Road,1194.0,2,0,69.0,0,2.0
Built-up  Area,Hosur Road,1175.0,2,2,48.0,1,3.0
Super built-up  Area,Hosur Road,1145.0,2,2,60.0,1,3.0
Built-up  Area,Hosur Road,3300.0,5,2,240.0,1,5.0
Super built-up  Area,Hosur Road,1510.0,2,1,105.0,0,3.0
Super built-up  Area,Hosur Road,1427.0,2,1,80.63,0,3.0
Super built-up  Area,Hosur Road,1508.0,2,1,110.0,1,3.0
Super built-up  Area,Hosur Road,460.0,1,1,21.0,1,1.0
Super built-up  Area,Hosur Road,1733.0,2,3,85.0,1,3.0
Super built-up  Area,Hosur Road,1179.0,2,1,49.0,1,2.0
Super built-up  Area,Hosur Road,950.0,2,1,60.0,1,2.0
Super built-up  Area,Hosur Road,1194.0,2,1,71.64,0,2.0
Super built-up  Area,Hosur Road,1766.0,3,1,130.0,0,3.0
Super built-up  Area,Hosur Road,1689.0,3,1,103.0,0,3.0
Built-up  Area,Hosur Road,3600.0,5,3,180.0,1,5.0
Super built-up  Area,Hosur Road,1170.0,2,1,48.0,1,2.0
Super built-up  Area,Hosur Road,1250.0,2,1,55.0,1,2.0
Super built-up  Area,Hosur Road,1689.0,3,2,103.0,0,3.0
Plot  Area,Hosur Road,3000.0,4,2,160.0,1,4.0
Plot  Area,Hosur Road,2000.0,4,1,130.0,1,4.0
Super built-up  Area,Hosur Road,1250.0,2,2,65.0,1,2.0
Super built-up  Area,Hosur Road,1250.0,2,2,50.0,0,3.0
Super built-up  Area,Hosur Road,1685.0,3,1,90.0,1,3.0
Super built-up  Area,Hosur Road,1223.0,2,1,93.0,0,2.0
Super built-up  Area,Hosur Road,1464.0,3,2,56.0,1,3.0
Super built-up  Area,Hosur Road,1919.0,3,2,117.0,0,3.0
Super built-up  Area,Hulimavu,1125.0,2,2,50.0,1,2.0
Super built-up  Area,Hulimavu,1242.0,2,3,51.0,1,2.0
Super built-up  Area,Hulimavu,1650.0,3,2,78.0,1,3.0
Built-up  Area,Hulimavu,1823.0,3,2,100.0,1,3.0
Super built-up  Area,Hulimavu,1300.0,2,3,36.0,1,2.0
Super built-up  Area,Hulimavu,1080.0,2,2,43.2,1,2.0
Super built-up  Area,Hulimavu,1100.0,2,2,71.5,1,2.0
Super built-up  Area,Hulimavu,1758.0,3,2,65.0,1,3.0
Super built-up  Area,Hulimavu,688.0,1,2,50.0,1,1.0
Super built-up  Area,Hulimavu,1255.0,2,2,73.0,1,2.0
Built-up  Area,Hulimavu,1200.0,4,0,75.0,1,4.0
Super built-up  Area,Hulimavu,1058.0,2,1,48.0,1,2.0
Super built-up  Area,Hulimavu,1375.0,2,2,80.0,1,2.0
Super built-up  Area,Hulimavu,1248.0,2,1,69.0,1,2.0
Super built-up  Area,Hulimavu,1818.0,3,1,135.0,1,3.0
Super built-up  Area,Hulimavu,1225.0,2,2,55.0,0,2.0
Super built-up  Area,Hulimavu,1255.0,2,2,74.0,1,2.0
Built-up  Area,Hulimavu,1175.0,2,0,45.0,1,2.0
Super built-up  Area,Hulimavu,1255.0,2,2,69.0,1,2.0
Super built-up  Area,Hulimavu,1255.0,2,3,66.0,1,2.0
Super built-up  Area,Hulimavu,3035.0,5,0,271.0,0,3.0
Super built-up  Area,Hulimavu,3035.0,5,3,220.0,1,3.0
Super built-up  Area,Hulimavu,1127.0,2,1,65.0,1,2.0
Super built-up  Area,Hulimavu,1200.0,2,1,50.0,1,2.0
Built-up  Area,Hulimavu,1450.0,3,3,72.0,1,3.0
Plot  Area,Hulimavu,1200.0,2,0,75.0,1,2.0
Built-up  Area,Hulimavu,1277.0,2,3,46.0,1,2.0
Super built-up  Area,Hulimavu,1430.0,2,2,90.0,1,3.0
Super built-up  Area,Hulimavu,850.0,1,1,39.5,1,2.0
Built-up  Area,Hulimavu,1000.0,2,1,45.0,1,2.0
Super built-up  Area,Hulimavu,1320.0,2,2,59.0,1,3.0
Built-up  Area,Hulimavu,2000.0,4,0,100.0,1,4.0
Super built-up  Area,Hulimavu,3560.0,5,3,318.0,0,4.0
Super built-up  Area,Hulimavu,1011.0,2,2,38.0,1,2.0
Super built-up  Area,Hulimavu,1276.0,2,2,76.0,1,2.0
Plot  Area,Hulimavu,1500.0,2,0,90.0,1,2.0
Super built-up  Area,Hulimavu,1315.0,2,0,60.48,1,2.0
Super built-up  Area,Hulimavu,1021.0,2,1,76.0,1,2.0
Super built-up  Area,Hulimavu,581.0,1,1,29.0,1,1.0
Super built-up  Area,Hulimavu,935.0,2,3,45.0,1,2.0
Built-up  Area,Hulimavu,1050.0,2,2,125.0,1,2.0
Built-up  Area,Hulimavu,1320.0,2,2,65.0,1,3.0
Plot  Area,Hulimavu,1200.0,4,1,75.0,1,4.0
Super built-up  Area,Hulimavu,1260.0,2,1,82.0,1,3.0
Built-up  Area,Hulimavu,450.0,1,1,20.0,1,1.0
Super built-up  Area,Hulimavu,1231.0,2,1,84.5,1,2.0
Super built-up  Area,Hulimavu,1916.0,2,1,150.0,0,3.0
Super built-up  Area,Hulimavu,1115.0,2,2,44.6,1,2.0
Built-up  Area,ISRO Layout,4400.0,6,3,250.0,1,6.0
Plot  Area,ISRO Layout,1200.0,4,2,155.0,1,4.0
Super built-up  Area,ISRO Layout,1000.0,2,1,60.0,1,2.0
Super built-up  Area,ISRO Layout,1180.0,2,3,52.0,1,2.0
Super built-up  Area,ISRO Layout,1310.0,2,3,68.0,1,3.0
Built-up  Area,ISRO Layout,4200.0,4,2,255.0,1,4.0
Built-up  Area,ISRO Layout,1050.0,2,1,51.0,1,2.0
Super built-up  Area,ISRO Layout,1370.0,2,2,87.0,1,3.0
Built-up  Area,ISRO Layout,1200.0,2,3,43.0,1,2.0
Plot  Area,ITPL,1200.0,3,1,56.12,0,3.0
Super built-up  Area,ITPL,1548.0,3,2,89.5,1,3.0
Plot  Area,ITPL,1200.0,3,1,68.4,0,3.0
Plot  Area,ITPL,1500.0,3,1,61.52,0,3.0
Super built-up  Area,ITPL,5667.5,5,0,300.0,1,4.0
Super built-up  Area,Iblur Village,3235.0,3,1,235.0,1,3.0
Super built-up  Area,Iblur Village,3596.0,5,1,290.0,1,4.0
Super built-up  Area,Iblur Village,1920.0,3,2,130.0,0,3.0
Super built-up  Area,Iblur Village,1995.0,3,2,135.0,0,3.0
Super built-up  Area,Iblur Village,3596.0,5,1,282.0,1,4.0
Super built-up  Area,Iblur Village,1918.0,3,2,129.0,1,3.0
Super built-up  Area,Iblur Village,3596.0,5,0,252.0,1,4.0
Super built-up  Area,Iblur Village,2100.0,4,2,145.0,0,3.0
Super built-up  Area,Iblur Village,1920.0,3,2,150.0,0,3.0
Super built-up  Area,Iblur Village,1920.0,3,2,130.0,1,3.0
Super built-up  Area,Iblur Village,2000.0,4,2,138.0,0,3.0
Super built-up  Area,Iblur Village,3596.0,5,1,260.0,1,4.0
Super built-up  Area,Iblur Village,3596.0,5,1,279.0,1,4.0
Super built-up  Area,Iblur Village,2666.0,4,1,200.0,1,3.0
Super built-up  Area,Iblur Village,5384.0,5,3,420.0,1,5.0
Super built-up  Area,Iblur Village,3596.0,5,1,297.0,1,4.0
Super built-up  Area,Iblur Village,5515.0,6,2,425.0,1,5.0
Super built-up  Area,Iblur Village,3596.0,4,2,268.0,1,4.0
Super built-up  Area,Iblur Village,3596.0,5,1,251.0,1,4.0
Built-up  Area,Indira Nagar,2200.0,4,2,200.0,1,4.0
Super built-up  Area,Indira Nagar,1200.0,2,2,93.0,1,2.0
Super built-up  Area,Indira Nagar,1128.0,2,2,105.0,1,2.0
Super built-up  Area,Indira Nagar,2800.0,3,1,330.0,1,3.0
Super built-up  Area,Indira Nagar,1650.0,3,2,200.0,1,3.0
Carpet  Area,Indira Nagar,1875.0,3,1,180.0,1,3.0
Built-up  Area,Indira Nagar,1210.0,2,1,102.0,1,2.0
Built-up  Area,Indira Nagar,1224.0,2,2,105.0,1,2.0
Super built-up  Area,Indira Nagar,2070.0,3,2,225.0,1,3.0
Built-up  Area,Indira Nagar,500.0,1,0,70.0,1,1.0
Super built-up  Area,Indira Nagar,1400.0,2,2,168.0,1,2.0
Plot  Area,Indira Nagar,2400.0,4,2,525.0,1,4.0
Built-up  Area,Indira Nagar,1407.0,3,1,120.0,1,3.0
Super built-up  Area,Indira Nagar,1145.0,2,2,100.0,1,2.0
Super built-up  Area,Indira Nagar,1470.0,2,2,170.0,1,2.0
Super built-up  Area,Indira Nagar,2700.0,3,0,324.0,1,3.0
Built-up  Area,Indira Nagar,850.0,1,2,57.0,1,1.0
Plot  Area,Indira Nagar,3250.0,8,1,600.0,1,8.0
Super built-up  Area,Indira Nagar,2601.0,4,0,312.0,0,3.0
Super built-up  Area,Indira Nagar,1260.0,2,2,100.0,1,2.0
Built-up  Area,Indira Nagar,1740.0,3,2,191.0,1,3.0
Built-up  Area,Indira Nagar,1650.0,3,3,220.0,1,3.0
Super built-up  Area,Indira Nagar,1700.0,3,2,150.0,1,3.0
Built-up  Area,Indira Nagar,3200.0,3,2,250.0,0,4.0
Plot  Area,Indira Nagar,1440.0,3,1,275.0,1,3.0
Super built-up  Area,Indira Nagar,1475.0,2,2,171.0,1,2.0
Super built-up  Area,Indira Nagar,3200.0,4,0,440.0,1,4.0
Built-up  Area,Indira Nagar,4000.0,4,1,700.0,1,4.0
Built-up  Area,Indira Nagar,850.0,1,2,60.0,1,1.0
Plot  Area,Indira Nagar,2400.0,4,2,405.0,1,4.0
Plot  Area,Indira Nagar,1800.0,5,2,350.0,1,5.0
Built-up  Area,Indira Nagar,1500.0,3,3,120.0,1,3.0
Super built-up  Area,Indira Nagar,2200.0,3,2,160.0,1,3.0
Super built-up  Area,Indira Nagar,2800.0,4,3,365.0,1,4.0
Super built-up  Area,Indira Nagar,1260.0,2,3,120.0,1,2.0
Super built-up  Area,Indira Nagar,1149.0,2,1,130.0,1,2.0
Super built-up  Area,Indira Nagar,1650.0,3,1,150.0,1,3.0
Plot  Area,Indira Nagar,2400.0,6,2,475.0,1,6.0
Super built-up  Area,JP Nagar,1850.0,3,3,150.0,1,3.0
Super built-up  Area,JP Nagar,1000.0,2,1,35.0,1,2.0
Super built-up  Area,JP Nagar,5520.0,2,0,375.0,0,5.0
Super built-up  Area,JP Nagar,1100.0,2,2,70.0,1,2.0
Super built-up  Area,JP Nagar,940.0,2,1,49.0,1,2.0
Built-up  Area,JP Nagar,2500.0,3,2,135.0,1,3.0
Super built-up  Area,JP Nagar,4624.5,4,0,314.5,0,4.0
Built-up  Area,JP Nagar,1078.0,2,2,45.0,1,2.0
Super built-up  Area,JP Nagar,1050.0,1,1,44.0,1,1.0
Super built-up  Area,JP Nagar,1352.5,2,0,93.865,0,2.0
Super built-up  Area,JP Nagar,1200.0,2,2,62.0,1,2.0
Super built-up  Area,JP Nagar,1300.0,2,1,90.87,0,2.0
Built-up  Area,JP Nagar,1315.0,2,1,85.4,1,3.0
Super built-up  Area,JP Nagar,1690.0,3,2,112.0,1,3.0
Super built-up  Area,JP Nagar,3000.0,4,2,140.0,1,4.0
Built-up  Area,JP Nagar,3000.0,4,2,140.0,1,4.0
Super built-up  Area,JP Nagar,1300.0,2,1,109.0,0,2.0
Built-up  Area,JP Nagar,3300.0,4,3,160.0,1,3.0
Super built-up  Area,JP Nagar,1245.0,2,2,110.0,1,2.0
Built-up  Area,JP Nagar,1150.0,2,2,49.9,1,3.0
Super built-up  Area,JP Nagar,750.0,1,1,52.5,1,1.0
Super built-up  Area,JP Nagar,1200.0,2,3,78.0,1,2.0
Super built-up  Area,JP Nagar,1850.0,2,0,110.0,1,3.0
Super built-up  Area,JP Nagar,1100.0,2,1,45.0,1,2.0
Super built-up  Area,JP Nagar,1197.0,2,1,47.88,1,2.0
Built-up  Area,JP Nagar,2700.0,4,1,160.0,1,7.0
Super built-up  Area,JP Nagar,1500.0,2,3,82.0,1,3.0
Built-up  Area,JP Nagar,909.872467,3,1,69.34,1,3.0
Built-up  Area,JP Nagar,820.0,2,1,45.0,1,2.0
Super built-up  Area,JP Nagar,1750.0,3,1,123.0,0,3.0
Super built-up  Area,JP Nagar,2195.0,2,0,152.0,0,3.0
Super built-up  Area,JP Nagar,1275.0,2,2,43.6,0,3.0
Super built-up  Area,JP Nagar,3496.5,2,0,237.5,0,3.0
Super built-up  Area,JP Nagar,1600.0,3,2,83.0,1,3.0
Built-up  Area,JP Nagar,3000.0,3,2,150.0,1,4.0
Super built-up  Area,JP Nagar,2050.0,3,3,82.0,1,3.0
Super built-up  Area,JP Nagar,745.0,1,0,34.27,1,1.0
Built-up  Area,JP Nagar,1800.0,6,0,68.0,1,6.0
Super built-up  Area,JP Nagar,1150.0,2,2,90.0,1,2.0
Super built-up  Area,JP Nagar,1450.0,2,2,55.0,1,3.0
Super built-up  Area,JP Nagar,1960.0,3,1,138.0,0,3.0
Built-up  Area,JP Nagar,1500.0,2,0,87.0,1,4.0
Built-up  Area,JP Nagar,1590.0,2,3,85.0,1,3.0
Super built-up  Area,JP Nagar,1250.0,2,2,60.0,1,2.0
Super built-up  Area,JP Nagar,1125.0,2,2,39.98,0,2.0
Carpet  Area,JP Nagar,2400.0,3,3,196.0,1,3.0
Super built-up  Area,JP Nagar,1300.0,2,1,91.65,0,2.0
Super built-up  Area,JP Nagar,1107.0,2,1,57.0,1,2.0
Super built-up  Area,JP Nagar,1250.0,2,2,93.0,1,2.0
Super built-up  Area,JP Nagar,1500.0,2,1,108.0,1,3.0
Built-up  Area,JP Nagar,1520.0,3,2,125.0,1,3.0
Super built-up  Area,JP Nagar,1405.0,2,1,99.0,0,2.0
Super built-up  Area,JP Nagar,1157.0,2,1,73.0,1,2.0
Built-up  Area,JP Nagar,1048.0,2,1,44.0,1,2.0
Super built-up  Area,Jakkur,1417.0,2,3,75.0,1,2.0
Built-up  Area,Jakkur,1590.0,2,2,125.0,1,3.0
Super built-up  Area,Jakkur,1279.0,2,1,77.0,1,2.0
Super built-up  Area,Jakkur,1710.0,3,2,107.0,1,3.0
Super built-up  Area,Jakkur,1396.0,2,1,86.51,0,3.0
Super built-up  Area,Jakkur,3467.86,6,3,249.0,0,4.0
Super built-up  Area,Jakkur,1865.0,3,1,124.0,0,3.0
Super built-up  Area,Jakkur,3181.0,2,0,260.5,0,4.0
Super built-up  Area,Jakkur,1760.0,3,2,139.0,1,3.0
Super built-up  Area,Jakkur,1290.0,2,1,100.0,0,2.0
Super built-up  Area,Jakkur,1452.19,2,1,100.0,0,2.0
Super built-up  Area,Jakkur,1798.0,3,1,120.0,0,3.0
Super built-up  Area,Jakkur,1300.0,2,1,85.0,1,2.0
Super built-up  Area,Jakkur,3181.0,4,0,260.5,0,4.0
Super built-up  Area,Jakkur,1950.0,3,2,131.0,0,3.0
Super built-up  Area,Jakkur,1858.0,3,1,98.3,1,3.0
Super built-up  Area,Jakkur,1230.0,2,1,76.0,0,2.0
Super built-up  Area,Jakkur,1374.0,3,2,68.0,1,3.0
Super built-up  Area,Jakkur,1290.0,2,1,80.0,1,2.0
Super built-up  Area,Jakkur,1760.0,3,2,110.0,1,3.0
Super built-up  Area,Jakkur,2283.0,4,2,130.0,1,4.0
Super built-up  Area,Jakkur,1483.0,2,1,98.0,0,2.0
Super built-up  Area,Jakkur,1482.0,3,2,86.0,0,3.0
Super built-up  Area,Jakkur,1645.0,3,1,100.0,1,3.0
Super built-up  Area,Jakkur,1650.0,3,2,111.0,1,3.0
Super built-up  Area,Jakkur,1622.0,2,0,80.0,1,3.0
Super built-up  Area,Jakkur,2423.0,4,3,160.0,0,3.0
Super built-up  Area,Jakkur,2197.0,3,2,136.0,0,3.0
Super built-up  Area,Jakkur,1125.0,2,2,65.0,1,2.0
Super built-up  Area,Jakkur,1230.0,2,1,79.0,1,2.0
Super built-up  Area,Jakkur,1202.0,2,1,79.0,1,2.0
Super built-up  Area,Jakkur,1858.0,3,1,123.0,0,3.0
Super built-up  Area,Jakkur,3181.0,2,0,229.0,0,4.0
Super built-up  Area,Jakkur,1745.0,2,0,98.485,1,3.0
Super built-up  Area,Jakkur,1798.0,3,1,110.0,0,3.0
Built-up  Area,Jakkur,1785.0,3,2,130.0,1,3.0
Super built-up  Area,Jakkur,1080.0,2,2,60.0,1,2.0
Super built-up  Area,Jakkur,1260.0,2,0,71.195,1,2.0
Super built-up  Area,Jakkur,1816.0,3,1,119.0,0,3.0
Super built-up  Area,Jakkur,1424.0,2,3,80.0,1,2.0
Super built-up  Area,Jakkur,1290.0,2,1,85.0,1,2.0
Built-up  Area,Jakkur,1300.0,2,2,80.0,1,2.0
Super built-up  Area,Jakkur,1290.0,2,1,80.04,1,2.0
Super built-up  Area,Jakkur,1282.0,2,1,72.0,0,2.0
Super built-up  Area,Jakkur,1880.0,4,2,110.0,1,3.0
Super built-up  Area,Jakkur,1660.0,3,2,104.0,0,3.0
Super built-up  Area,Jakkur,1291.0,2,1,75.0,1,2.0
Super built-up  Area,Jakkur,1473.0,2,1,85.0,1,2.0
Super built-up  Area,Jakkur,1660.0,3,2,104.0,1,3.0
Super built-up  Area,Jakkur,1432.0,2,1,85.0,1,2.0
Super built-up  Area,Jakkur,1150.0,3,2,65.0,1,3.0
Super built-up  Area,Jakkur,1710.0,3,2,110.0,1,3.0
Super built-up  Area,Jalahalli,1400.0,3,0,77.0,0,3.0
Super built-up  Area,Jalahalli,2250.0,3,2,160.0,1,3.0
Super built-up  Area,Jalahalli,1694.0,2,2,125.0,1,2.0
Built-up  Area,Jalahalli,1870.0,3,0,110.0,1,3.0
Built-up  Area,Jalahalli,1400.0,1,1,80.0,1,2.0
Super built-up  Area,Jalahalli,1045.0,2,2,76.77,1,2.0
Super built-up  Area,Jalahalli,1615.0,3,2,89.75,1,3.0
Super built-up  Area,Jalahalli,2113.0,3,2,155.0,1,3.0
Super built-up  Area,Jalahalli,1932.0,4,3,135.0,1,3.0
Super built-up  Area,Jalahalli,1045.0,2,1,58.0,0,2.0
Plot  Area,Jalahalli,1200.0,4,0,90.0,1,4.0
Super built-up  Area,Jalahalli,1020.0,2,1,52.0,1,2.0
Super built-up  Area,Jalahalli,2384.0,4,2,165.0,1,3.0
Super built-up  Area,Jalahalli,790.0,2,1,49.5,1,2.0
Built-up  Area,Jalahalli,1395.0,3,3,82.0,1,3.0
Built-up  Area,Jalahalli,1770.0,3,3,100.0,1,3.0
Super built-up  Area,Jalahalli,1569.0,3,2,118.0,1,3.0
Plot  Area,Jalahalli,600.0,1,0,37.0,1,1.0
Super built-up  Area,Jalahalli,615.0,1,1,46.0,1,1.0
Super built-up  Area,Jalahalli,2404.0,3,2,138.0,1,3.0
Super built-up  Area,Jalahalli,905.0,2,2,55.0,1,2.0
Built-up  Area,Jalahalli,1000.0,2,0,70.0,1,2.0
Super built-up  Area,Jalahalli,1704.0,3,2,94.36,1,3.0
Super built-up  Area,Jalahalli,1470.0,2,3,102.0,1,3.0
Super built-up  Area,Jalahalli,1244.0,2,2,88.0,0,2.0
Built-up  Area,Jalahalli,1407.0,2,1,98.49,1,2.0
Super built-up  Area,Jalahalli,1200.0,2,1,66.0,0,1.0
Super built-up  Area,Jalahalli,1530.0,2,3,89.0,1,3.0
Super built-up  Area,Jalahalli,1045.0,2,1,76.77,1,2.0
Super built-up  Area,Jalahalli,1575.0,4,3,100.0,1,3.0
Super built-up  Area,Jalahalli,2086.0,3,2,160.0,1,3.0
Built-up  Area,Jalahalli,980.0,2,2,60.0,1,3.0
Super built-up  Area,Jalahalli,1313.0,2,2,68.0,0,2.0
Super built-up  Area,Jalahalli,1881.0,3,2,115.0,1,3.0
Super built-up  Area,Jalahalli,1405.0,2,1,85.0,1,3.0
Super built-up  Area,Jalahalli East,750.0,1,2,40.0,1,1.0
Super built-up  Area,Jalahalli East,1260.0,2,1,60.0,1,3.0
Super built-up  Area,Jalahalli East,1020.0,2,1,58.0,1,2.0
Super built-up  Area,Jalahalli East,1020.0,2,1,42.48,1,2.0
Super built-up  Area,Jalahalli East,1475.0,3,2,96.0,1,3.0
Super built-up  Area,Jalahalli East,1300.0,2,1,63.0,1,3.0
Super built-up  Area,Jalahalli East,775.0,1,0,34.1,1,1.0
Super built-up  Area,Jalahalli East,1010.0,2,1,52.0,1,2.0
Built-up  Area,Jalahalli East,1035.0,2,1,42.5,1,2.0
Plot  Area,Jalahalli East,1200.0,4,1,80.0,1,4.0
Super built-up  Area,Jigani,1252.0,3,3,55.0,1,3.0
Super built-up  Area,Jigani,1020.0,2,1,40.0,1,2.0
Super built-up  Area,Jigani,918.0,2,2,52.0,1,2.0
Super built-up  Area,Jigani,918.0,2,2,48.0,1,2.0
Super built-up  Area,Jigani,924.0,2,2,65.0,1,2.0
Super built-up  Area,Jigani,1230.0,3,3,54.0,1,3.0
Built-up  Area,Jigani,914.0,2,2,47.0,1,2.0
Super built-up  Area,Jigani,927.0,2,2,55.0,1,2.0
Super built-up  Area,Jigani,920.0,2,2,46.0,1,2.0
Plot  Area,Jigani,2400.0,4,1,130.0,1,3.0
Super built-up  Area,Jigani,918.0,2,2,45.0,1,2.0
Super built-up  Area,Jigani,918.0,2,2,63.2,1,2.0
Super built-up  Area,Jigani,933.0,2,2,43.0,1,2.0
Super built-up  Area,Jigani,918.0,2,2,55.0,1,2.0
Plot  Area,Jigani,2400.0,3,2,149.0,0,3.0
Super built-up  Area,Jigani,4303.5,2,0,226.0,1,4.0
Built-up  Area,Jigani,937.0,2,1,44.0,1,2.0
Super built-up  Area,Jigani,1252.0,3,3,61.0,1,3.0
Super built-up  Area,Jigani,923.0,2,1,50.0,1,2.0
Built-up  Area,Jigani,1250.0,3,2,58.0,1,3.0
Super built-up  Area,Jigani,1252.0,3,0,63.0,1,3.0
Super built-up  Area,Jigani,1221.0,3,3,72.0,1,3.0
Built-up  Area,Jigani,918.0,2,1,49.0,1,2.0
Super built-up  Area,Jigani,1221.0,3,3,52.0,1,3.0
Super built-up  Area,Jigani,914.0,2,2,49.0,1,2.0
Super built-up  Area,Jigani,918.0,2,2,50.0,1,2.0
Built-up  Area,Jigani,1200.0,3,2,65.0,1,3.0
Plot  Area,Jigani,3170.0,5,2,230.0,1,4.0
Super built-up  Area,Jigani,914.0,2,2,55.0,1,2.0
Super built-up  Area,Jigani,1352.0,3,1,65.0,1,3.0
Super built-up  Area,Jigani,1230.0,3,3,60.0,1,3.0
Super built-up  Area,Jigani,1221.0,3,2,65.0,1,3.0
Super built-up  Area,Jigani,1221.0,3,3,75.0,1,3.0
Super built-up  Area,Jigani,1252.0,3,3,70.0,1,3.0
Built-up  Area,Jigani,1252.0,3,2,59.0,1,3.0
Super built-up  Area,Jigani,939.0,2,2,39.0,1,2.0
Super built-up  Area,Jigani,1221.0,3,3,70.0,1,3.0
Super built-up  Area,Jigani,1300.0,3,3,55.0,1,3.0
Built-up  Area,Jigani,1231.0,3,2,58.0,1,3.0
Built-up  Area,Jigani,943.0,2,2,48.0,1,2.0
Super built-up  Area,Jigani,918.0,2,2,56.0,1,2.0
Super built-up  Area,Jigani,1245.0,3,3,66.0,1,3.0
Super built-up  Area,Jigani,1221.0,3,3,65.0,1,3.0
Super built-up  Area,Jigani,943.0,2,2,49.5,1,2.0
Super built-up  Area,Judicial Layout,1300.0,3,1,64.0,0,3.0
Super built-up  Area,Judicial Layout,2070.0,3,3,162.0,1,3.0
Built-up  Area,Judicial Layout,1700.0,3,2,155.0,1,3.0
Super built-up  Area,Judicial Layout,1100.0,2,1,53.0,0,3.0
Plot  Area,Judicial Layout,1200.0,4,1,220.0,1,3.0
Plot  Area,Judicial Layout,5400.0,4,0,700.0,1,5.0
Plot  Area,Judicial Layout,2400.0,4,0,350.0,1,4.0
Plot  Area,Judicial Layout,1500.0,3,2,162.0,1,4.0
Super built-up  Area,Judicial Layout,900.0,2,1,40.0,0,2.0
Super built-up  Area,Judicial Layout,1989.0,4,3,155.0,1,3.0
Super built-up  Area,KR Puram,1277.5,2,0,56.8,1,2.0
Built-up  Area,KR Puram,930.0,2,2,39.0,1,2.0
Super built-up  Area,KR Puram,1155.0,2,2,42.74,1,2.0
Super built-up  Area,KR Puram,1225.0,2,1,46.55,1,2.0
Super built-up  Area,KR Puram,1100.0,2,1,47.0,0,2.0
Plot  Area,KR Puram,1200.0,2,0,71.0,1,2.0
Super built-up  Area,KR Puram,1455.0,3,2,46.0,0,3.0
Built-up  Area,KR Puram,1200.0,2,0,90.0,1,2.0
Built-up  Area,KR Puram,750.0,2,1,25.0,1,2.0
Carpet  Area,KR Puram,1128.76,3,0,47.405,1,3.0
Super built-up  Area,KR Puram,1015.0,2,1,43.0,0,2.0
Super built-up  Area,KR Puram,1470.0,2,2,86.0,1,2.0
Built-up  Area,KR Puram,714.0,1,1,28.0,1,1.0
Super built-up  Area,KR Puram,1142.0,2,1,51.0,1,2.0
Built-up  Area,KR Puram,1115.0,2,2,33.45,1,2.0
Super built-up  Area,KR Puram,1021.0,2,1,48.0,1,2.0
Super built-up  Area,KR Puram,1559.0,3,0,69.315,1,3.0
Built-up  Area,KR Puram,1035.0,2,1,40.5,1,2.0
Plot  Area,KR Puram,1550.0,2,1,71.0,1,2.0
Super built-up  Area,KR Puram,1192.5,2,0,51.22,0,2.0
Built-up  Area,KR Puram,1100.0,2,1,46.0,1,2.0
Super built-up  Area,KR Puram,1290.0,2,1,49.02,1,2.0
Plot  Area,KR Puram,1752.0,3,2,145.0,1,3.0
Super built-up  Area,KR Puram,1100.0,2,2,43.0,1,2.0
Super built-up  Area,KR Puram,950.0,2,1,40.0,1,2.0
Super built-up  Area,KR Puram,1156.0,2,1,72.0,1,2.0
Plot  Area,KR Puram,1000.0,2,0,60.0,1,2.0
Super built-up  Area,KR Puram,1930.0,2,2,57.9,1,3.0
Built-up  Area,KR Puram,1452.0,3,3,60.0,1,3.0
Super built-up  Area,KR Puram,1001.0,2,2,30.0,1,2.0
Built-up  Area,KR Puram,750.0,2,0,40.0,1,2.0
Super built-up  Area,KR Puram,1462.5,2,0,62.81,0,3.0
Built-up  Area,KR Puram,2000.0,6,0,85.0,1,6.0
Built-up  Area,KR Puram,1000.0,2,1,44.5,1,2.0
Super built-up  Area,KR Puram,1200.0,2,3,47.0,1,2.0
Plot  Area,KR Puram,1200.0,1,0,65.0,1,2.0
Super built-up  Area,KR Puram,1583.0,2,0,70.445,0,3.0
Super built-up  Area,KR Puram,1076.0,2,2,67.0,1,2.0
Super built-up  Area,KR Puram,1140.0,2,1,43.32,1,2.0
Built-up  Area,KR Puram,4300.0,6,2,175.0,1,6.0
Super built-up  Area,KR Puram,1200.0,2,1,42.0,1,2.0
Super built-up  Area,KR Puram,1430.0,2,1,61.0,0,3.0
Super built-up  Area,KR Puram,1040.0,2,2,50.0,1,2.0
Plot  Area,KR Puram,3657.0,5,0,310.0,1,5.0
Built-up  Area,KR Puram,1200.0,4,0,83.0,1,4.0
Built-up  Area,KR Puram,2500.0,6,3,58.0,1,6.0
Built-up  Area,KR Puram,734.0,2,1,22.0,1,2.0
Plot  Area,KR Puram,1200.0,4,2,100.0,1,4.0
Super built-up  Area,KR Puram,1120.0,2,2,36.0,1,2.0
Super built-up  Area,KR Puram,1150.0,2,1,42.0,1,2.0
Built-up  Area,KR Puram,4600.0,9,2,200.0,0,9.0
Built-up  Area,KR Puram,1050.0,2,2,55.0,1,2.0
Carpet  Area,KR Puram,1057.0,2,2,30.0,1,2.0
Super built-up  Area,KR Puram,1085.0,2,1,46.5,0,2.0
Super built-up  Area,KR Puram,1700.0,3,3,105.0,1,3.0
Super built-up  Area,KR Puram,1200.0,2,1,72.0,1,2.0
Super built-up  Area,KR Puram,3628.0,4,1,246.0,1,4.0
Super built-up  Area,KR Puram,2000.0,2,0,75.0,1,2.0
Super built-up  Area,KR Puram,1100.0,2,2,45.0,1,2.0
Built-up  Area,KR Puram,3300.0,3,1,255.0,1,5.0
Super built-up  Area,KR Puram,3000.0,4,2,235.0,1,4.0
Built-up  Area,KR Puram,1035.0,2,2,40.0,1,2.0
Super built-up  Area,KR Puram,1116.0,2,1,45.0,1,2.0
Super built-up  Area,KR Puram,1290.0,2,2,69.0,1,2.0
Super built-up  Area,KR Puram,1300.0,2,2,57.0,1,3.0
Carpet  Area,KR Puram,866.28,2,0,36.38,1,2.0
Super built-up  Area,KR Puram,1096.0,2,1,43.0,1,2.0
Super built-up  Area,KR Puram,1204.0,2,2,58.0,1,2.0
Built-up  Area,KR Puram,700.0,1,1,21.5,1,1.0
Super built-up  Area,KR Puram,1205.0,2,1,45.79,1,2.0
Super built-up  Area,KR Puram,1827.0,3,2,97.0,1,3.0
Built-up  Area,KR Puram,1075.0,2,2,32.25,0,2.0
Super built-up  Area,KR Puram,1400.0,2,3,60.0,1,3.0
Built-up  Area,KR Puram,1100.0,2,1,39.9,1,2.0
Super built-up  Area,KR Puram,2283.0,2,0,121.0,0,4.0
Built-up  Area,KR Puram,2800.0,6,1,110.0,1,7.0
Super built-up  Area,KR Puram,1020.0,2,2,39.0,1,2.0
Plot  Area,KR Puram,1200.0,2,0,75.0,1,2.0
Super built-up  Area,KR Puram,1245.0,2,1,60.0,1,2.0
Super built-up  Area,Kadubeesanahalli,1665.0,3,3,70.0,1,3.0
Super built-up  Area,Kadubeesanahalli,1532.0,3,1,115.0,1,3.0
Super built-up  Area,Kadubeesanahalli,1545.0,2,2,66.0,1,3.0
Super built-up  Area,Kadubeesanahalli,1424.0,2,2,75.0,1,3.0
Super built-up  Area,Kadubeesanahalli,1257.0,2,2,93.0,1,2.0
Built-up  Area,Kadubeesanahalli,1365.0,3,1,80.0,1,3.0
Super built-up  Area,Kadubeesanahalli,1257.0,2,1,105.0,1,2.0
Built-up  Area,Kadubeesanahalli,1184.0,2,1,55.0,1,2.0
Super built-up  Area,Kadubeesanahalli,1185.0,2,3,55.0,1,2.0
Super built-up  Area,Kadubeesanahalli,1140.0,2,1,78.0,1,2.0
Built-up  Area,Kadugodi,1260.0,2,2,54.0,1,3.0
Super built-up  Area,Kadugodi,1762.0,3,3,91.45,1,3.0
Super built-up  Area,Kadugodi,1198.0,2,2,58.0,1,2.0
Super built-up  Area,Kadugodi,1580.0,2,2,65.0,1,3.0
Super built-up  Area,Kadugodi,1890.0,4,3,127.0,0,3.0
Plot  Area,Kadugodi,3750.0,4,0,210.0,1,4.0
Super built-up  Area,Kadugodi,1762.0,3,3,110.0,0,3.0
Super built-up  Area,Kadugodi,1900.0,3,0,108.0,0,3.0
Super built-up  Area,Kadugodi,1314.0,2,3,68.2,0,2.0
Super built-up  Area,Kadugodi,1645.0,2,2,82.0,1,3.0
Built-up  Area,Kadugodi,1100.0,2,1,45.0,1,2.0
Super built-up  Area,Kadugodi,1711.0,3,3,75.0,1,3.0
Super built-up  Area,Kadugodi,1314.0,2,2,78.0,0,2.0
Super built-up  Area,Kadugodi,1762.0,3,3,112.0,0,3.0
Super built-up  Area,Kadugodi,1314.0,2,3,83.0,0,2.0
Super built-up  Area,Kadugodi,925.0,1,0,40.7,1,1.0
Super built-up  Area,Kadugodi,1351.0,2,2,78.0,1,3.0
Super built-up  Area,Kadugodi,1010.0,2,1,50.0,1,2.0
Super built-up  Area,Kadugodi,1890.0,4,3,125.0,0,3.0
Super built-up  Area,Kadugodi,1152.0,2,2,61.0,1,2.0
Super built-up  Area,Kadugodi,1394.0,2,2,56.0,1,2.0
Super built-up  Area,Kadugodi,1430.0,2,0,55.0,1,3.0
Super built-up  Area,Kadugodi,3000.0,4,0,134.0,1,4.0
Super built-up  Area,Kadugodi,1614.0,2,2,59.0,1,3.0
Built-up  Area,Kadugodi,1088.0,2,2,44.0,1,2.0
Plot  Area,Kadugodi,1875.0,2,1,110.0,1,3.0
Super built-up  Area,Kadugodi,1150.0,2,2,42.0,1,2.0
Super built-up  Area,Kadugodi,1762.0,3,3,109.0,0,3.0
Super built-up  Area,Kadugodi,1314.0,2,3,80.0,0,2.0
Super built-up  Area,Kadugodi,1196.0,2,3,60.0,1,2.0
Super built-up  Area,Kaggadasapura,1280.0,2,2,56.0,1,3.0
Built-up  Area,Kaggadasapura,1275.0,2,2,52.0,1,2.0
Built-up  Area,Kaggadasapura,2150.0,4,1,100.0,1,4.0
Super built-up  Area,Kaggadasapura,1150.0,2,3,42.0,1,2.0
Super built-up  Area,Kaggadasapura,1110.0,2,3,53.0,1,2.0
Super built-up  Area,Kaggadasapura,1060.0,2,2,48.0,1,2.0
Super built-up  Area,Kaggadasapura,1350.0,3,1,55.5,1,3.0
Super built-up  Area,Kaggadasapura,1063.0,2,2,42.0,1,2.0
Built-up  Area,Kaggadasapura,1470.0,2,2,75.0,1,3.0
Super built-up  Area,Kaggadasapura,1615.0,3,3,58.0,1,3.0
Super built-up  Area,Kaggadasapura,1050.0,2,2,48.0,1,2.0
Super built-up  Area,Kaggadasapura,1132.0,2,2,42.0,1,2.0
Super built-up  Area,Kaggadasapura,1100.0,2,3,58.0,1,2.0
Super built-up  Area,Kaggadasapura,1325.0,2,2,50.0,1,2.0
Super built-up  Area,Kaggadasapura,1200.0,2,2,53.0,1,2.0
Super built-up  Area,Kaggadasapura,1035.0,2,2,45.5,1,2.0
Super built-up  Area,Kaggadasapura,1180.0,1,0,50.0,1,2.0
Built-up  Area,Kaggadasapura,1140.0,2,2,46.0,1,2.0
Super built-up  Area,Kaggadasapura,1340.0,3,1,66.0,1,3.0
Super built-up  Area,Kaggadasapura,1256.0,2,2,50.0,1,3.0
Built-up  Area,Kaggadasapura,1500.0,3,0,75.0,1,3.0
Carpet  Area,Kaggadasapura,1215.0,2,3,43.0,1,2.0
Super built-up  Area,Kaggadasapura,1225.0,2,2,48.0,0,2.0
Super built-up  Area,Kaggadasapura,1805.0,2,2,75.0,1,3.0
Super built-up  Area,Kaggadasapura,1540.0,3,0,75.0,1,3.0
Built-up  Area,Kaggadasapura,1240.0,2,3,45.0,1,2.0
Super built-up  Area,Kaggadasapura,1560.0,2,3,72.0,1,3.0
Built-up  Area,Kaggadasapura,1240.0,2,1,58.58,1,2.0
Super built-up  Area,Kaggadasapura,1000.0,2,2,43.0,1,2.0
Built-up  Area,Kaggadasapura,1225.0,2,2,48.0,1,2.0
Built-up  Area,Kaggadasapura,2500.0,5,1,120.0,1,3.0
Super built-up  Area,Kaggadasapura,960.0,2,1,45.0,1,2.0
Carpet  Area,Kaggadasapura,775.0,2,2,29.5,1,2.0
Built-up  Area,Kaggadasapura,1250.0,2,2,47.0,1,3.0
Super built-up  Area,Kaggadasapura,1455.0,3,3,75.0,1,3.0
Built-up  Area,Kaggadasapura,1045.0,2,2,55.0,1,2.0
Super built-up  Area,Kaggadasapura,1495.0,3,2,60.0,1,3.0
Built-up  Area,Kaggadasapura,1654.0,3,3,70.0,1,3.0
Built-up  Area,Kaggadasapura,2150.0,4,2,90.0,1,4.0
Super built-up  Area,Kaggadasapura,1106.0,2,3,40.0,1,2.0
Super built-up  Area,Kaggadasapura,1485.0,2,2,70.0,1,3.0
Super built-up  Area,Kaggadasapura,1175.0,2,2,50.0,1,2.0
Super built-up  Area,Kaggadasapura,3000.0,4,0,130.0,1,4.0
Super built-up  Area,Kaggadasapura,1500.0,2,2,60.0,1,3.0
Super built-up  Area,Kaggadasapura,1105.0,2,1,39.5,1,2.0
Super built-up  Area,Kaggadasapura,1500.0,2,2,75.0,1,3.0
Super built-up  Area,Kaggadasapura,1400.0,2,2,68.0,1,3.0
Built-up  Area,Kaggadasapura,1150.0,2,2,45.0,1,2.0
Super built-up  Area,Kaggalipura,1150.0,2,1,55.0,1,3.0
Super built-up  Area,Kaggalipura,700.0,1,0,38.0,1,1.0
Super built-up  Area,Kaggalipura,1210.0,2,1,58.0,1,3.0
Super built-up  Area,Kaggalipura,700.0,1,0,36.0,1,1.0
Super built-up  Area,Kaggalipura,950.0,2,1,48.0,1,2.0
Super built-up  Area,Kaggalipura,1000.0,2,1,60.0,1,2.0
Super built-up  Area,Kaggalipura,950.0,2,1,50.0,1,2.0
Super built-up  Area,Kaggalipura,950.0,2,1,47.0,1,2.0
Super built-up  Area,Kaggalipura,1150.0,2,1,62.0,1,3.0
Super built-up  Area,Kaggalipura,700.0,1,0,35.0,1,1.0
Super built-up  Area,Kaggalipura,1150.0,2,1,57.5,1,3.0
Super built-up  Area,Kaggalipura,1210.0,2,1,65.0,1,3.0
Super built-up  Area,Kaggalipura,950.0,2,1,45.0,1,2.0
Super built-up  Area,Kaggalipura,950.0,2,1,60.0,1,2.0
Super built-up  Area,Kaikondrahalli,1645.0,3,2,100.0,1,3.0
Super built-up  Area,Kaikondrahalli,1115.0,2,2,50.0,1,2.0
Super built-up  Area,Kaikondrahalli,1220.0,3,2,56.0,1,3.0
Super built-up  Area,Kaikondrahalli,1300.0,2,2,61.0,1,2.0
Built-up  Area,Kaikondrahalli,1700.0,4,0,108.0,1,4.0
Super built-up  Area,Kaikondrahalli,1342.0,3,3,92.0,1,3.0
Super built-up  Area,Kaikondrahalli,1605.0,3,3,105.0,1,3.0
Super built-up  Area,Kaikondrahalli,1253.0,2,2,81.5,1,2.0
Super built-up  Area,Kaikondrahalli,991.0,2,0,64.0,1,2.0
Super built-up  Area,Kaikondrahalli,1250.0,2,1,78.0,1,2.0
Built-up  Area,Kaikondrahalli,3381.0,6,3,225.0,1,6.0
Super built-up  Area,Kalena Agrahara,1200.0,2,2,50.0,1,2.0
Super built-up  Area,Kalena Agrahara,1804.0,3,2,120.0,1,3.0
Super built-up  Area,Kalena Agrahara,1425.0,2,1,70.0,1,3.0
Super built-up  Area,Kalena Agrahara,1325.0,2,2,76.0,1,2.0
Super built-up  Area,Kalena Agrahara,1450.0,2,3,85.0,1,3.0
Built-up  Area,Kalena Agrahara,980.0,2,1,40.0,1,2.0
Super built-up  Area,Kalena Agrahara,1187.0,2,3,52.0,1,2.0
Super built-up  Area,Kalena Agrahara,800.0,2,2,30.0,1,2.0
Built-up  Area,Kalena Agrahara,1565.0,3,2,78.0,1,3.0
Super built-up  Area,Kalena Agrahara,610.0,1,1,39.0,1,1.0
Built-up  Area,Kalena Agrahara,1040.0,2,2,45.0,1,2.0
Super built-up  Area,Kalena Agrahara,1450.0,3,3,100.0,1,3.0
Super built-up  Area,Kalena Agrahara,1200.0,2,2,45.0,1,2.0
Super built-up  Area,Kalena Agrahara,1902.0,3,2,89.0,1,3.0
Super built-up  Area,Kalena Agrahara,800.0,2,1,40.0,1,2.0
Super built-up  Area,Kalena Agrahara,1222.0,2,3,48.0,1,2.0
Super built-up  Area,Kalena Agrahara,900.0,2,1,40.0,1,2.0
Super built-up  Area,Kalena Agrahara,1837.0,2,2,95.0,1,3.0
Built-up  Area,Kalena Agrahara,1510.0,3,2,78.0,1,3.0
Super built-up  Area,Kalena Agrahara,1354.0,2,2,70.0,1,2.0
Super built-up  Area,Kalena Agrahara,1200.0,3,2,70.0,1,2.0
Super built-up  Area,Kalena Agrahara,1354.0,2,2,71.0,1,2.0
Super built-up  Area,Kalyan nagar,1290.0,2,2,110.0,1,2.0
Built-up  Area,Kalyan nagar,1375.0,3,2,75.0,1,3.0
Built-up  Area,Kalyan nagar,820.0,2,0,39.0,1,2.0
Built-up  Area,Kalyan nagar,3800.0,5,3,300.0,1,4.0
Built-up  Area,Kalyan nagar,1640.0,3,3,88.0,1,3.0
Super built-up  Area,Kalyan nagar,1800.0,3,2,85.0,1,3.0
Super built-up  Area,Kalyan nagar,1080.0,2,2,73.0,1,2.0
Super built-up  Area,Kalyan nagar,2422.0,3,2,150.0,1,4.0
Super built-up  Area,Kalyan nagar,1280.0,2,1,48.0,1,2.0
Built-up  Area,Kalyan nagar,1410.0,2,2,60.0,1,3.0
Super built-up  Area,Kalyan nagar,1198.0,2,1,65.0,1,2.0
Built-up  Area,Kalyan nagar,1250.0,2,2,65.0,1,2.0
Built-up  Area,Kalyan nagar,1190.0,2,1,60.0,1,2.0
Built-up  Area,Kalyan nagar,1086.0,2,2,44.5,1,2.0
Super built-up  Area,Kalyan nagar,2285.0,4,1,165.0,1,3.0
Built-up  Area,Kalyan nagar,1100.0,2,1,70.0,1,2.0
Super built-up  Area,Kambipura,883.0,2,1,45.0,0,2.0
Super built-up  Area,Kambipura,1082.0,2,1,56.0,1,3.0
Super built-up  Area,Kambipura,883.0,2,1,45.0,1,2.0
Super built-up  Area,Kambipura,1082.0,2,1,45.0,1,3.0
Super built-up  Area,Kambipura,883.0,2,1,39.0,1,2.0
Super built-up  Area,Kambipura,1082.0,2,1,55.0,1,3.0
Super built-up  Area,Kambipura,883.0,2,1,37.0,1,2.0
Super built-up  Area,Kambipura,883.0,2,1,44.0,1,2.0
Super built-up  Area,Kambipura,1082.0,2,1,45.5,1,3.0
Super built-up  Area,Kambipura,1083.0,2,1,48.0,1,3.0
Built-up  Area,Kambipura,883.0,2,1,39.0,1,2.0
Super built-up  Area,Kambipura,883.0,2,1,37.01,1,2.0
Built-up  Area,Kammanahalli,1666.0,4,1,150.0,1,5.0
Built-up  Area,Kammanahalli,700.0,1,0,59.0,1,1.0
Super built-up  Area,Kammanahalli,1200.0,2,2,80.0,1,2.0
Plot  Area,Kammanahalli,1200.0,1,1,81.0,1,2.0
Built-up  Area,Kammanahalli,2900.0,4,2,200.0,1,4.0
Plot  Area,Kammanahalli,1600.0,4,1,200.0,1,4.0
Super built-up  Area,Kammanahalli,1200.0,3,2,80.0,1,2.0
Super built-up  Area,Kammasandra,1595.0,3,2,65.0,1,3.0
Super built-up  Area,Kammasandra,810.0,2,2,24.5,0,2.0
Super built-up  Area,Kammasandra,657.5,1,0,18.41,1,1.0
Super built-up  Area,Kammasandra,674.0,2,1,29.0,1,2.0
Super built-up  Area,Kammasandra,912.0,2,1,39.0,1,3.0
Super built-up  Area,Kammasandra,1156.0,2,2,32.0,1,2.0
Super built-up  Area,Kammasandra,870.0,2,1,24.0,1,2.0
Built-up  Area,Kammasandra,990.0,2,1,31.5,1,2.0
Super built-up  Area,Kammasandra,1385.0,2,2,34.63,0,3.0
Super built-up  Area,Kammasandra,930.0,2,0,25.0,1,2.0
Super built-up  Area,Kammasandra,992.0,2,2,25.79,0,2.0
Super built-up  Area,Kammasandra,1030.0,1,2,25.75,1,2.0
Super built-up  Area,Kammasandra,1365.0,2,1,34.13,0,3.0
Super built-up  Area,Kammasandra,1015.0,2,2,37.0,1,2.0
Super built-up  Area,Kammasandra,1276.0,2,1,31.9,1,3.0
Super built-up  Area,Kammasandra,1080.0,2,1,31.99,1,2.0
Built-up  Area,Kammasandra,1415.0,2,2,60.0,1,2.0
Super built-up  Area,Kammasandra,1057.0,2,1,35.0,1,2.0
Super built-up  Area,Kammasandra,982.0,2,2,25.53,0,2.0
Super built-up  Area,Kammasandra,1500.0,3,2,65.0,1,3.0
Super built-up  Area,Kammasandra,985.0,2,1,40.5,1,2.0
Super built-up  Area,Kammasandra,940.0,2,2,35.0,1,2.0
Super built-up  Area,Kammasandra,1616.0,3,3,40.0,1,3.0
Super built-up  Area,Kammasandra,610.0,1,1,18.5,0,1.0
Built-up  Area,Kanakapura,1419.0,3,3,75.0,1,3.0
Super built-up  Area,Kanakapura,711.0,1,1,36.0,0,1.0
Super built-up  Area,Kanakapura,711.0,1,1,38.0,0,1.0
Super built-up  Area,Kanakapura,929.0,2,1,46.0,0,2.0
Super built-up  Area,Kanakapura,551.0,1,1,30.0,0,1.0
Super built-up  Area,Kanakapura,1020.0,2,1,42.83,1,2.0
Super built-up  Area,Kanakapura,1699.0,3,3,97.0,0,3.0
Super built-up  Area,Kanakapura,1130.0,2,1,45.2,1,2.0
Super built-up  Area,Kanakapura,1476.0,3,1,75.0,0,3.0
Super built-up  Area,Kanakapura,1295.0,2,2,64.0,0,2.0
Super built-up  Area,Kanakapura,1160.0,2,1,46.39,1,2.0
Super built-up  Area,Kanakapura,1277.0,2,2,55.0,1,2.0
Super built-up  Area,Kanakapura,1151.0,2,1,59.0,0,2.0
Super built-up  Area,Kanakapura,945.0,2,1,47.0,0,2.0
Super built-up  Area,Kanakapura,1254.0,2,2,70.0,0,3.0
Built-up  Area,Kanakapura,2200.0,3,1,121.0,0,3.0
Built-up  Area,Kanakapura,1340.0,2,2,65.0,1,2.0
Super built-up  Area,Kanakapura,1560.0,2,2,62.38,1,3.0
Super built-up  Area,Kanakapura,1450.0,3,1,75.0,1,3.0
Super built-up  Area,Kanakapura,1283.0,2,2,68.0,0,2.0
Built-up  Area,Kanakapura,2130.0,4,0,120.0,1,4.0
Super built-up  Area,Kanakapura,1290.0,2,3,51.1,1,3.0
Super built-up  Area,Kanakapura,938.0,1,1,50.0,0,1.0
Super built-up  Area,Kanakapura,825.0,1,0,35.475,0,1.0
Super built-up  Area,Kanakapura,1489.0,2,1,70.0,0,3.0
Super built-up  Area,Kanakapura,1477.0,2,1,69.5,0,3.0
Super built-up  Area,Kanakpura Road,700.0,2,1,36.0,0,2.0
Super built-up  Area,Kanakpura Road,1665.0,3,2,88.0,1,3.0
Built-up  Area,Kanakpura Road,950.0,2,1,57.0,1,2.0
Built-up  Area,Kanakpura Road,2250.0,4,1,110.0,0,4.0
Super built-up  Area,Kanakpura Road,1017.0,2,1,51.25,0,2.0
Super built-up  Area,Kanakpura Road,525.0,1,1,26.0,0,1.0
Super built-up  Area,Kanakpura Road,1550.0,3,3,67.0,1,3.0
Super built-up  Area,Kanakpura Road,525.0,2,0,21.53,0,1.0
Super built-up  Area,Kanakpura Road,950.0,2,1,40.0,1,2.0
Super built-up  Area,Kanakpura Road,1550.0,3,3,64.5,1,3.0
Super built-up  Area,Kanakpura Road,525.0,1,1,27.25,0,1.0
Super built-up  Area,Kanakpura Road,1100.0,2,1,58.0,0,3.0
Super built-up  Area,Kanakpura Road,525.0,1,1,30.0,0,1.0
Super built-up  Area,Kanakpura Road,1180.0,2,2,57.0,0,2.0
Super built-up  Area,Kanakpura Road,1339.0,2,3,75.0,1,2.0
Super built-up  Area,Kanakpura Road,1100.0,3,2,58.0,0,3.0
Super built-up  Area,Kanakpura Road,1100.0,3,2,53.0,0,3.0
Super built-up  Area,Kanakpura Road,1843.0,3,2,95.84,1,3.0
Super built-up  Area,Kanakpura Road,1290.0,2,3,74.0,0,2.0
Super built-up  Area,Kanakpura Road,1500.0,2,2,69.0,1,2.0
Super built-up  Area,Kanakpura Road,1665.0,3,2,86.58,1,3.0
Built-up  Area,Kanakpura Road,1558.67,2,2,65.0,1,3.0
Super built-up  Area,Kanakpura Road,1542.0,2,3,85.0,1,3.0
Super built-up  Area,Kanakpura Road,1300.0,2,3,69.0,0,3.0
Super built-up  Area,Kanakpura Road,900.0,2,1,46.0,0,2.0
Super built-up  Area,Kanakpura Road,900.0,1,0,45.0,0,2.0
Super built-up  Area,Kanakpura Road,1843.0,3,2,92.15,1,3.0
Super built-up  Area,Kanakpura Road,1495.0,2,2,90.0,1,2.0
Super built-up  Area,Kanakpura Road,1699.0,3,3,81.94,0,3.0
Super built-up  Area,Kanakpura Road,1570.0,3,3,64.5,1,3.0
Carpet  Area,Kanakpura Road,1560.0,3,0,92.0,1,3.0
Super built-up  Area,Kanakpura Road,1135.0,2,2,58.0,1,2.0
Built-up  Area,Kanakpura Road,3500.0,6,2,225.0,1,4.0
Super built-up  Area,Kanakpura Road,1420.0,2,2,75.0,1,3.0
Super built-up  Area,Kanakpura Road,900.0,2,1,41.0,0,2.0
Super built-up  Area,Kanakpura Road,825.0,1,0,36.29,0,1.0
Super built-up  Area,Kanakpura Road,983.0,2,1,50.6,0,2.0
Super built-up  Area,Kanakpura Road,1480.0,2,2,64.23,1,3.0
Super built-up  Area,Kanakpura Road,700.0,2,1,35.0,0,2.0
Super built-up  Area,Kanakpura Road,1660.0,3,3,75.0,1,3.0
Super built-up  Area,Kanakpura Road,1450.0,3,3,60.91,1,3.0
Plot  Area,Kanakpura Road,1500.0,3,2,97.0,1,3.0
Super built-up  Area,Kanakpura Road,700.0,1,1,35.0,0,2.0
Super built-up  Area,Kanakpura Road,1366.0,3,1,76.85,0,2.0
Super built-up  Area,Kanakpura Road,1419.59,2,1,59.0,1,3.0
Super built-up  Area,Kanakpura Road,525.0,1,1,25.0,0,1.0
Super built-up  Area,Kanakpura Road,2265.0,3,2,136.0,0,3.0
Super built-up  Area,Kanakpura Road,1252.0,2,1,56.32,0,2.0
Super built-up  Area,Kanakpura Road,1530.0,2,0,66.4,1,3.0
Super built-up  Area,Kanakpura Road,1339.0,2,2,62.0,1,2.0
Super built-up  Area,Kanakpura Road,1470.0,2,2,61.74,1,2.0
Plot  Area,Kanakpura Road,2200.0,3,2,130.0,1,3.0
Super built-up  Area,Kanakpura Road,1090.0,2,1,54.54,0,2.0
Super built-up  Area,Kanakpura Road,1051.0,2,2,56.74,0,2.0
Super built-up  Area,Kanakpura Road,1339.0,2,2,58.0,1,2.0
Super built-up  Area,Kanakpura Road,1299.0,2,2,85.0,0,2.0
Super built-up  Area,Kanakpura Road,950.0,2,1,45.0,1,2.0
Super built-up  Area,Kanakpura Road,1452.0,3,3,60.98,1,3.0
Super built-up  Area,Kanakpura Road,1300.0,3,2,69.0,0,3.0
Super built-up  Area,Kanakpura Road,700.0,2,1,40.0,0,2.0
Carpet  Area,Kanakpura Road,458.0,1,0,19.695,0,1.0
Super built-up  Area,Kanakpura Road,1700.0,3,3,88.0,1,3.0
Super built-up  Area,Kanakpura Road,1482.0,3,3,60.98,1,3.0
Plot  Area,Kanakpura Road,2775.0,3,1,165.0,1,4.0
Plot  Area,Kanakpura Road,1900.0,3,1,99.0,1,3.0
Super built-up  Area,Kanakpura Road,1290.0,2,3,80.0,0,2.0
Super built-up  Area,Kanakpura Road,1100.0,3,1,52.97,0,3.0
Super built-up  Area,Kanakpura Road,700.0,2,1,34.98,0,2.0
Super built-up  Area,Kanakpura Road,1225.0,2,2,60.0,0,2.0
Super built-up  Area,Kanakpura Road,1868.0,3,2,113.0,0,3.0
Built-up  Area,Kanakpura Road,1339.0,2,2,62.0,1,2.0
Super built-up  Area,Kanakpura Road,1366.0,2,1,83.0,0,2.0
Built-up  Area,Kanakpura Road,1800.0,3,2,90.0,1,3.0
Super built-up  Area,Kanakpura Road,1339.0,2,2,71.5,1,2.0
Super built-up  Area,Kanakpura Road,670.0,1,1,35.0,0,1.0
Built-up  Area,Kanakpura Road,1340.0,2,2,60.0,1,2.0
Built-up  Area,Kanakpura Road,1260.0,3,3,63.58,1,3.0
Super built-up  Area,Kanakpura Road,1155.0,2,1,55.5,0,2.0
Super built-up  Area,Kanakpura Road,700.0,2,1,34.99,0,2.0
Super built-up  Area,Kanakpura Road,1309.0,2,3,64.39,0,2.0
Super built-up  Area,Kanakpura Road,1843.0,3,2,82.0,1,3.0
Super built-up  Area,Kanakpura Road,1550.0,3,3,65.11,1,3.0
Super built-up  Area,Kanakpura Road,1498.0,3,2,95.0,1,3.0
Super built-up  Area,Kanakpura Road,525.0,2,0,27.0,0,1.0
Super built-up  Area,Kanakpura Road,1665.0,3,2,86.91,1,3.0
Super built-up  Area,Kanakpura Road,712.0,1,1,38.44,0,1.0
Super built-up  Area,Kanakpura Road,1450.0,3,3,62.4,1,3.0
Super built-up  Area,Kanakpura Road,1843.0,3,2,85.0,1,3.0
Super built-up  Area,Kanakpura Road,1628.0,2,2,68.0,1,2.0
Super built-up  Area,Kanakpura Road,1507.0,2,3,95.0,1,3.0
Super built-up  Area,Kanakpura Road,1550.0,3,3,63.5,1,3.0
Built-up  Area,Kanakpura Road,1737.0,3,3,85.0,1,3.0
Super built-up  Area,Kanakpura Road,700.0,2,1,35.07,0,2.0
Super built-up  Area,Kanakpura Road,1339.0,2,2,85.0,1,2.0
Super built-up  Area,Kanakpura Road,1900.0,3,3,125.0,1,3.0
Super built-up  Area,Kanakpura Road,525.0,1,1,27.0,0,1.0
Super built-up  Area,Kanakpura Road,525.0,1,1,27.5,0,1.0
Super built-up  Area,Kanakpura Road,1155.0,2,0,50.125,1,2.0
Super built-up  Area,Kanakpura Road,525.0,1,1,26.25,0,1.0
Built-up  Area,Kanakpura Road,1050.0,2,1,59.0,1,3.0
Carpet  Area,Kanakpura Road,1600.0,3,3,90.0,1,3.0
Super built-up  Area,Kanakpura Road,525.0,2,0,29.25,0,1.0
Super built-up  Area,Kanakpura Road,1283.0,2,2,63.22,0,2.0
Super built-up  Area,Kanakpura Road,800.0,2,0,41.145,0,2.0
Super built-up  Area,Kanakpura Road,1843.0,3,2,88.0,1,3.0
Super built-up  Area,Kanakpura Road,1100.0,3,2,56.57,0,3.0
Super built-up  Area,Kanakpura Road,1550.0,3,3,65.1,1,3.0
Super built-up  Area,Kanakpura Road,1843.0,3,2,96.2,1,3.0
Super built-up  Area,Kanakpura Road,1550.0,3,3,64.7,1,3.0
Super built-up  Area,Kanakpura Road,1500.0,3,1,72.99,0,3.0
Super built-up  Area,Kanakpura Road,1450.0,2,2,62.93,1,3.0
Built-up  Area,Kanakpura Road,1240.0,2,2,65.0,1,2.0
Super built-up  Area,Kanakpura Road,1420.0,3,3,68.0,1,3.0
Super built-up  Area,Kanakpura Road,1498.0,3,2,74.9,1,3.0
Super built-up  Area,Kanakpura Road,1300.0,2,2,55.0,1,3.0
Super built-up  Area,Kanakpura Road,700.0,2,1,41.0,0,2.0
Super built-up  Area,Kanakpura Road,1570.0,3,3,65.93,1,3.0
Super built-up  Area,Kanakpura Road,1450.0,3,2,65.0,1,3.0
Super built-up  Area,Kanakpura Road,700.0,1,1,41.0,0,2.0
Super built-up  Area,Kanakpura Road,1135.0,2,1,56.74,1,2.0
Super built-up  Area,Kanakpura Road,1100.0,3,1,58.0,0,3.0
Built-up  Area,Kanakpura Road,1140.0,2,1,65.0,1,2.0
Super built-up  Area,Kanakpura Road,1452.0,3,3,60.0,1,3.0
Super built-up  Area,Kanakpura Road,1100.0,2,1,52.97,0,3.0
Super built-up  Area,Kanakpura Road,1450.0,2,2,70.18,0,3.0
Super built-up  Area,Kanakpura Road,525.0,1,1,26.01,0,1.0
Built-up  Area,Kanakpura Road,1843.0,3,2,85.0,1,3.0
Super built-up  Area,Kanakpura Road,1938.0,3,3,92.69,0,3.0
Super built-up  Area,Kanakpura Road,1530.0,2,0,70.99,1,3.0
Built-up  Area,Kanakpura Road,1322.0,2,3,70.0,1,2.0
Super built-up  Area,Kanakpura Road,1698.0,2,1,105.0,0,2.0
Super built-up  Area,Kanakpura Road,1300.0,3,1,69.0,0,3.0
Super built-up  Area,Kanakpura Road,700.0,2,1,34.0,0,2.0
Super built-up  Area,Kanakpura Road,1167.0,2,1,63.0,0,2.0
Super built-up  Area,Kanakpura Road,1419.59,2,1,65.0,1,3.0
Super built-up  Area,Kanakpura Road,1665.0,3,2,78.0,1,3.0
Super built-up  Area,Kanakpura Road,1339.0,2,2,63.0,1,2.0
Super built-up  Area,Kanakpura Road,1450.0,3,3,60.9,1,3.0
Super built-up  Area,Kanakpura Road,900.0,2,2,41.0,0,2.0
Super built-up  Area,Kanakpura Road,1300.0,3,1,64.0,0,3.0
Super built-up  Area,Kanakpura Road,1120.0,2,1,51.0,1,2.0
Super built-up  Area,Kanakpura Road,1430.0,2,2,78.0,1,2.0
Super built-up  Area,Kanakpura Road,1401.0,3,2,69.0,0,3.0
Super built-up  Area,Kanakpura Road,1220.0,2,2,60.0,1,2.0
Super built-up  Area,Kanakpura Road,1700.0,3,2,75.0,1,3.0
Built-up  Area,Kanakpura Road,2000.0,3,3,105.0,1,3.0
Plot  Area,Kanakpura Road,1200.0,2,0,62.0,1,2.0
Super built-up  Area,Kanakpura Road,1843.0,3,2,95.0,1,3.0
Super built-up  Area,Kanakpura Road,1100.0,2,1,53.0,0,3.0
Built-up  Area,Kanakpura Road,1843.0,3,2,90.0,1,3.0
Super built-up  Area,Kanakpura Road,900.0,2,1,46.29,0,2.0
Super built-up  Area,Kanakpura Road,850.0,1,1,37.32,0,1.0
Super built-up  Area,Kanakpura Road,1570.0,3,2,68.0,1,3.0
Super built-up  Area,Kanakpura Road,1938.0,3,3,105.0,0,3.0
Super built-up  Area,Kanakpura Road,1610.0,3,3,78.5,1,3.0
Built-up  Area,Kanakpura Road,1250.0,3,3,62.6,1,3.0
Super built-up  Area,Kanakpura Road,700.0,2,2,36.0,0,2.0
Super built-up  Area,Kanakpura Road,1622.0,3,0,95.0,1,3.0
Super built-up  Area,Kanakpura Road,900.0,2,1,42.0,0,2.0
Super built-up  Area,Kanakpura Road,1665.0,3,2,74.9,1,3.0
Super built-up  Area,Kanakpura Road,1339.0,2,2,67.0,1,2.0
Super built-up  Area,Kannamangala,957.0,2,1,58.0,1,2.0
Built-up  Area,Kannamangala,957.0,2,1,56.0,1,2.0
Built-up  Area,Kannamangala,3000.0,4,0,200.0,1,4.0
Super built-up  Area,Kannamangala,1536.0,3,1,89.0,0,3.0
Plot  Area,Kannamangala,2400.0,4,1,130.0,1,4.0
Super built-up  Area,Kannamangala,1574.0,3,1,93.34,1,3.0
Built-up  Area,Kannamangala,957.0,2,0,52.5,0,2.0
Super built-up  Area,Kannamangala,1536.0,3,1,104.0,0,3.0
Super built-up  Area,Kannamangala,957.0,2,2,54.5,1,2.0
Super built-up  Area,Kannamangala,2422.0,4,3,135.0,1,4.0
Super built-up  Area,Kannamangala,957.0,2,1,55.0,1,2.0
Built-up  Area,Kannamangala,957.0,2,2,56.0,0,2.0
Built-up  Area,Karuna Nagar,2500.0,3,2,180.0,1,3.0
Plot  Area,Karuna Nagar,2500.0,3,2,190.0,1,3.0
Built-up  Area,Karuna Nagar,1962.0,3,2,175.0,1,3.0
Super built-up  Area,Karuna Nagar,1057.0,2,1,65.0,1,2.0
Super built-up  Area,Karuna Nagar,1354.0,2,1,98.0,1,3.0
Super built-up  Area,Karuna Nagar,1945.0,3,3,115.0,1,3.0
Super built-up  Area,Karuna Nagar,1960.0,3,2,165.0,1,3.0
Super built-up  Area,Kasavanhalli,1060.0,2,2,58.06,1,2.0
Super built-up  Area,Kasavanhalli,1563.05,3,1,105.0,1,3.0
Built-up  Area,Kasavanhalli,1717.0,3,3,99.0,1,3.0
Built-up  Area,Kasavanhalli,1799.0,3,3,90.0,1,3.0
Built-up  Area,Kasavanhalli,3260.0,4,1,240.0,1,4.0
Super built-up  Area,Kasavanhalli,1349.0,2,2,78.0,1,2.0
Super built-up  Area,Kasavanhalli,1121.0,2,2,78.0,0,2.0
Built-up  Area,Kasavanhalli,1100.0,2,1,50.0,1,2.0
Super built-up  Area,Kasavanhalli,1980.0,3,2,88.0,1,3.0
Super built-up  Area,Kasavanhalli,1200.0,2,1,78.0,1,2.0
Super built-up  Area,Kasavanhalli,1646.0,3,2,79.5,0,3.0
Super built-up  Area,Kasavanhalli,1555.0,3,2,82.5,1,3.0
Super built-up  Area,Kasavanhalli,1476.0,3,0,89.0,1,3.0
Super built-up  Area,Kasavanhalli,1493.0,3,2,82.0,1,3.0
Super built-up  Area,Kasavanhalli,1200.0,2,2,50.0,1,2.0
Built-up  Area,Kasavanhalli,1719.0,3,2,116.0,1,3.0
Super built-up  Area,Kasavanhalli,1115.0,2,2,50.0,1,2.0
Super built-up  Area,Kasavanhalli,1125.0,2,1,61.2,1,2.0
Super built-up  Area,Kasavanhalli,2170.0,3,2,151.0,0,3.0
Super built-up  Area,Kasavanhalli,1915.0,3,3,80.0,1,3.0
Super built-up  Area,Kasavanhalli,1450.0,3,0,77.41,1,3.0
Super built-up  Area,Kasavanhalli,1476.0,3,1,95.0,1,3.0
Super built-up  Area,Kasavanhalli,1200.0,2,1,50.3,1,2.0
Built-up  Area,Kasavanhalli,2100.0,3,3,110.0,1,3.0
Super built-up  Area,Kasavanhalli,1787.0,3,2,123.0,0,3.0
Super built-up  Area,Kasavanhalli,1090.0,2,2,59.8,1,2.0
Super built-up  Area,Kasavanhalli,1691.0,3,2,104.0,0,3.0
Super built-up  Area,Kasavanhalli,4260.0,4,3,272.0,0,4.0
Built-up  Area,Kasavanhalli,2111.0,4,3,120.0,1,3.0
Super built-up  Area,Kasavanhalli,1545.0,3,1,69.0,0,3.0
Super built-up  Area,Kasavanhalli,950.0,2,1,39.0,1,2.0
Super built-up  Area,Kasavanhalli,1863.0,3,2,105.0,1,4.0
Built-up  Area,Kasavanhalli,1667.0,3,2,92.0,1,3.0
Super built-up  Area,Kasavanhalli,1494.0,3,2,82.0,1,3.0
Super built-up  Area,Kasavanhalli,1555.0,3,3,82.0,1,3.0
Super built-up  Area,Kasavanhalli,770.0,1,1,43.82,1,1.0
Super built-up  Area,Kasavanhalli,1147.0,2,1,60.0,0,2.0
Super built-up  Area,Kasavanhalli,1375.0,2,2,72.0,1,2.0
Super built-up  Area,Kasavanhalli,1380.0,2,2,55.0,1,3.0
Super built-up  Area,Kasavanhalli,1200.0,2,2,60.0,1,2.0
Plot  Area,Kasavanhalli,4260.0,4,2,333.0,0,4.0
Built-up  Area,Kasavanhalli,1495.0,2,2,83.0,1,2.0
Plot  Area,Kasavanhalli,5000.0,2,0,400.0,0,3.0
Super built-up  Area,Kasavanhalli,4000.0,4,2,325.0,1,4.0
Super built-up  Area,Kasavanhalli,1225.0,2,1,69.0,1,3.0
Super built-up  Area,Kasavanhalli,1917.0,3,2,132.0,0,3.0
Super built-up  Area,Kasavanhalli,1375.0,2,1,78.0,1,2.0
Plot  Area,Kasavanhalli,4408.0,4,2,344.0,0,4.0
Super built-up  Area,Kasavanhalli,1309.0,2,2,95.0,1,2.0
Super built-up  Area,Kasavanhalli,1476.0,3,0,105.0,1,3.0
Super built-up  Area,Kasavanhalli,1158.0,2,2,67.0,1,2.0
Super built-up  Area,Kasavanhalli,1214.0,2,3,67.0,1,2.0
Built-up  Area,Kasavanhalli,2110.0,4,3,120.0,1,3.0
Super built-up  Area,Kasavanhalli,1495.0,2,2,110.0,1,2.0
Super built-up  Area,Kasavanhalli,1575.0,2,3,85.0,1,2.0
Super built-up  Area,Kasavanhalli,1069.0,2,2,55.0,1,2.0
Super built-up  Area,Kasavanhalli,1100.0,2,1,68.0,1,2.0
Super built-up  Area,Kasavanhalli,1715.0,3,3,112.0,1,3.0
Super built-up  Area,Kasavanhalli,1100.0,2,1,65.0,1,2.0
Super built-up  Area,Kasavanhalli,1230.0,2,2,66.25,1,2.0
Super built-up  Area,Kasavanhalli,1819.0,3,1,150.0,1,3.0
Super built-up  Area,Kasavanhalli,1719.0,3,2,71.0,1,3.0
Super built-up  Area,Kasavanhalli,1600.0,3,3,79.0,0,3.0
Built-up  Area,Kasavanhalli,1585.0,2,2,90.0,1,2.0
Super built-up  Area,Kasavanhalli,1245.0,2,2,80.0,1,2.0
Super built-up  Area,Kasavanhalli,2035.0,3,2,142.0,0,3.0
Super built-up  Area,Kasavanhalli,1747.0,3,1,110.0,1,3.0
Super built-up  Area,Kasavanhalli,1377.0,2,2,80.0,1,2.0
Super built-up  Area,Kasavanhalli,1181.0,2,1,61.0,1,2.0
Built-up  Area,Kasavanhalli,1121.0,2,2,75.0,0,2.0
Built-up  Area,Kasturi Nagar,1925.0,3,0,125.0,1,3.0
Super built-up  Area,Kasturi Nagar,1567.0,2,2,92.0,1,2.0
Super built-up  Area,Kasturi Nagar,1570.0,3,3,80.0,1,3.0
Super built-up  Area,Kasturi Nagar,1565.0,3,2,88.5,1,3.0
Super built-up  Area,Kasturi Nagar,1080.0,2,2,80.0,1,2.0
Super built-up  Area,Kasturi Nagar,1101.0,2,2,65.0,1,2.0
Super built-up  Area,Kasturi Nagar,1500.0,2,3,80.0,1,3.0
Super built-up  Area,Kasturi Nagar,1896.0,3,1,125.0,1,4.0
Super built-up  Area,Kasturi Nagar,1100.0,2,2,58.0,1,2.0
Super built-up  Area,Kasturi Nagar,1570.0,3,2,110.0,1,3.0
Super built-up  Area,Kasturi Nagar,1000.0,2,0,58.0,1,2.0
Super built-up  Area,Kasturi Nagar,1101.0,2,2,66.0,1,2.0
Super built-up  Area,Kasturi Nagar,2507.0,4,2,155.0,1,4.0
Super built-up  Area,Kathriguppe,1400.0,2,2,77.0,1,3.0
Super built-up  Area,Kathriguppe,1250.0,2,1,68.75,1,3.0
Super built-up  Area,Kathriguppe,1245.0,2,2,68.48,1,3.0
Super built-up  Area,Kathriguppe,1350.0,2,1,87.01,1,3.0
Super built-up  Area,Kathriguppe,1350.0,2,2,80.99,1,3.0
Super built-up  Area,Kathriguppe,1365.0,2,2,75.08,1,3.0
Super built-up  Area,Kathriguppe,1300.0,3,2,77.99,1,3.0
Super built-up  Area,Kathriguppe,1350.0,2,1,80.99,1,3.0
Super built-up  Area,Kathriguppe,1390.0,2,2,76.45,1,3.0
Super built-up  Area,Kathriguppe,1350.0,3,3,78.3,1,3.0
Super built-up  Area,Kathriguppe,1250.0,2,2,68.75,1,3.0
Super built-up  Area,Kathriguppe,1335.0,2,3,73.43,1,3.0
Super built-up  Area,Kathriguppe,1300.0,3,3,77.99,1,3.0
Super built-up  Area,Kathriguppe,1335.0,2,2,73.43,1,3.0
Super built-up  Area,Kathriguppe,1350.0,3,2,80.99,1,3.0
Super built-up  Area,Kathriguppe,1250.0,2,1,68.75,1,2.0
Super built-up  Area,Kaval Byrasandra,1200.0,2,2,52.0,1,2.0
Built-up  Area,Kaval Byrasandra,1020.0,2,1,52.0,1,2.0
Super built-up  Area,Kaval Byrasandra,1200.0,2,1,49.5,1,2.0
Built-up  Area,Kaval Byrasandra,945.0,2,2,50.0,1,2.0
Built-up  Area,Kaval Byrasandra,1060.0,2,2,45.0,1,2.0
Built-up  Area,Kaval Byrasandra,1100.0,2,1,46.0,1,2.0
Built-up  Area,Kaval Byrasandra,1185.0,2,1,49.0,1,2.0
Super built-up  Area,Kaval Byrasandra,997.0,2,3,53.0,1,2.0
Super built-up  Area,Kaval Byrasandra,1060.0,2,2,42.0,1,2.0
Built-up  Area,Kaval Byrasandra,480.0,1,1,25.0,1,1.0
Super built-up  Area,Kaval Byrasandra,1125.0,2,1,41.5,1,2.0
Built-up  Area,Kaval Byrasandra,1180.0,2,2,60.0,1,2.0
Super built-up  Area,Kaval Byrasandra,1450.0,3,2,75.0,1,3.0
Built-up  Area,Kaval Byrasandra,1066.0,2,3,55.0,1,2.0
Super built-up  Area,Kaval Byrasandra,1025.0,2,1,60.0,1,2.0
Super built-up  Area,Kaval Byrasandra,1900.0,2,2,65.0,1,3.0
Built-up  Area,Kaval Byrasandra,2700.0,3,2,200.0,1,3.0
Super built-up  Area,Kaval Byrasandra,1400.0,3,2,75.0,1,3.0
Super built-up  Area,Kenchenahalli,1015.0,2,2,58.0,1,2.0
Super built-up  Area,Kenchenahalli,715.0,1,1,45.0,1,1.0
Super built-up  Area,Kenchenahalli,1150.0,2,2,58.0,1,2.0
Super built-up  Area,Kenchenahalli,1280.0,2,2,69.0,1,3.0
Super built-up  Area,Kenchenahalli,1410.0,2,2,73.0,1,3.0
Super built-up  Area,Kenchenahalli,870.0,1,1,45.0,1,2.0
Super built-up  Area,Kenchenahalli,1150.0,2,2,60.0,1,2.0
Super built-up  Area,Kenchenahalli,700.0,1,1,35.0,1,1.0
Super built-up  Area,Kenchenahalli,1165.0,2,2,45.0,1,2.0
Super built-up  Area,Kenchenahalli,1060.0,2,2,52.0,1,2.0
Super built-up  Area,Kenchenahalli,1150.0,2,2,57.0,1,2.0
Super built-up  Area,Kenchenahalli,1720.0,3,0,100.0,1,3.0
Super built-up  Area,Kenchenahalli,1015.0,2,2,60.0,1,2.0
Super built-up  Area,Kengeri,1540.0,2,3,64.0,1,3.0
Super built-up  Area,Kengeri,370.923994,1,0,18.5,1,1.0
Super built-up  Area,Kengeri,750.0,2,1,38.0,1,2.0
Super built-up  Area,Kengeri,1160.0,2,2,40.61,1,2.0
Built-up  Area,Kengeri,340.0,1,1,10.0,0,1.0
Super built-up  Area,Kengeri,1197.0,2,2,50.0,1,2.0
Plot  Area,Kengeri,8000.0,5,0,500.0,1,5.0
Super built-up  Area,Kengeri,1200.0,2,0,58.0,1,2.0
Super built-up  Area,Kengeri,1188.0,2,2,38.0,1,3.0
Super built-up  Area,Kengeri,726.0,2,1,31.0,0,2.0
Super built-up  Area,Kengeri,1250.0,3,3,48.0,1,3.0
Super built-up  Area,Kengeri,1025.0,2,2,57.0,1,2.0
Super built-up  Area,Kengeri,1160.0,2,2,40.6,1,3.0
Super built-up  Area,Kengeri,750.0,2,2,22.0,0,2.0
Built-up  Area,Kengeri,1082.0,2,1,49.0,1,3.0
Super built-up  Area,Kengeri,1155.0,2,2,40.6,1,2.0
Built-up  Area,Kengeri,1255.0,2,2,50.0,1,2.0
Built-up  Area,Kengeri,750.0,2,1,36.0,1,2.0
Built-up  Area,Kengeri,963.0,2,2,40.0,1,2.0
Super built-up  Area,Kengeri,927.0,2,2,37.0,0,2.0
Super built-up  Area,Kengeri,726.0,2,1,35.0,0,2.0
Super built-up  Area,Kengeri,918.0,2,1,27.54,0,2.0
Super built-up  Area,Kengeri,416.0,1,1,19.5,0,1.0
Super built-up  Area,Kengeri,900.0,2,2,45.0,1,2.0
Super built-up  Area,Kengeri,900.0,2,0,30.0,1,2.0
Built-up  Area,Kengeri,787.0,2,1,31.0,1,2.0
Built-up  Area,Kengeri,502.0,1,1,25.0,1,1.0
Built-up  Area,Kengeri,1470.0,3,3,50.0,1,3.0
Plot  Area,Kengeri,1200.0,3,1,67.0,1,3.0
Super built-up  Area,Kengeri,725.0,2,1,30.0,1,2.0
Built-up  Area,Kengeri,500.0,1,1,17.0,1,1.0
Super built-up  Area,Kengeri,540.0,1,1,22.5,0,1.0
Super built-up  Area,Kengeri,750.0,2,1,35.5,1,2.0
Super built-up  Area,Kengeri,1741.0,3,2,80.0,0,3.0
Built-up  Area,Kengeri,1436.0,2,2,55.0,1,3.0
Plot  Area,Kengeri,1200.0,2,0,58.0,1,2.0
Super built-up  Area,Kengeri,400.0,2,1,25.0,1,1.0
Built-up  Area,Kengeri,1230.0,2,2,45.0,1,2.0
Built-up  Area,Kengeri,1230.0,2,2,52.0,1,3.0
Super built-up  Area,Kengeri,750.0,2,1,36.5,1,2.0
Built-up  Area,Kengeri,2540.0,4,0,160.0,1,4.0
Super built-up  Area,Kengeri,1000.0,2,2,34.0,1,2.0
Super built-up  Area,Kengeri,416.0,1,1,18.0,0,1.0
Super built-up  Area,Kengeri,1245.0,2,2,43.57,1,3.0
Built-up  Area,Kengeri,883.0,2,0,49.0,1,2.0
Super built-up  Area,Kengeri,1052.0,2,2,51.0,1,2.0
Super built-up  Area,Kengeri,1009.0,2,1,30.27,0,2.0
Super built-up  Area,Kengeri,1220.0,2,2,63.0,1,2.0
Plot  Area,Kengeri,1150.0,1,0,52.0,1,1.0
Super built-up  Area,Kengeri,1192.0,2,2,53.5,1,2.0
Super built-up  Area,Kengeri,1200.0,2,3,42.0,1,2.0
Super built-up  Area,Kengeri,750.0,2,1,40.0,1,2.0
Built-up  Area,Kengeri,600.0,1,1,35.0,1,1.0
Built-up  Area,Kengeri,633.0,1,1,18.0,1,2.0
Super built-up  Area,Kengeri,1035.0,2,1,51.5,1,2.0
Built-up  Area,Kengeri,3000.0,5,0,130.0,1,8.0
Built-up  Area,Kengeri,410.0,1,1,15.0,1,1.0
Super built-up  Area,Kengeri,400.0,1,1,25.0,1,1.0
Super built-up  Area,Kengeri,416.0,1,1,17.19,0,1.0
Super built-up  Area,Kengeri,1320.0,2,1,50.0,1,2.0
Super built-up  Area,Kengeri,1160.0,2,2,40.6,1,2.0
Built-up  Area,Kengeri,2500.0,4,3,100.0,1,5.0
Built-up  Area,Kengeri,550.0,1,1,16.75,1,1.0
Super built-up  Area,Kengeri Satellite Town,890.0,2,1,35.0,1,2.0
Built-up  Area,Kengeri Satellite Town,883.0,2,1,45.0,1,2.0
Super built-up  Area,Kengeri Satellite Town,1415.0,2,3,66.0,1,3.0
Super built-up  Area,Kengeri Satellite Town,930.0,1,1,30.0,1,1.0
Super built-up  Area,Kengeri Satellite Town,1635.0,2,0,78.0,1,3.0
Super built-up  Area,Kengeri Satellite Town,1050.0,2,2,43.0,1,2.0
Super built-up  Area,Kengeri Satellite Town,1007.0,2,3,42.0,1,2.0
Super built-up  Area,Kengeri Satellite Town,1043.0,2,2,65.0,1,2.0
Super built-up  Area,Kengeri Satellite Town,635.0,1,1,22.0,1,2.0
Super built-up  Area,Kengeri Satellite Town,818.0,2,1,26.0,0,2.0
Built-up  Area,Kengeri Satellite Town,1030.0,2,2,50.0,1,2.0
Plot  Area,Kengeri Satellite Town,1200.0,2,1,65.0,1,2.0
Super built-up  Area,Kengeri Satellite Town,795.0,2,2,32.0,1,2.0
Super built-up  Area,Kengeri Satellite Town,1302.5,2,0,44.285,0,2.0
Built-up  Area,Kengeri Satellite Town,800.0,2,1,40.0,1,2.0
Super built-up  Area,Kengeri Satellite Town,654.0,1,1,22.0,1,1.0
Super built-up  Area,Kengeri Satellite Town,1060.0,2,3,42.0,1,2.0
Super built-up  Area,Kengeri Satellite Town,750.0,2,1,33.0,1,2.0
Super built-up  Area,Kengeri Satellite Town,920.0,2,3,39.0,1,2.0
Super built-up  Area,Kengeri Satellite Town,985.0,2,2,42.0,1,2.0
Plot  Area,Kengeri Satellite Town,2480.0,2,1,160.0,1,2.0
Super built-up  Area,Kengeri Satellite Town,410.0,1,1,15.0,1,1.0
Super built-up  Area,Kengeri Satellite Town,1120.0,2,2,49.0,1,2.0
Super built-up  Area,Kengeri Satellite Town,1450.0,2,3,50.0,1,3.0
Built-up  Area,Kengeri Satellite Town,1110.0,2,1,43.0,1,2.0
Built-up  Area,Kengeri Satellite Town,1170.0,2,3,50.0,1,2.0
Super built-up  Area,Kengeri Satellite Town,777.4,2,0,25.0,1,2.0
Super built-up  Area,Kengeri Satellite Town,1025.0,2,1,28.57,0,2.0
Super built-up  Area,Kengeri Satellite Town,1191.0,2,2,33.34,0,3.0
Built-up  Area,Kengeri Satellite Town,800.0,2,1,32.0,1,2.0
Built-up  Area,Kereguddadahalli,950.0,2,1,32.0,1,2.0
Built-up  Area,Kereguddadahalli,1400.0,2,2,48.0,1,3.0
Built-up  Area,Kereguddadahalli,800.0,2,2,28.0,1,2.0
Built-up  Area,Kereguddadahalli,904.0,2,1,30.0,1,2.0
Super built-up  Area,Kereguddadahalli,1300.0,2,2,39.0,1,3.0
Super built-up  Area,Kereguddadahalli,1000.0,2,2,30.0,1,2.0
Built-up  Area,Kereguddadahalli,1240.0,3,2,41.0,1,3.0
Built-up  Area,Kereguddadahalli,600.0,1,1,19.5,1,1.0
Built-up  Area,Kereguddadahalli,1080.0,2,2,32.0,1,2.0
Super built-up  Area,Kereguddadahalli,1000.0,2,1,34.0,1,2.0
Built-up  Area,Kereguddadahalli,1105.0,2,2,27.6,1,2.0
Super built-up  Area,Kereguddadahalli,1400.0,2,2,42.0,1,3.0
Built-up  Area,Kereguddadahalli,800.0,2,1,33.0,1,2.0
Carpet  Area,Kereguddadahalli,1280.0,3,1,42.0,1,3.0
Super built-up  Area,Kereguddadahalli,1015.0,2,1,35.0,1,2.0
Super built-up  Area,Kodichikkanahalli,1190.0,2,2,57.0,1,3.0
Built-up  Area,Kodichikkanahalli,995.0,2,1,41.0,1,2.0
Super built-up  Area,Kodichikkanahalli,650.0,1,2,38.0,1,1.0
Built-up  Area,Kodichikkanahalli,2700.0,7,2,125.0,0,5.0
Super built-up  Area,Kodichikkanahalli,1495.0,2,2,75.0,1,3.0
Plot  Area,Kodichikkanahalli,3250.0,4,1,180.0,1,4.0
Super built-up  Area,Kodichikkanahalli,1125.0,2,1,52.0,1,2.0
Built-up  Area,Kodichikkanahalli,1150.0,2,3,48.0,1,2.0
Super built-up  Area,Kodichikkanahalli,1070.0,2,3,43.0,1,2.0
Super built-up  Area,Kodichikkanahalli,1620.0,2,2,85.0,1,3.0
Super built-up  Area,Kodichikkanahalli,1560.0,2,2,65.0,1,3.0
Super built-up  Area,Kodichikkanahalli,1025.0,2,2,66.0,1,2.0
Super built-up  Area,Kodichikkanahalli,1026.0,2,1,45.0,1,2.0
Built-up  Area,Kodichikkanahalli,2500.0,7,0,125.0,1,5.0
Built-up  Area,Kodichikkanahalli,450.0,1,1,18.0,1,1.0
Super built-up  Area,Kodichikkanahalli,907.0,2,2,38.5,1,2.0
Super built-up  Area,Kodichikkanahalli,1181.0,2,2,57.0,1,2.0
Super built-up  Area,Kodichikkanahalli,900.0,2,1,42.0,1,2.0
Super built-up  Area,Kodichikkanahalli,1310.0,2,2,53.0,1,3.0
Built-up  Area,Kodichikkanahalli,1680.0,2,3,59.0,1,2.0
Super built-up  Area,Kodichikkanahalli,1400.0,3,3,66.0,1,3.0
Super built-up  Area,Kodichikkanahalli,976.0,2,1,50.0,1,2.0
Built-up  Area,Kodichikkanahalli,2700.0,4,2,125.0,1,5.0
Super built-up  Area,Kodichikkanahalli,1299.0,2,3,58.0,1,2.0
Super built-up  Area,Kodichikkanahalli,900.0,2,1,35.0,1,2.0
Built-up  Area,Kodigehaali,1166.0,2,2,55.0,1,2.0
Built-up  Area,Kodigehaali,1320.0,3,0,65.0,1,3.0
Super built-up  Area,Kodigehaali,1117.0,2,2,56.0,1,2.0
Super built-up  Area,Kodigehaali,1200.0,2,1,55.0,1,2.0
Super built-up  Area,Kodigehaali,1200.0,2,2,60.0,1,2.0
Super built-up  Area,Kodigehaali,2120.0,3,2,177.0,1,3.0
Super built-up  Area,Kodigehaali,1013.0,2,1,51.0,1,2.0
Super built-up  Area,Kodigehaali,1324.0,3,2,65.0,1,3.0
Super built-up  Area,Kodigehaali,965.0,2,1,38.0,1,2.0
Built-up  Area,Kodigehaali,866.0,2,2,32.0,1,2.0
Built-up  Area,Kodigehaali,1442.0,3,2,80.0,1,3.0
Super built-up  Area,Kodigehalli,1270.0,2,1,98.0,0,2.0
Super built-up  Area,Kodigehalli,655.0,1,1,53.0,0,1.0
Super built-up  Area,Kodigehalli,1820.0,3,2,150.0,0,3.0
Plot  Area,Kodigehalli,1200.0,4,1,156.0,1,3.0
Super built-up  Area,Kodihalli,3252.0,5,3,335.0,1,4.0
Super built-up  Area,Kodihalli,2700.0,4,1,270.0,1,3.0
Super built-up  Area,Kodihalli,2392.0,4,2,260.0,1,3.0
Super built-up  Area,Kodihalli,2408.0,4,2,260.0,1,3.0
Super built-up  Area,Kodihalli,2500.0,4,1,260.0,1,3.0
Built-up  Area,Kodihalli,1620.0,3,2,130.0,1,3.0
Super built-up  Area,Kodihalli,3260.0,5,3,388.0,0,4.0
Super built-up  Area,Kodihalli,3197.0,5,2,335.0,1,4.0
Built-up  Area,Kodihalli,1490.0,2,1,150.0,1,2.0
Super built-up  Area,Kogilu,1909.0,3,2,88.0,1,3.0
Super built-up  Area,Kogilu,1664.0,2,3,73.95,1,3.0
Super built-up  Area,Kogilu,1170.0,2,1,51.99,1,2.0
Built-up  Area,Kogilu,650.0,2,0,28.0,1,2.0
Super built-up  Area,Kogilu,1140.0,2,1,50.66,1,2.0
Super built-up  Area,Kogilu,1200.0,2,1,53.33,1,2.0
Super built-up  Area,Kogilu,1934.0,3,2,150.0,0,3.0
Built-up  Area,Kogilu,540.0,1,0,36.0,1,1.0
Super built-up  Area,Kogilu,1559.0,3,2,127.0,0,3.0
Super built-up  Area,Kogilu,1190.0,2,2,50.66,1,2.0
Super built-up  Area,Kogilu,1140.0,2,2,50.66,1,2.0
Super built-up  Area,Kogilu,1559.0,3,2,120.0,0,3.0
Super built-up  Area,Kogilu,700.0,1,1,30.84,1,1.0
Super built-up  Area,Kogilu,1250.0,2,1,55.55,1,2.0
Built-up  Area,Kogilu,952.0,2,2,49.0,1,2.0
Plot  Area,Kogilu,2456.0,7,2,85.0,1,7.0
Super built-up  Area,Konanakunte,2791.0,3,1,223.0,0,3.0
Built-up  Area,Konanakunte,884.0,1,0,58.0,1,2.0
Plot  Area,Konanakunte,1200.0,4,0,125.0,1,4.0
Plot  Area,Konanakunte,1200.0,2,1,130.0,1,4.0
Plot  Area,Konanakunte,2400.0,2,3,180.0,1,3.0
Plot  Area,Konanakunte,3746.0,6,1,375.0,1,4.0
Super built-up  Area,Konanakunte,1423.0,2,2,85.0,1,3.0
Super built-up  Area,Koramangala,1320.0,2,1,165.0,1,2.0
Super built-up  Area,Koramangala,1253.0,2,1,102.0,1,2.0
Super built-up  Area,Koramangala,1580.0,3,2,160.0,1,3.0
Super built-up  Area,Koramangala,1750.0,3,2,130.0,1,3.0
Super built-up  Area,Koramangala,3500.0,5,2,425.0,1,4.0
Super built-up  Area,Koramangala,1005.0,1,1,110.0,1,2.0
Super built-up  Area,Koramangala,2292.0,4,1,275.0,1,3.0
Super built-up  Area,Koramangala,1835.0,2,3,155.0,1,3.0
Super built-up  Area,Koramangala,1290.0,2,3,100.0,1,2.0
Super built-up  Area,Koramangala,1300.0,2,3,110.0,1,2.0
Super built-up  Area,Koramangala,2200.0,3,2,180.0,1,3.0
Super built-up  Area,Koramangala,1325.0,2,2,119.0,1,2.0
Built-up  Area,Koramangala,1140.0,2,1,75.2,1,2.0
Built-up  Area,Koramangala,1260.0,2,3,100.0,1,2.0
Built-up  Area,Koramangala,1975.0,3,0,210.0,1,3.0
Built-up  Area,Koramangala,1900.0,2,1,200.0,1,2.0
Built-up  Area,Koramangala,1750.0,3,1,130.0,1,3.0
Super built-up  Area,Koramangala,2292.0,3,2,286.0,1,3.0
Built-up  Area,Koramangala,2300.0,3,3,290.0,1,3.0
Super built-up  Area,Koramangala,1594.0,3,0,125.0,0,3.0
Built-up  Area,Koramangala,1760.0,2,0,115.0,1,3.0
Super built-up  Area,Koramangala,2503.0,6,2,325.0,0,4.0
Super built-up  Area,Koramangala,1900.0,3,3,150.0,1,3.0
Super built-up  Area,Koramangala,1320.0,2,1,150.0,1,2.0
Super built-up  Area,Koramangala,1320.0,2,2,110.0,1,2.0
Super built-up  Area,Koramangala,5985.0,4,0,775.0,1,4.0
Super built-up  Area,Koramangala,2461.0,6,2,353.0,0,4.0
Built-up  Area,Koramangala,1615.0,3,2,115.0,1,3.0
Super built-up  Area,Koramangala,2246.0,3,0,300.0,1,3.0
Super built-up  Area,Koramangala,1716.0,2,0,115.0,1,3.0
Super built-up  Area,Koramangala,1500.0,3,1,135.0,1,3.0
Super built-up  Area,Koramangala,1083.0,2,1,100.0,1,2.0
Super built-up  Area,Koramangala,1744.0,3,1,200.0,1,3.0
Super built-up  Area,Koramangala,1180.0,2,1,128.0,1,2.0
Super built-up  Area,Koramangala,1320.0,2,1,160.0,1,2.0
Built-up  Area,Koramangala,1370.0,2,2,125.0,1,2.0
Super built-up  Area,Koramangala,1100.0,2,2,85.0,1,2.0
Super built-up  Area,Koramangala,1249.0,2,1,165.0,0,2.0
Built-up  Area,Koramangala,1200.0,2,2,100.0,1,2.0
Super built-up  Area,Koramangala,1720.0,2,1,130.0,1,3.0
Super built-up  Area,Koramangala,2223.0,3,2,300.0,1,3.0
Super built-up  Area,Koramangala,1744.0,4,1,210.0,1,3.0
Super built-up  Area,Koramangala,1866.0,4,2,245.0,0,3.0
Built-up  Area,Koramangala,1350.0,2,2,103.0,1,2.0
Built-up  Area,Koramangala,6000.0,4,0,625.0,1,4.0
Super built-up  Area,Koramangala,1642.0,2,1,115.0,1,3.0
Built-up  Area,Koramangala,1710.0,3,2,210.0,1,3.0
Built-up  Area,Koramangala,1355.0,2,2,95.0,1,2.0
Super built-up  Area,Koramangala,1600.0,3,1,170.0,1,3.0
Super built-up  Area,Koramangala,1260.0,2,1,100.0,1,2.0
Super built-up  Area,Koramangala,1910.0,4,3,150.0,1,3.0
Super built-up  Area,Koramangala,1600.0,2,0,140.0,1,3.0
Super built-up  Area,Kothannur,1206.0,2,1,48.23,1,2.0
Super built-up  Area,Kothannur,1853.0,3,2,82.0,1,3.0
Super built-up  Area,Kothannur,1275.0,2,2,43.85,0,3.0
Built-up  Area,Kothannur,1100.0,2,2,40.0,1,2.0
Built-up  Area,Kothannur,1300.0,2,0,60.0,1,3.0
Super built-up  Area,Kothannur,1197.0,2,1,47.88,1,2.0
Built-up  Area,Kothannur,740.0,2,1,34.0,1,2.0
Super built-up  Area,Kothannur,1197.0,2,1,47.8,1,2.0
Super built-up  Area,Kothannur,1070.0,2,1,42.79,1,2.0
Super built-up  Area,Kothannur,1270.0,3,2,45.0,0,3.0
Super built-up  Area,Kothannur,1275.0,2,2,39.8,0,3.0
Super built-up  Area,Kothannur,1275.0,3,2,44.0,0,3.0
Super built-up  Area,Kothannur,1240.0,2,2,39.85,0,3.0
Super built-up  Area,Kothannur,1070.0,2,2,38.6,0,2.0
Carpet  Area,Kothannur,2000.0,4,2,95.0,1,4.0
Super built-up  Area,Kothannur,1350.0,2,2,42.0,1,2.0
Super built-up  Area,Kothannur,1485.0,2,2,59.4,1,3.0
Super built-up  Area,Kothannur,1215.0,2,3,48.6,1,3.0
Super built-up  Area,Kothannur,1085.0,2,2,34.2,0,2.0
Super built-up  Area,Kothannur,820.0,2,2,37.0,1,2.0
Super built-up  Area,Kothannur,1404.0,2,1,56.15,1,3.0
Plot  Area,Kothannur,1600.0,4,2,45.0,1,4.0
Super built-up  Area,Kothanur,1200.0,2,1,51.0,1,2.0
Plot  Area,Kothanur,2400.0,2,1,150.0,1,3.0
Super built-up  Area,Kothanur,1828.0,3,0,110.0,1,3.0
Super built-up  Area,Kothanur,1186.0,2,2,58.0,1,2.0
Super built-up  Area,Kothanur,1577.0,3,1,70.0,1,3.0
Super built-up  Area,Kothanur,1847.0,3,2,105.0,1,3.0
Super built-up  Area,Kothanur,1580.0,3,3,76.0,1,3.0
Built-up  Area,Kothanur,1840.0,3,1,69.0,1,3.0
Plot  Area,Kothanur,9600.0,5,2,550.0,1,5.0
Super built-up  Area,Kothanur,1435.0,3,3,70.0,1,3.0
Super built-up  Area,Kothanur,1187.0,2,2,58.0,1,2.0
Super built-up  Area,Kothanur,1847.0,3,2,110.0,1,3.0
Super built-up  Area,Kothanur,1460.0,3,3,71.0,1,3.0
Built-up  Area,Kothanur,4000.0,6,0,150.0,1,6.0
Super built-up  Area,Kothanur,1185.0,2,2,59.0,1,2.0
Super built-up  Area,Kothanur,1436.0,3,3,70.0,1,3.0
Super built-up  Area,Kothanur,1462.0,3,3,71.0,1,3.0
Super built-up  Area,Kothanur,1790.0,3,2,105.0,1,3.0
Super built-up  Area,Kothanur,1583.0,3,3,76.1,1,3.0
Super built-up  Area,Kothanur,1070.0,2,1,45.5,1,2.0
Super built-up  Area,Kothanur,1820.0,3,3,77.0,1,3.0
Super built-up  Area,Kothanur,1145.0,2,2,56.0,1,2.0
Plot  Area,Kothanur,3401.0,5,0,230.0,1,4.0
Super built-up  Area,Kothanur,1455.0,2,0,69.0,1,2.0
Built-up  Area,Kothanur,627.0,1,1,30.0,1,1.0
Super built-up  Area,Kothanur,1302.0,2,1,68.5,1,2.0
Super built-up  Area,Kothanur,1760.0,3,0,111.0,0,3.0
Super built-up  Area,Kothanur,1185.0,2,2,58.0,1,2.0
Plot  Area,Kothanur,1500.0,1,0,75.0,1,1.0
Super built-up  Area,Kothanur,1075.0,2,2,53.0,0,2.0
Built-up  Area,Kothanur,1790.0,3,0,97.0,1,3.0
Plot  Area,Kothanur,2700.0,4,2,175.0,1,4.0
Super built-up  Area,Kothanur,1786.0,2,2,106.0,1,3.0
Super built-up  Area,Kothanur,1787.0,3,2,107.0,1,3.0
Super built-up  Area,Kothanur,1141.0,2,2,54.0,1,2.0
Super built-up  Area,Kothanur,1760.0,3,0,110.0,1,3.0
Super built-up  Area,Kothanur,1365.0,3,3,66.0,1,3.0
Super built-up  Area,Kothanur,1160.0,2,2,57.0,1,2.0
Super built-up  Area,Kothanur,1095.0,2,2,55.0,1,2.0
Super built-up  Area,Kothanur,1142.0,2,2,56.0,1,2.0
Super built-up  Area,Kothanur,1074.0,2,2,54.0,1,2.0
Super built-up  Area,Kothanur,1285.0,2,1,60.0,1,2.0
Super built-up  Area,Kothanur,1075.0,2,2,53.0,1,2.0
Super built-up  Area,Kothanur,1140.0,2,2,56.0,1,2.0
Super built-up  Area,Kothanur,1400.0,2,1,70.0,1,2.0
Super built-up  Area,Kothanur,1581.0,3,3,76.0,1,3.0
Super built-up  Area,Kothanur,1385.0,3,3,67.0,1,3.0
Super built-up  Area,Kothanur,1140.0,2,2,56.0,0,2.0
Super built-up  Area,Kothanur,1787.0,3,2,120.0,1,3.0
Super built-up  Area,Kothanur,1185.0,2,2,59.0,0,2.0
Super built-up  Area,Kothanur,1130.0,2,2,55.0,1,2.0
Super built-up  Area,Kothanur,1094.0,2,2,54.0,1,2.0
Built-up  Area,Kothanur,1170.0,3,2,80.0,1,3.0
Built-up  Area,Kothanur,1400.0,2,2,65.0,1,2.0
Super built-up  Area,Kothanur,1195.0,2,2,59.0,1,2.0
Super built-up  Area,Kothanur,1790.0,3,2,120.0,1,3.0
Super built-up  Area,Kothanur,1454.0,3,3,71.5,1,3.0
Super built-up  Area,Kudlu,1152.0,2,1,53.5,1,2.0
Super built-up  Area,Kudlu,1027.0,2,2,43.0,1,2.0
Super built-up  Area,Kudlu,1092.0,2,2,44.0,1,2.0
Super built-up  Area,Kudlu,1143.0,2,1,55.0,1,2.0
Super built-up  Area,Kudlu,1455.0,2,3,60.0,1,3.0
Super built-up  Area,Kudlu,1024.0,2,2,44.0,1,2.0
Super built-up  Area,Kudlu,1570.0,2,2,65.94,1,3.0
Built-up  Area,Kudlu,1600.0,3,3,79.0,1,3.0
Super built-up  Area,Kudlu,1027.0,2,2,42.0,1,2.0
Built-up  Area,Kudlu,1076.0,2,1,50.0,1,2.0
Super built-up  Area,Kudlu,1027.0,2,2,44.0,1,2.0
Super built-up  Area,Kudlu,1084.0,2,1,53.0,1,2.0
Built-up  Area,Kudlu,1300.0,2,2,56.0,1,2.0
Built-up  Area,Kudlu,1027.0,2,2,44.0,1,2.0
Carpet  Area,Kudlu,1245.0,2,1,60.0,1,3.0
Super built-up  Area,Kudlu,1027.0,2,1,44.0,1,2.0
Built-up  Area,Kudlu,1110.0,2,1,46.0,1,2.0
Super built-up  Area,Kudlu,2100.0,3,1,114.0,1,4.0
Super built-up  Area,Kudlu,720.0,1,1,33.0,1,1.0
Super built-up  Area,Kudlu,1162.0,2,1,52.0,1,2.0
Super built-up  Area,Kudlu,1041.0,2,1,53.0,1,2.0
Super built-up  Area,Kudlu Gate,1535.0,3,2,83.0,1,3.0
Super built-up  Area,Kudlu Gate,1535.0,3,2,85.0,1,3.0
Super built-up  Area,Kudlu Gate,1535.0,3,1,78.0,1,3.0
Super built-up  Area,Kudlu Gate,1535.0,3,2,86.0,1,3.0
Super built-up  Area,Kudlu Gate,1564.0,2,1,92.0,0,3.0
Super built-up  Area,Kudlu Gate,1364.0,2,3,46.38,0,3.0
Super built-up  Area,Kudlu Gate,1238.0,2,3,55.0,1,2.0
Super built-up  Area,Kudlu Gate,1707.0,2,0,99.745,0,3.0
Built-up  Area,Kudlu Gate,1335.0,3,2,89.0,1,3.0
Super built-up  Area,Kudlu Gate,703.0,1,1,52.0,0,1.0
Super built-up  Area,Kudlu Gate,1532.0,3,2,83.0,1,3.0
Super built-up  Area,Kudlu Gate,1113.0,2,1,50.0,0,2.0
Super built-up  Area,Kudlu Gate,1465.0,2,2,49.81,1,3.0
Super built-up  Area,Kudlu Gate,1185.0,2,1,50.0,1,2.0
Super built-up  Area,Kudlu Gate,1664.0,3,2,68.0,1,3.0
Super built-up  Area,Kudlu Gate,1656.0,3,2,80.0,1,3.0
Super built-up  Area,Kudlu Gate,1656.0,3,2,75.0,1,3.0
Super built-up  Area,Kudlu Gate,1215.0,2,1,45.0,1,2.0
Built-up  Area,Kudlu Gate,812.0,2,1,38.25,1,2.0
Super built-up  Area,Kudlu Gate,1547.0,2,2,103.0,0,2.0
Built-up  Area,Kudlu Gate,1336.0,2,1,86.0,0,2.0
Built-up  Area,Kudlu Gate,1919.0,3,2,121.0,0,3.0
Super built-up  Area,Kudlu Gate,1464.0,3,3,56.0,1,2.0
Super built-up  Area,Kudlu Gate,1850.0,3,2,120.0,0,3.0
Super built-up  Area,Kudlu Gate,940.0,2,1,69.57,0,2.0
Super built-up  Area,Kudlu Gate,1215.0,2,1,44.96,1,2.0
Built-up  Area,Kudlu Gate,1164.0,2,2,75.0,1,2.0
Built-up  Area,Kudlu Gate,3850.0,6,0,205.0,1,4.0
Super built-up  Area,Kudlu Gate,1183.0,2,1,79.54,0,2.0
Super built-up  Area,Kudlu Gate,1850.0,3,2,110.0,0,3.0
Super built-up  Area,Kudlu Gate,1320.0,2,2,50.0,1,3.0
Super built-up  Area,Kudlu Gate,1200.0,2,1,44.4,1,2.0
Super built-up  Area,Kudlu Gate,1432.0,2,2,61.11,0,3.0
Built-up  Area,Kudlu Gate,1310.0,2,2,53.0,1,2.0
Plot  Area,Kumaraswami Layout,2000.0,4,1,139.0,1,4.0
Super built-up  Area,Kumaraswami Layout,1000.0,2,1,48.5,1,2.0
Super built-up  Area,Kumaraswami Layout,1000.0,2,1,58.0,1,2.0
Built-up  Area,Kumaraswami Layout,2400.0,7,1,125.0,1,7.0
Built-up  Area,Kumaraswami Layout,2600.0,4,0,325.0,1,4.0
Plot  Area,Kumaraswami Layout,800.0,1,1,90.0,1,2.0
Built-up  Area,Kumaraswami Layout,2400.0,2,1,125.0,1,3.0
Built-up  Area,Kumaraswami Layout,1310.0,2,1,70.0,1,3.0
Built-up  Area,Kumaraswami Layout,850.0,1,1,78.0,1,1.0
Built-up  Area,Kumaraswami Layout,2600.0,4,2,300.0,1,4.0
Built-up  Area,Kumaraswami Layout,1310.0,2,1,85.0,1,3.0
Plot  Area,Kumaraswami Layout,600.0,2,1,72.0,1,2.0
Built-up  Area,Kumaraswami Layout,1200.0,3,1,75.0,1,3.0
Super built-up  Area,Kumaraswami Layout,1081.0,2,3,60.0,1,2.0
Super built-up  Area,Kundalahalli,1724.0,3,2,125.0,1,3.0
Built-up  Area,Kundalahalli,1030.0,2,2,49.0,1,2.0
Super built-up  Area,Kundalahalli,735.0,2,1,57.99,1,2.0
Built-up  Area,Kundalahalli,1047.0,2,1,82.0,0,2.0
Super built-up  Area,Kundalahalli,1397.0,3,3,105.0,1,3.0
Super built-up  Area,Kundalahalli,1724.0,3,2,127.0,0,3.0
Super built-up  Area,Kundalahalli,1010.0,2,1,49.27,1,2.0
Super built-up  Area,Kundalahalli,1397.0,3,2,110.0,1,3.0
Super built-up  Area,Kundalahalli,1397.0,3,2,104.0,0,3.0
Super built-up  Area,Kundalahalli,1397.0,3,3,108.0,0,3.0
Super built-up  Area,Kundalahalli,1920.0,3,2,150.0,1,3.0
Super built-up  Area,Kundalahalli,1800.0,3,3,80.0,1,3.0
Super built-up  Area,Kundalahalli,1724.0,3,2,124.0,1,3.0
Super built-up  Area,Kundalahalli,1047.0,2,1,84.0,1,2.0
Super built-up  Area,Kundalahalli,1047.0,2,1,83.0,1,2.0
Plot  Area,Kundalahalli,7000.0,4,3,550.0,1,4.0
Super built-up  Area,Kundalahalli,2075.0,3,1,115.0,1,3.0
Super built-up  Area,Kundalahalli,1120.0,2,1,53.76,1,2.0
Super built-up  Area,Kundalahalli,1047.0,2,1,82.62,1,2.0
Super built-up  Area,Kundalahalli,1047.0,2,1,91.0,1,2.0
Super built-up  Area,Kundalahalli,1724.0,3,1,146.0,0,3.0
Plot  Area,Kundalahalli,1600.0,3,2,170.0,1,3.0
Super built-up  Area,Kundalahalli,1496.0,2,3,78.0,1,3.0
Super built-up  Area,Kundalahalli,1724.0,3,1,125.0,0,3.0
Super built-up  Area,Kundalahalli,1010.0,2,1,48.27,1,2.0
Super built-up  Area,Kundalahalli,1047.0,2,1,89.0,0,2.0
Plot  Area,Kundalahalli,2500.0,5,2,245.0,1,4.0
Super built-up  Area,Kundalahalli,1397.0,3,3,105.0,0,3.0
Built-up  Area,Kundalahalli,1800.0,3,2,110.0,1,3.0
Super built-up  Area,Kundalahalli,1047.0,2,1,72.0,1,2.0
Built-up  Area,Kundalahalli,1260.0,2,0,58.0,1,2.0
Built-up  Area,Kundalahalli,3092.0,4,3,230.0,1,4.0
Built-up  Area,Kundalahalli,1065.0,2,1,70.0,1,2.0
Super built-up  Area,Kundalahalli,1047.0,2,2,91.0,1,2.0
Super built-up  Area,Kundalahalli,1724.0,3,2,128.0,1,3.0
Super built-up  Area,Kundalahalli,1315.0,2,3,74.0,1,2.0
Built-up  Area,Kundalahalli,2100.0,3,2,150.0,1,3.0
Super built-up  Area,Kundalahalli,1724.0,3,1,125.0,1,3.0
Super built-up  Area,Kundalahalli,1724.0,3,3,140.0,0,3.0
Super built-up  Area,Kundalahalli,1175.0,2,1,65.0,1,2.0
Built-up  Area,LB Shastri Nagar,1600.0,3,2,65.0,1,3.0
Carpet  Area,LB Shastri Nagar,1043.0,2,2,55.0,1,2.0
Built-up  Area,LB Shastri Nagar,1184.0,2,1,69.0,1,2.0
Super built-up  Area,LB Shastri Nagar,665.0,1,2,32.0,1,1.0
Super built-up  Area,LB Shastri Nagar,1250.0,2,2,48.5,0,2.0
Super built-up  Area,LB Shastri Nagar,1400.0,2,2,80.0,1,3.0
Super built-up  Area,LB Shastri Nagar,1184.0,2,1,62.0,1,2.0
Super built-up  Area,LB Shastri Nagar,1200.0,2,1,47.0,1,2.0
Built-up  Area,LB Shastri Nagar,1200.0,2,1,75.0,1,2.0
Super built-up  Area,LB Shastri Nagar,1000.0,2,1,49.5,1,2.0
Plot  Area,Laggere,2800.0,5,2,125.0,1,5.0
Plot  Area,Laggere,1200.0,1,1,125.0,1,1.0
Plot  Area,Laggere,1200.0,2,0,75.0,1,2.0
Built-up  Area,Laggere,620.0,2,0,48.0,1,1.0
Super built-up  Area,Lakshminarayana Pura,1185.0,2,2,75.0,1,2.0
Super built-up  Area,Lakshminarayana Pura,1600.0,2,1,108.0,1,3.0
Built-up  Area,Lakshminarayana Pura,1180.0,2,2,75.0,1,2.0
Super built-up  Area,Lakshminarayana Pura,1172.0,2,2,82.0,1,2.0
Built-up  Area,Lakshminarayana Pura,1179.0,2,1,75.0,1,2.0
Super built-up  Area,Lakshminarayana Pura,1149.0,2,1,75.0,1,2.0
Super built-up  Area,Lakshminarayana Pura,1336.0,2,2,100.0,1,2.0
Super built-up  Area,Lakshminarayana Pura,1175.0,2,2,75.0,1,2.0
Super built-up  Area,Lakshminarayana Pura,1190.0,2,1,75.0,1,2.0
Super built-up  Area,Lakshminarayana Pura,1200.0,2,1,75.0,1,2.0
Super built-up  Area,Lakshminarayana Pura,1200.0,2,2,75.0,1,2.0
Built-up  Area,Lakshminarayana Pura,1165.0,2,2,75.0,1,2.0
Super built-up  Area,Lakshminarayana Pura,1145.0,2,1,75.0,1,2.0
Super built-up  Area,Lakshminarayana Pura,1500.0,3,2,104.0,1,3.0
Super built-up  Area,Lakshminarayana Pura,1210.0,2,2,75.0,1,2.0
Built-up  Area,Lakshminarayana Pura,1169.0,2,2,75.0,1,2.0
Built-up  Area,Lakshminarayana Pura,1200.0,2,1,75.0,1,2.0
Built-up  Area,Lakshminarayana Pura,1172.0,2,1,75.0,1,2.0
Super built-up  Area,Lakshminarayana Pura,1172.0,2,2,75.0,1,2.0
Super built-up  Area,Lakshminarayana Pura,1180.0,2,1,75.0,1,2.0
Super built-up  Area,Lakshminarayana Pura,1200.0,2,3,83.0,1,2.0
Super built-up  Area,Lakshminarayana Pura,1200.0,2,2,80.0,1,2.0
Built-up  Area,Lakshminarayana Pura,1195.0,2,1,75.0,1,2.0
Built-up  Area,Lakshminarayana Pura,1200.0,2,1,80.0,1,2.0
Super built-up  Area,Lingadheeranahalli,1521.0,3,1,95.0,1,3.0
Super built-up  Area,Lingadheeranahalli,1511.0,3,1,95.0,1,3.0
Super built-up  Area,Lingadheeranahalli,1683.0,3,1,109.0,1,3.0
Super built-up  Area,Lingadheeranahalli,1519.0,3,1,93.0,1,3.0
Super built-up  Area,Lingadheeranahalli,1521.0,3,1,94.99,1,3.0
Super built-up  Area,Lingadheeranahalli,1682.0,3,1,120.0,1,3.0
Super built-up  Area,Lingadheeranahalli,1521.0,3,1,94.71,1,3.0
Super built-up  Area,Lingadheeranahalli,1893.0,3,1,130.0,1,3.0
Super built-up  Area,Lingadheeranahalli,1705.0,3,1,110.0,1,3.0
Super built-up  Area,Lingadheeranahalli,2245.0,4,2,154.0,1,4.0
Super built-up  Area,Lingadheeranahalli,1682.0,3,1,113.0,1,3.0
Super built-up  Area,Lingadheeranahalli,1682.0,3,1,114.0,1,3.0
Super built-up  Area,Lingadheeranahalli,1506.0,3,1,95.0,1,3.0
Super built-up  Area,Lingadheeranahalli,1683.0,3,1,110.0,1,3.0
Super built-up  Area,Lingadheeranahalli,1684.0,3,1,120.0,1,3.0
Super built-up  Area,Lingadheeranahalli,2236.0,4,2,153.0,1,4.0
Super built-up  Area,Lingadheeranahalli,1894.0,4,1,114.0,1,3.0
Super built-up  Area,Lingadheeranahalli,2240.0,4,2,160.0,1,4.0
Built-up  Area,Magadi Road,3600.0,6,0,141.0,1,6.0
Super built-up  Area,Magadi Road,1116.0,2,1,50.0,0,2.0
Super built-up  Area,Magadi Road,1282.0,2,2,49.0,1,3.0
Super built-up  Area,Magadi Road,884.0,2,1,41.1,1,2.0
Super built-up  Area,Magadi Road,1005.0,2,1,55.78,0,2.0
Super built-up  Area,Magadi Road,1000.0,2,0,46.5,0,2.0
Plot  Area,Magadi Road,1500.0,2,2,93.0,1,4.0
Plot  Area,Magadi Road,1350.0,1,0,100.0,1,2.0
Super built-up  Area,Magadi Road,1322.0,2,2,58.82,0,3.0
Built-up  Area,Magadi Road,1345.0,2,2,55.0,1,2.0
Super built-up  Area,Magadi Road,1191.0,2,1,55.38,1,3.0
Plot  Area,Magadi Road,5000.0,6,1,360.0,1,5.0
Super built-up  Area,Magadi Road,1116.0,2,1,51.89,1,2.0
Super built-up  Area,Magadi Road,1052.0,2,1,60.0,0,3.0
Super built-up  Area,Magadi Road,940.0,2,2,50.0,1,2.0
Super built-up  Area,Magadi Road,1318.0,2,1,68.0,0,3.0
Super built-up  Area,Magadi Road,1187.0,2,0,55.195,0,3.0
Super built-up  Area,Magadi Road,884.0,2,1,48.0,0,2.0
Super built-up  Area,Mahadevpura,1720.0,3,3,78.0,1,3.0
Super built-up  Area,Mahadevpura,1150.0,2,3,52.0,1,2.0
Super built-up  Area,Mahadevpura,1250.0,2,3,52.0,1,2.0
Super built-up  Area,Mahadevpura,1260.0,2,3,57.6,1,2.0
Super built-up  Area,Mahadevpura,730.0,1,1,35.0,1,1.0
Super built-up  Area,Mahadevpura,1434.0,2,1,67.39,1,3.0
Super built-up  Area,Mahadevpura,1146.0,2,1,53.8,1,2.0
Super built-up  Area,Mahadevpura,1532.0,2,2,62.0,1,2.0
Super built-up  Area,Mahadevpura,1620.0,2,1,76.0,1,3.0
Super built-up  Area,Mahadevpura,1136.0,2,3,64.5,1,2.0
Super built-up  Area,Mahadevpura,1400.0,2,2,65.8,1,3.0
Super built-up  Area,Mahadevpura,1137.0,2,1,53.4,1,2.0
Super built-up  Area,Mahadevpura,1601.0,3,2,95.0,1,3.0
Super built-up  Area,Mahadevpura,1450.0,3,2,75.0,1,3.0
Super built-up  Area,Mahadevpura,1152.0,2,1,54.0,1,2.0
Super built-up  Area,Mahadevpura,1212.0,2,1,56.9,1,2.0
Super built-up  Area,Mahadevpura,1505.0,3,2,64.0,1,3.0
Super built-up  Area,Mahadevpura,1505.0,3,2,78.0,1,3.0
Super built-up  Area,Mahadevpura,1500.0,2,1,70.0,1,3.0
Super built-up  Area,Mahadevpura,1236.0,2,1,58.0,1,2.0
Super built-up  Area,Mahadevpura,1120.0,2,2,53.0,1,2.0
Plot  Area,Mahalakshmi Layout,1575.0,5,1,158.0,1,4.0
Plot  Area,Mahalakshmi Layout,1200.0,3,1,160.0,1,4.0
Super built-up  Area,Mahalakshmi Layout,1200.0,2,3,110.0,1,3.0
Super built-up  Area,Mahalakshmi Layout,1876.0,3,1,150.0,1,3.0
Super built-up  Area,Mallasandra,1665.0,3,2,95.0,1,3.0
Super built-up  Area,Mallasandra,1665.0,3,2,86.58,1,3.0
Super built-up  Area,Mallasandra,1340.0,2,2,61.0,1,2.0
Super built-up  Area,Mallasandra,1325.0,2,2,70.0,1,2.0
Super built-up  Area,Mallasandra,1665.0,3,2,86.91,1,3.0
Super built-up  Area,Mallasandra,1325.0,2,1,70.0,1,2.0
Super built-up  Area,Mallasandra,905.0,2,1,40.0,1,2.0
Super built-up  Area,Mallasandra,1325.0,2,0,65.0,1,2.0
Built-up  Area,Mallasandra,1325.0,2,2,73.0,1,2.0
Super built-up  Area,Mallasandra,1565.0,2,2,69.0,1,2.0
Super built-up  Area,Mallasandra,905.0,2,1,35.0,1,2.0
Super built-up  Area,Mallasandra,1524.0,2,3,72.0,1,3.0
Built-up  Area,Mallasandra,1100.0,2,3,76.3,1,3.0
Super built-up  Area,Malleshpalya,1140.0,2,2,46.5,0,2.0
Super built-up  Area,Malleshpalya,1225.0,2,2,46.86,0,2.0
Super built-up  Area,Malleshpalya,1785.0,3,2,75.0,1,3.0
Super built-up  Area,Malleshpalya,1052.0,2,2,50.0,1,2.0
Built-up  Area,Malleshpalya,1405.0,2,2,77.0,1,3.0
Super built-up  Area,Malleshpalya,1065.0,2,2,50.0,1,2.0
Super built-up  Area,Malleshpalya,1210.0,2,3,55.0,1,2.0
Super built-up  Area,Malleshpalya,1900.0,3,2,60.0,1,3.0
Super built-up  Area,Malleshpalya,1060.0,2,1,40.0,1,2.0
Super built-up  Area,Malleshpalya,1430.0,2,1,69.5,1,3.0
Built-up  Area,Malleshpalya,1421.0,2,1,90.0,1,2.0
Super built-up  Area,Malleshpalya,1245.0,2,1,55.0,1,2.0
Super built-up  Area,Malleshpalya,1200.0,2,2,46.0,1,2.0
Super built-up  Area,Malleshpalya,1225.0,2,2,52.0,1,2.0
Super built-up  Area,Malleshwaram,705.0,1,2,67.0,1,1.0
Super built-up  Area,Malleshwaram,12000.0,7,3,2200.0,0,7.0
Built-up  Area,Malleshwaram,2500.0,5,2,325.0,1,4.0
Built-up  Area,Malleshwaram,2006.0,3,0,297.0,1,3.0
Super built-up  Area,Malleshwaram,686.0,1,1,62.5,1,1.0
Super built-up  Area,Malleshwaram,2475.0,4,3,332.0,1,3.0
Super built-up  Area,Malleshwaram,2610.0,3,0,399.0,1,3.0
Super built-up  Area,Malleshwaram,2475.0,4,3,320.0,1,3.0
Super built-up  Area,Malleshwaram,900.0,2,1,95.0,1,2.0
Super built-up  Area,Malleshwaram,1420.0,2,1,158.0,1,2.0
Built-up  Area,Malleshwaram,2000.0,3,2,250.0,1,3.0
Super built-up  Area,Malleshwaram,2215.0,3,1,275.0,1,3.0
Super built-up  Area,Malleshwaram,1600.0,3,3,160.0,1,3.0
Super built-up  Area,Malleshwaram,2475.0,4,3,300.0,1,3.0
Super built-up  Area,Malleshwaram,2345.0,2,0,293.0,1,3.0
Super built-up  Area,Malleshwaram,2600.0,3,1,237.0,1,3.0
Super built-up  Area,Malleshwaram,2215.0,4,1,310.0,1,3.0
Super built-up  Area,Malleshwaram,480.0,1,1,60.0,1,1.0
Super built-up  Area,Malleshwaram,1290.0,2,1,120.0,1,2.0
Super built-up  Area,Malleshwaram,2475.0,4,3,326.0,1,3.0
Super built-up  Area,Malleshwaram,2476.0,3,3,337.0,1,3.0
Built-up  Area,Malleshwaram,900.0,2,1,90.0,1,2.0
Super built-up  Area,Malleshwaram,2250.0,3,1,200.0,1,3.0
Super built-up  Area,Malleshwaram,2050.0,4,0,270.0,1,3.0
Built-up  Area,Malleshwaram,900.0,2,1,72.0,1,2.0
Super built-up  Area,Malleshwaram,620.0,1,1,86.8,1,1.0
Built-up  Area,Malleshwaram,600.0,1,0,68.0,1,2.0
Super built-up  Area,Malleshwaram,2475.0,4,3,337.0,1,3.0
Super built-up  Area,Malleshwaram,2215.0,3,2,275.0,1,3.0
Super built-up  Area,Malleshwaram,2215.0,3,2,330.0,1,3.0
Built-up  Area,Malleshwaram,2800.0,4,2,252.0,1,4.0
Plot  Area,Malleshwaram,600.0,1,0,90.0,1,2.0
Built-up  Area,Malleshwaram,2200.0,3,2,275.0,1,3.0
Super built-up  Area,Malleshwaram,1500.0,2,0,140.0,1,2.0
Super built-up  Area,Malleshwaram,2475.0,4,3,340.0,1,3.0
Super built-up  Area,Malleshwaram,1400.0,2,1,190.0,1,2.0
Super built-up  Area,Malleshwaram,2400.0,3,2,380.0,1,3.0
Super built-up  Area,Malleshwaram,1410.0,2,3,125.0,1,2.0
Super built-up  Area,Malleshwaram,2610.0,4,2,306.0,1,4.0
Super built-up  Area,Marathahalli,1310.0,3,1,63.25,1,3.0
Super built-up  Area,Marathahalli,1220.0,2,1,57.0,1,2.0
Super built-up  Area,Marathahalli,1200.0,2,2,52.0,1,2.0
Super built-up  Area,Marathahalli,1200.0,2,2,60.0,1,2.0
Super built-up  Area,Marathahalli,1933.0,3,2,140.0,1,3.0
Super built-up  Area,Marathahalli,950.0,2,1,46.96,0,2.0
Super built-up  Area,Marathahalli,1230.0,2,2,80.0,1,2.0
Super built-up  Area,Marathahalli,3800.0,4,3,250.0,1,4.0
Super built-up  Area,Marathahalli,1019.0,2,2,49.85,1,2.0
Super built-up  Area,Marathahalli,1215.0,2,1,67.0,1,2.0
Super built-up  Area,Marathahalli,2181.0,3,2,152.0,1,4.0
Built-up  Area,Marathahalli,1170.0,2,3,53.0,1,2.0
Super built-up  Area,Marathahalli,1019.0,2,2,49.86,1,2.0
Super built-up  Area,Marathahalli,1325.0,2,2,71.55,1,2.0
Super built-up  Area,Marathahalli,1220.0,2,1,56.5,1,2.0
Super built-up  Area,Marathahalli,1575.0,3,0,78.0,1,3.0
Super built-up  Area,Marathahalli,1152.0,2,1,56.0,0,2.0
Super built-up  Area,Marathahalli,1610.0,3,1,90.0,1,3.0
Super built-up  Area,Marathahalli,1146.0,2,1,70.0,0,2.0
Super built-up  Area,Marathahalli,4000.0,5,0,212.0,1,4.0
Super built-up  Area,Marathahalli,1469.0,3,1,89.0,0,3.0
Super built-up  Area,Marathahalli,1530.0,3,2,74.5,1,3.0
Super built-up  Area,Marathahalli,1840.0,3,3,98.0,1,3.0
Built-up  Area,Marathahalli,3951.0,4,2,220.0,1,4.0
Super built-up  Area,Marathahalli,1350.0,2,2,62.0,1,3.0
Super built-up  Area,Marathahalli,2519.0,5,2,185.0,1,4.0
Super built-up  Area,Marathahalli,1385.0,2,2,66.65,1,3.0
Super built-up  Area,Marathahalli,957.0,2,1,46.9,1,2.0
Super built-up  Area,Marathahalli,1583.0,3,3,105.0,1,3.0
Super built-up  Area,Marathahalli,2524.0,5,2,190.0,1,4.0
Built-up  Area,Marathahalli,1350.0,3,1,72.0,1,3.0
Super built-up  Area,Marathahalli,1535.0,3,2,72.5,1,3.0
Super built-up  Area,Marathahalli,1071.0,2,2,52.25,1,2.0
Super built-up  Area,Marathahalli,1215.0,2,2,58.86,1,2.0
Super built-up  Area,Marathahalli,1102.0,2,2,53.67,0,2.0
Super built-up  Area,Marathahalli,1900.0,3,3,123.0,1,3.0
Super built-up  Area,Marathahalli,1045.0,2,3,60.0,1,2.0
Super built-up  Area,Marathahalli,1305.0,2,1,69.0,0,3.0
Super built-up  Area,Marathahalli,1365.0,2,2,73.0,1,2.0
Super built-up  Area,Marathahalli,3800.0,4,3,205.0,1,4.0
Super built-up  Area,Marathahalli,3895.0,4,3,220.0,1,4.0
Super built-up  Area,Marathahalli,1785.0,3,2,94.0,1,3.0
Built-up  Area,Marathahalli,4000.0,4,3,220.0,1,4.0
Super built-up  Area,Marathahalli,1208.0,2,2,70.0,1,2.0
Built-up  Area,Marathahalli,1325.0,1,1,92.0,1,2.0
Built-up  Area,Marathahalli,1525.0,3,2,90.0,1,3.0
Super built-up  Area,Marathahalli,1937.0,3,2,140.0,1,3.0
Super built-up  Area,Marathahalli,1550.0,3,2,83.0,1,3.0
Super built-up  Area,Marathahalli,1350.0,2,1,86.0,1,2.0
Super built-up  Area,Marathahalli,957.0,2,1,47.0,0,2.0
Super built-up  Area,Marathahalli,4000.0,4,3,220.0,1,4.0
Super built-up  Area,Marathahalli,1230.0,2,1,57.0,1,2.0
Super built-up  Area,Marathahalli,1200.0,2,2,58.0,1,2.0
Super built-up  Area,Marathahalli,1650.0,3,3,86.45,1,3.0
Super built-up  Area,Marathahalli,607.0,1,1,35.0,0,1.0
Super built-up  Area,Marathahalli,1583.0,3,3,109.0,1,3.0
Super built-up  Area,Marathahalli,1075.0,2,2,52.43,1,2.0
Super built-up  Area,Marathahalli,1360.0,2,1,103.0,1,2.0
Super built-up  Area,Marathahalli,1220.0,2,1,58.5,1,2.0
Super built-up  Area,Marathahalli,950.0,2,1,45.68,1,2.0
Super built-up  Area,Marathahalli,615.0,1,1,44.0,0,1.0
Super built-up  Area,Marathahalli,1595.0,3,2,90.0,1,3.0
Super built-up  Area,Marathahalli,1350.0,2,1,89.0,1,2.0
Super built-up  Area,Marathahalli,1020.0,2,1,57.0,1,2.0
Super built-up  Area,Marathahalli,1600.0,3,2,88.0,0,2.0
Super built-up  Area,Marathahalli,780.0,1,1,55.0,1,1.0
Super built-up  Area,Marathahalli,1710.0,3,2,100.0,1,3.0
Super built-up  Area,Marathahalli,1530.0,3,2,73.5,1,3.0
Super built-up  Area,Marathahalli,1358.0,2,1,81.0,0,2.0
Super built-up  Area,Marathahalli,1205.0,2,1,75.0,1,2.0
Super built-up  Area,Marathahalli,1730.0,3,3,110.0,1,3.0
Super built-up  Area,Marathahalli,1583.0,3,3,115.0,1,3.0
Built-up  Area,Marathahalli,1200.0,2,1,67.0,1,2.0
Built-up  Area,Marathahalli,1095.0,2,1,60.0,1,2.0
Super built-up  Area,Marathahalli,1060.0,2,1,48.0,1,2.0
Built-up  Area,Marathahalli,1050.0,2,1,65.0,1,2.0
Super built-up  Area,Marathahalli,1102.0,2,2,53.67,1,2.0
Super built-up  Area,Marathahalli,1026.0,2,1,49.95,1,2.0
Super built-up  Area,Marathahalli,3940.0,4,3,220.0,1,4.0
Super built-up  Area,Marathahalli,1435.0,3,1,73.0,1,3.0
Super built-up  Area,Marathahalli,1220.0,2,1,59.0,1,2.0
Super built-up  Area,Marathahalli,881.0,2,1,48.06,0,2.0
Super built-up  Area,Marathahalli,1130.0,2,2,58.0,1,3.0
Super built-up  Area,Marathahalli,1152.0,2,1,90.0,0,2.0
Super built-up  Area,Marathahalli,1680.0,3,3,105.0,1,3.0
Super built-up  Area,Marathahalli,1910.0,3,3,119.0,1,3.0
Super built-up  Area,Marathahalli,1602.0,2,0,104.0,1,2.0
Super built-up  Area,Marathahalli,700.0,1,1,38.0,0,1.0
Super built-up  Area,Marathahalli,1385.0,2,2,68.5,1,3.0
Super built-up  Area,Marathahalli,1690.0,3,2,116.0,1,3.0
Super built-up  Area,Marathahalli,1065.0,2,2,55.0,1,2.0
Built-up  Area,Marathahalli,1693.0,3,2,125.0,1,3.0
Super built-up  Area,Marathahalli,1693.0,3,1,125.0,1,3.0
Super built-up  Area,Marathahalli,1196.0,2,2,57.9,0,2.0
Super built-up  Area,Marathahalli,1595.0,3,2,88.0,1,3.0
Super built-up  Area,Marathahalli,2122.0,3,2,125.0,0,3.0
Super built-up  Area,Marathahalli,1730.0,3,2,115.0,1,3.0
Super built-up  Area,Marathahalli,4000.0,4,0,200.0,1,4.0
Super built-up  Area,Marathahalli,1200.0,2,1,58.17,1,3.0
Super built-up  Area,Marathahalli,1125.0,2,3,55.0,1,2.0
Super built-up  Area,Marathahalli,1950.0,3,2,115.0,1,3.0
Built-up  Area,Marathahalli,1250.0,2,2,68.0,1,2.0
Super built-up  Area,Marathahalli,1125.0,2,2,56.8,1,2.0
Super built-up  Area,Marathahalli,1350.0,2,1,90.0,1,2.0
Super built-up  Area,Marathahalli,1200.0,2,1,53.0,1,2.0
Super built-up  Area,Marathahalli,2500.0,5,2,175.0,1,4.0
Super built-up  Area,Marathahalli,957.0,2,1,47.0,1,2.0
Built-up  Area,Marathahalli,3855.0,4,3,220.0,1,4.0
Built-up  Area,Marathahalli,1605.0,3,2,76.0,1,3.0
Built-up  Area,Marathahalli,1350.0,2,2,60.0,1,2.0
Super built-up  Area,Marathahalli,3400.0,4,3,235.0,1,4.0
Super built-up  Area,Marathahalli,1350.0,2,1,99.0,1,2.0
Super built-up  Area,Marathahalli,1310.0,3,1,63.22,0,3.0
Super built-up  Area,Marathahalli,1285.0,2,2,55.0,1,2.0
Super built-up  Area,Marathahalli,2500.0,5,2,181.0,1,4.0
Super built-up  Area,Marathahalli,3800.0,4,3,235.0,1,4.0
Super built-up  Area,Marathahalli,3951.0,4,3,230.0,1,4.0
Super built-up  Area,Marathahalli,1125.0,2,1,54.8,0,2.0
Built-up  Area,Marathahalli,1700.0,3,2,126.0,1,3.0
Super built-up  Area,Marathahalli,1315.0,2,2,60.0,1,3.0
Super built-up  Area,Marathahalli,1270.0,2,3,73.0,1,2.0
Super built-up  Area,Marathahalli,1530.0,3,2,71.0,1,3.0
Super built-up  Area,Marathahalli,950.0,2,2,46.7,1,2.0
Super built-up  Area,Marathahalli,1550.0,3,2,85.0,1,3.0
Super built-up  Area,Marathahalli,1019.0,2,2,49.86,0,2.0
Super built-up  Area,Marathahalli,1144.0,2,2,65.0,1,2.0
Super built-up  Area,Marathahalli,1240.0,2,2,55.0,1,2.0
Built-up  Area,Marathahalli,1100.0,2,0,75.0,1,1.0
Built-up  Area,Marathahalli,1156.0,2,2,52.0,1,2.0
Super built-up  Area,Marathahalli,2524.0,5,2,180.0,0,4.0
Super built-up  Area,Marathahalli,1135.0,2,2,60.0,1,2.0
Super built-up  Area,Marathahalli,1839.0,3,2,130.0,1,3.0
Super built-up  Area,Marathahalli,1170.0,2,2,85.0,0,2.0
Super built-up  Area,Marathahalli,1108.0,2,1,60.0,0,3.0
Super built-up  Area,Marathahalli,1449.0,3,2,110.0,1,3.0
Super built-up  Area,Marathahalli,1360.0,2,1,101.0,1,2.0
Super built-up  Area,Marathahalli,1026.0,2,1,50.18,1,2.0
Super built-up  Area,Marathahalli,1800.0,3,2,95.0,1,3.0
Super built-up  Area,Marathahalli,1650.0,3,2,85.0,1,3.0
Built-up  Area,Marathahalli,1270.0,2,2,80.0,1,2.0
Super built-up  Area,Marathahalli,1100.0,2,1,50.0,1,2.0
Super built-up  Area,Marathahalli,1196.0,2,2,57.95,1,2.0
Built-up  Area,Marathahalli,1485.0,2,2,90.0,1,3.0
Super built-up  Area,Marathahalli,1146.0,2,1,69.0,0,2.0
Plot  Area,Margondanahalli,1090.0,2,0,58.0,1,2.0
Plot  Area,Margondanahalli,1200.0,2,1,58.5,1,2.0
Plot  Area,Margondanahalli,1200.0,2,0,67.0,1,2.0
Plot  Area,Margondanahalli,1200.0,2,0,65.0,1,3.0
Built-up  Area,Margondanahalli,1200.0,1,0,53.0,1,2.0
Plot  Area,Margondanahalli,1000.0,2,0,57.0,1,2.0
Plot  Area,Margondanahalli,1625.0,3,0,80.0,0,3.0
Plot  Area,Margondanahalli,600.0,2,0,35.0,1,2.0
Plot  Area,Margondanahalli,1200.0,2,0,69.0,0,2.0
Plot  Area,Margondanahalli,900.0,2,0,49.0,1,2.0
Built-up  Area,Margondanahalli,1140.0,2,1,60.0,1,2.0
Plot  Area,Margondanahalli,900.0,2,0,55.0,1,2.0
Built-up  Area,Margondanahalli,900.0,2,0,65.0,1,2.0
Plot  Area,Margondanahalli,1100.0,2,1,55.0,1,2.0
Plot  Area,Margondanahalli,1152.0,1,0,66.0,1,2.0
Plot  Area,Margondanahalli,1448.0,3,1,70.0,1,3.0
Plot  Area,Margondanahalli,1200.0,2,1,65.0,1,2.0
Plot  Area,Margondanahalli,1050.0,2,0,58.0,0,2.0
Plot  Area,Margondanahalli,1160.0,2,1,65.0,1,2.0
Super built-up  Area,Margondanahalli,1334.0,2,1,67.76,0,2.0
Plot  Area,Marsur,1000.0,4,3,66.0,0,3.0
Plot  Area,Marsur,1800.0,4,2,145.0,1,4.0
Plot  Area,Marsur,1200.0,3,1,90.0,1,3.0
Super built-up  Area,Mico Layout,5000.0,9,3,210.0,1,9.0
Super built-up  Area,Mico Layout,1550.0,2,2,65.0,1,3.0
Super built-up  Area,Mico Layout,1125.0,2,2,40.0,1,2.0
Super built-up  Area,Mico Layout,1190.0,2,2,39.25,1,2.0
Super built-up  Area,Mico Layout,800.0,1,1,29.5,1,1.0
Super built-up  Area,Mico Layout,1250.0,2,2,44.0,0,3.0
Super built-up  Area,Mico Layout,1171.0,2,2,39.0,0,2.0
Built-up  Area,Mico Layout,1200.0,2,1,53.5,1,2.0
Super built-up  Area,Mico Layout,1670.0,3,2,59.0,1,3.0
Super built-up  Area,Mico Layout,1140.0,2,2,43.0,1,2.0
Built-up  Area,Munnekollal,1170.0,2,2,52.0,1,2.0
Super built-up  Area,Munnekollal,1102.0,2,2,53.67,0,2.0
Built-up  Area,Munnekollal,1390.0,3,2,68.0,1,3.0
Super built-up  Area,Munnekollal,1200.0,2,2,49.5,1,2.0
Super built-up  Area,Munnekollal,950.0,2,1,46.5,0,2.0
Built-up  Area,Munnekollal,1560.0,3,3,75.0,1,3.0
Super built-up  Area,Munnekollal,1210.0,2,3,75.0,1,2.0
Super built-up  Area,Munnekollal,1750.0,3,3,86.5,1,3.0
Super built-up  Area,Munnekollal,1385.0,2,2,66.5,0,3.0
Built-up  Area,Munnekollal,1080.0,2,2,45.0,1,2.0
Built-up  Area,Munnekollal,1170.0,2,2,59.0,1,2.0
Built-up  Area,Munnekollal,1222.0,3,2,95.0,1,3.0
Super built-up  Area,Munnekollal,1800.0,3,3,65.0,1,3.0
Built-up  Area,Munnekollal,1200.0,2,2,40.0,1,2.0
Built-up  Area,Munnekollal,7200.0,10,3,200.0,1,10.0
Built-up  Area,Munnekollal,1540.0,2,3,70.0,1,3.0
Super built-up  Area,Munnekollal,1200.0,2,1,57.9,0,3.0
Super built-up  Area,Munnekollal,1030.0,2,1,50.36,0,2.0
Built-up  Area,Murugeshpalya,1296.0,2,0,81.0,1,2.0
Super built-up  Area,Murugeshpalya,1550.0,3,2,74.0,1,3.0
Super built-up  Area,Murugeshpalya,1845.0,3,3,91.0,1,3.0
Super built-up  Area,Murugeshpalya,2135.0,3,2,160.0,1,3.0
Super built-up  Area,Murugeshpalya,1185.0,2,1,85.0,1,2.0
Super built-up  Area,Murugeshpalya,1225.0,2,2,48.0,0,2.0
Super built-up  Area,Murugeshpalya,1930.0,3,3,75.0,1,3.0
Super built-up  Area,Murugeshpalya,1600.0,2,1,65.0,1,3.0
Super built-up  Area,Murugeshpalya,1344.0,2,0,56.0,1,3.0
Super built-up  Area,Murugeshpalya,1500.0,2,0,70.0,1,3.0
Super built-up  Area,Murugeshpalya,1855.0,3,3,96.0,1,3.0
Super built-up  Area,Murugeshpalya,1175.0,2,2,75.0,1,2.0
Super built-up  Area,Mysore Road,1175.0,2,2,73.5,1,2.0
Super built-up  Area,Mysore Road,1710.0,4,2,91.31,0,3.0
Super built-up  Area,Mysore Road,1020.0,2,1,48.95,1,2.0
Super built-up  Area,Mysore Road,1200.0,2,1,85.0,1,2.0
Super built-up  Area,Mysore Road,1175.0,2,1,73.5,0,2.0
Super built-up  Area,Mysore Road,1070.0,2,1,45.0,1,2.0
Super built-up  Area,Mysore Road,1239.0,2,1,53.0,1,2.0
Super built-up  Area,Mysore Road,1060.0,2,1,62.0,1,2.0
Super built-up  Area,Mysore Road,980.0,2,1,45.47,0,2.0
Super built-up  Area,Mysore Road,883.0,2,1,40.0,1,2.0
Super built-up  Area,Mysore Road,1525.0,3,2,96.0,1,3.0
Super built-up  Area,Mysore Road,1200.0,2,3,65.0,0,2.0
Super built-up  Area,Mysore Road,1005.0,2,0,35.175,0,2.0
Super built-up  Area,Mysore Road,1340.0,2,2,64.31,1,3.0
Super built-up  Area,Mysore Road,1082.0,3,1,50.5,1,3.0
Super built-up  Area,Mysore Road,1340.0,2,3,64.31,1,3.0
Super built-up  Area,Mysore Road,1512.0,2,2,110.0,1,3.0
Super built-up  Area,Mysore Road,1560.0,3,1,115.0,0,3.0
Super built-up  Area,Mysore Road,1560.0,3,2,120.0,1,3.0
Super built-up  Area,Mysore Road,883.0,2,1,40.95,1,2.0
Super built-up  Area,Mysore Road,1070.0,2,1,49.65,0,2.0
Plot  Area,Mysore Road,900.0,2,0,65.0,1,2.0
Super built-up  Area,Mysore Road,1082.0,3,2,50.0,1,3.0
Built-up  Area,Mysore Road,883.0,2,1,50.0,1,2.0
Super built-up  Area,Mysore Road,1155.0,2,1,51.0,1,2.0
Super built-up  Area,Mysore Road,1003.0,2,1,43.0,1,2.0
Super built-up  Area,Mysore Road,1237.0,2,2,73.0,1,2.0
Super built-up  Area,Mysore Road,883.0,2,1,45.0,1,2.0
Super built-up  Area,Mysore Road,1170.0,2,2,65.0,1,2.0
Super built-up  Area,Mysore Road,1029.5,2,0,50.855,0,2.0
Super built-up  Area,Mysore Road,940.0,2,1,43.61,0,2.0
Super built-up  Area,Mysore Road,1500.0,3,2,74.0,0,3.0
Super built-up  Area,Mysore Road,947.55,2,1,80.0,1,2.0
Super built-up  Area,Mysore Road,1020.0,2,2,48.95,1,2.0
Super built-up  Area,Mysore Road,1568.0,2,2,100.0,1,3.0
Super built-up  Area,Mysore Road,1360.0,3,0,47.6,0,3.0
Super built-up  Area,Mysore Road,1410.0,2,2,64.0,0,3.0
Plot  Area,Mysore Road,1800.0,2,0,42.3,0,3.0
Super built-up  Area,Mysore Road,1560.0,2,0,83.3,0,3.0
Built-up  Area,Mysore Road,500.0,1,1,17.5,1,1.0
Built-up  Area,Mysore Road,1175.0,2,2,70.5,1,2.0
Super built-up  Area,Mysore Road,1248.52,3,2,115.0,0,3.0
Super built-up  Area,Mysore Road,1080.0,2,1,60.0,1,3.0
Super built-up  Area,Mysore Road,1500.0,3,2,70.0,1,3.0
Super built-up  Area,Mysore Road,883.0,2,1,37.0,0,2.0
Super built-up  Area,Mysore Road,1175.0,2,2,86.68,1,2.0
Super built-up  Area,Mysore Road,1082.0,2,1,45.0,0,3.0
Super built-up  Area,NGR Layout,1020.0,2,1,45.9,1,2.0
Super built-up  Area,NGR Layout,1105.0,2,2,49.73,1,2.0
Super built-up  Area,NGR Layout,1022.0,2,1,45.9,1,2.0
Super built-up  Area,NGR Layout,1020.0,2,1,45.0,1,2.0
Super built-up  Area,NGR Layout,1019.0,2,1,45.9,1,2.0
Super built-up  Area,NGR Layout,1020.0,2,1,46.0,1,2.0
Super built-up  Area,NGR Layout,1021.0,2,2,46.0,1,2.0
Super built-up  Area,NGR Layout,1021.0,2,2,45.9,1,2.0
Super built-up  Area,NRI Layout,1565.0,2,2,75.0,1,3.0
Super built-up  Area,NRI Layout,2500.0,5,3,130.0,1,5.0
Super built-up  Area,NRI Layout,1125.0,2,2,45.56,0,2.0
Built-up  Area,NRI Layout,2150.0,4,2,115.0,1,4.0
Plot  Area,NRI Layout,1200.0,4,0,95.0,1,4.0
Plot  Area,NRI Layout,1250.0,2,0,75.0,1,2.0
Built-up  Area,NRI Layout,1789.0,3,3,75.0,1,3.0
Super built-up  Area,NRI Layout,1731.0,3,3,64.11,1,3.0
Plot  Area,NRI Layout,2400.0,2,1,125.0,1,2.0
Built-up  Area,NRI Layout,2700.0,5,1,95.75,1,4.0
Built-up  Area,Nagarbhavi,1630.0,2,1,98.0,1,3.0
Plot  Area,Nagarbhavi,1350.0,3,2,150.0,1,3.0
Plot  Area,Nagarbhavi,1200.0,2,1,150.0,1,2.0
Built-up  Area,Nagarbhavi,2400.0,3,0,160.0,1,3.0
Super built-up  Area,Nagarbhavi,1055.0,2,2,55.0,1,2.0
Super built-up  Area,Nagarbhavi,1223.0,2,1,60.0,1,2.0
Built-up  Area,Nagarbhavi,956.0,2,1,49.0,1,2.0
Super built-up  Area,Nagarbhavi,1560.0,3,3,66.0,1,3.0
Built-up  Area,Nagarbhavi,1400.0,2,1,85.0,1,3.0
Super built-up  Area,Nagarbhavi,1515.0,2,1,79.0,1,3.0
Carpet  Area,Nagarbhavi,300.0,1,1,20.0,1,1.0
Plot  Area,Nagarbhavi,1250.0,3,0,175.0,1,4.0
Built-up  Area,Nagarbhavi,710.0,2,2,40.0,1,1.0
Super built-up  Area,Nagarbhavi,1850.0,3,2,88.0,1,3.0
Super built-up  Area,Nagarbhavi,1020.0,2,2,55.0,1,2.0
Super built-up  Area,Nagarbhavi,1850.0,3,2,90.0,1,3.0
Super built-up  Area,Nagarbhavi,1120.0,2,3,53.0,1,2.0
Super built-up  Area,Nagarbhavi,1850.0,2,2,88.0,1,3.0
Super built-up  Area,Nagarbhavi,1146.0,2,1,50.0,1,2.0
Super built-up  Area,Nagarbhavi,1850.0,2,2,89.0,1,3.0
Super built-up  Area,Nagarbhavi,1190.0,2,2,63.0,1,2.0
Built-up  Area,Nagarbhavi,1050.0,2,1,80.0,1,2.0
Built-up  Area,Nagarbhavi,2500.0,3,2,180.0,1,5.0
Carpet  Area,Nagarbhavi,1200.0,4,2,205.0,1,3.0
Plot  Area,Nagarbhavi,1050.0,3,1,175.0,1,3.0
Built-up  Area,Nagarbhavi,1350.0,3,0,60.0,1,3.0
Built-up  Area,Nagarbhavi,1250.0,3,0,170.0,1,2.0
Super built-up  Area,Nagarbhavi,1635.0,3,3,85.0,1,3.0
Super built-up  Area,Nagarbhavi,1400.0,2,2,135.0,1,3.0
Built-up  Area,Nagarbhavi,2200.0,2,3,99.0,1,3.0
Super built-up  Area,Nagarbhavi,1080.0,2,1,49.0,1,2.0
Built-up  Area,Nagarbhavi,1800.0,3,0,180.0,1,4.0
Super built-up  Area,Nagarbhavi,1225.0,2,3,58.0,1,2.0
Super built-up  Area,Nagasandra,980.0,2,1,48.0,1,2.0
Built-up  Area,Nagasandra,4050.0,5,2,140.0,1,5.0
Super built-up  Area,Nagasandra,1470.0,2,2,110.0,1,3.0
Plot  Area,Nagasandra,1310.0,3,3,95.0,1,4.0
Super built-up  Area,Nagasandra,2400.0,4,1,145.0,1,4.0
Super built-up  Area,Nagasandra,1650.0,3,2,95.0,1,3.0
Plot  Area,Nagasandra,1500.0,2,0,91.0,1,2.0
Built-up  Area,Nagasandra,4000.0,8,3,160.0,1,8.0
Plot  Area,Nagavara,400.0,1,0,14.0,1,1.0
Super built-up  Area,Nagavara,2172.65,3,3,120.0,1,4.0
Super built-up  Area,Nagavara,1545.0,2,1,58.0,1,3.0
Super built-up  Area,Nagavara,2319.0,3,2,180.0,1,3.0
Super built-up  Area,Nagavara,2430.0,4,3,180.0,1,3.0
Built-up  Area,Nagavara,936.0,2,0,40.2,1,2.0
Super built-up  Area,Nagavara,1125.0,2,2,44.5,1,2.0
Built-up  Area,Nagavara,1315.0,2,2,70.0,1,2.0
Super built-up  Area,Nagavara,1077.0,2,1,50.0,1,2.0
Super built-up  Area,Nagavara,2496.0,4,2,125.0,1,4.0
Super built-up  Area,Nagavara,1110.0,2,2,44.95,1,2.0
Super built-up  Area,Nagavara,1247.0,2,1,58.56,1,2.0
Super built-up  Area,Nagavarapalya,1392.0,2,1,99.0,0,2.0
Super built-up  Area,Nagavarapalya,705.0,1,1,52.5,1,1.0
Super built-up  Area,Nagavarapalya,1300.0,3,1,80.0,1,3.0
Super built-up  Area,Nagavarapalya,705.0,1,1,57.0,1,1.0
Super built-up  Area,Nagavarapalya,705.0,1,1,55.0,1,1.0
Super built-up  Area,Nagavarapalya,705.0,1,1,57.0,0,1.0
Super built-up  Area,Nagavarapalya,1335.0,2,3,110.0,1,2.0
Super built-up  Area,Nagavarapalya,1260.0,2,2,85.5,1,2.0
Super built-up  Area,Narayanapura,1308.0,2,2,89.04,1,2.0
Super built-up  Area,Narayanapura,1566.0,3,1,83.3,1,3.0
Built-up  Area,Narayanapura,1485.0,3,2,85.0,1,3.0
Super built-up  Area,Narayanapura,1302.0,2,1,69.1,1,2.0
Super built-up  Area,Narayanapura,1308.0,2,1,89.04,1,2.0
Super built-up  Area,Narayanapura,2357.0,3,2,135.0,1,3.0
Super built-up  Area,Narayanapura,1469.0,2,2,99.14,1,2.0
Super built-up  Area,Neeladri Nagar,1053.0,2,1,45.0,1,2.0
Super built-up  Area,Neeladri Nagar,1363.0,2,2,68.0,1,2.0
Super built-up  Area,Neeladri Nagar,2556.0,3,2,133.0,1,3.0
Super built-up  Area,Neeladri Nagar,674.0,1,1,21.0,1,1.0
Built-up  Area,Neeladri Nagar,527.0,1,0,26.0,1,1.0
Super built-up  Area,Neeladri Nagar,1167.0,2,1,38.0,1,3.0
Super built-up  Area,Neeladri Nagar,1060.0,2,0,35.0,1,2.0
Built-up  Area,Neeladri Nagar,640.0,1,1,20.5,1,1.0
Super built-up  Area,Neeladri Nagar,4000.0,12,0,160.0,1,10.0
Super built-up  Area,Neeladri Nagar,1105.0,2,2,30.0,0,2.0
Super built-up  Area,Neeladri Nagar,1100.0,2,2,30.0,1,2.0
Super built-up  Area,Neeladri Nagar,2111.0,3,2,103.0,1,3.0
Super built-up  Area,Nehru Nagar,1775.0,3,3,110.0,1,3.0
Super built-up  Area,Nehru Nagar,2363.0,5,2,120.0,1,4.0
Super built-up  Area,Nehru Nagar,2342.0,3,2,115.0,1,4.0
Super built-up  Area,Nehru Nagar,967.0,2,2,41.1,1,2.0
Built-up  Area,Nehru Nagar,1374.0,3,2,72.0,1,3.0
Super built-up  Area,Nehru Nagar,1674.0,3,0,90.0,1,3.0
Super built-up  Area,Nehru Nagar,1269.0,2,2,63.0,1,3.0
Super built-up  Area,Nehru Nagar,1100.0,2,2,50.0,1,2.0
Super built-up  Area,Nehru Nagar,1674.0,3,0,81.0,1,3.0
Super built-up  Area,OMBR Layout,2420.0,3,2,185.0,1,3.0
Built-up  Area,OMBR Layout,1078.0,2,3,65.0,1,2.0
Super built-up  Area,OMBR Layout,1101.0,2,2,65.5,1,2.0
Super built-up  Area,OMBR Layout,1041.0,2,2,65.5,1,2.0
Super built-up  Area,OMBR Layout,1300.0,2,2,80.0,1,2.0
Plot  Area,OMBR Layout,2400.0,5,3,275.0,1,5.0
Super built-up  Area,OMBR Layout,1085.0,2,1,64.0,1,2.0
Super built-up  Area,OMBR Layout,1855.0,3,2,145.0,1,3.0
Super built-up  Area,OMBR Layout,1050.0,2,3,48.0,1,2.0
Super built-up  Area,OMBR Layout,1730.0,3,1,93.0,1,3.0
Super built-up  Area,OMBR Layout,1165.0,2,2,88.5,1,2.0
Super built-up  Area,OMBR Layout,1101.0,2,2,66.0,1,2.0
Super built-up  Area,OMBR Layout,3400.0,4,2,275.0,1,4.0
Super built-up  Area,OMBR Layout,1580.0,3,2,75.0,1,3.0
Super built-up  Area,Old Airport Road,2732.0,4,0,204.0,0,4.0
Built-up  Area,Old Airport Road,1875.0,2,2,110.0,1,3.0
Super built-up  Area,Old Airport Road,3356.0,4,0,251.0,0,4.0
Super built-up  Area,Old Airport Road,1206.0,2,3,75.0,1,2.0
Super built-up  Area,Old Airport Road,2774.0,4,0,207.0,0,4.0
Super built-up  Area,Old Airport Road,2690.0,4,3,191.0,0,4.0
Super built-up  Area,Old Airport Road,2690.0,4,3,199.0,0,4.0
Super built-up  Area,Old Airport Road,1655.0,2,1,97.65,0,2.0
Super built-up  Area,Old Airport Road,1075.0,2,2,60.0,1,2.0
Built-up  Area,Old Airport Road,1858.0,2,1,167.0,1,3.0
Super built-up  Area,Old Airport Road,1150.0,2,1,90.0,1,2.0
Super built-up  Area,Old Airport Road,2658.0,5,3,187.0,0,4.0
Super built-up  Area,Old Airport Road,946.0,2,2,58.0,1,2.0
Super built-up  Area,Old Airport Road,2774.0,4,3,208.0,0,4.0
Built-up  Area,Old Airport Road,3200.0,4,0,280.0,1,4.0
Super built-up  Area,Old Airport Road,2690.0,4,3,201.0,0,4.0
Super built-up  Area,Old Airport Road,1145.0,2,2,75.0,1,2.0
Super built-up  Area,Old Airport Road,2732.0,4,3,194.0,0,4.0
Super built-up  Area,Old Airport Road,2658.0,5,3,189.0,0,4.0
Super built-up  Area,Old Airport Road,2774.0,4,3,197.0,0,4.0
Super built-up  Area,Old Airport Road,3496.0,4,0,262.0,0,4.0
Super built-up  Area,Old Airport Road,2732.0,4,3,204.0,0,4.0
Super built-up  Area,Old Airport Road,1798.0,3,0,150.0,1,3.0
Super built-up  Area,Old Airport Road,1184.0,2,1,78.0,1,2.0
Super built-up  Area,Old Airport Road,3504.0,4,0,262.0,0,4.0
Built-up  Area,Old Airport Road,1055.0,2,3,75.0,1,2.0
Super built-up  Area,Old Madras Road,1425.0,2,2,94.0,0,3.0
Super built-up  Area,Old Madras Road,3715.0,6,0,224.5,1,4.0
Super built-up  Area,Old Madras Road,3630.0,6,1,195.0,1,4.0
Super built-up  Area,Old Madras Road,1350.0,3,1,58.99,0,3.0
Super built-up  Area,Old Madras Road,935.0,2,1,45.0,0,2.0
Super built-up  Area,Old Madras Road,3715.0,6,0,200.5,1,4.0
Super built-up  Area,Old Madras Road,1720.0,3,2,100.0,1,3.0
Super built-up  Area,Old Madras Road,1200.0,2,1,72.0,0,2.0
Super built-up  Area,Old Madras Road,1225.0,2,1,53.55,0,2.0
Super built-up  Area,Old Madras Road,1100.0,2,1,70.0,1,2.0
Super built-up  Area,Old Madras Road,2760.0,5,2,157.0,1,3.0
Super built-up  Area,Old Madras Road,1171.0,2,2,75.0,0,2.0
Super built-up  Area,Old Madras Road,4500.0,7,3,294.0,0,5.0
Super built-up  Area,Old Madras Road,2640.0,5,1,142.0,1,3.0
Super built-up  Area,Old Madras Road,1065.0,2,1,47.86,0,2.0
Super built-up  Area,Old Madras Road,2010.0,3,2,125.0,1,4.0
Super built-up  Area,Old Madras Road,2010.0,3,2,115.0,1,4.0
Super built-up  Area,Old Madras Road,1480.0,2,2,84.0,1,3.0
Super built-up  Area,Old Madras Road,2990.0,5,1,210.0,1,3.0
Super built-up  Area,Old Madras Road,1210.0,2,1,74.0,1,2.0
Super built-up  Area,Old Madras Road,1171.0,2,2,72.0,1,2.0
Super built-up  Area,Old Madras Road,3630.0,6,1,196.0,0,4.0
Super built-up  Area,Old Madras Road,1480.0,3,2,95.0,1,3.0
Super built-up  Area,Old Madras Road,1425.0,2,2,74.31,0,3.0
Super built-up  Area,Old Madras Road,1210.0,2,1,80.0,1,2.0
Super built-up  Area,Old Madras Road,1859.0,3,2,121.0,1,3.0
Super built-up  Area,Old Madras Road,2990.0,5,1,173.0,1,3.0
Plot  Area,Old Madras Road,4000.0,4,2,225.0,1,4.0
Built-up  Area,Old Madras Road,3900.0,4,2,175.0,1,4.0
Built-up  Area,Old Madras Road,2300.0,3,2,142.0,1,3.0
Super built-up  Area,Old Madras Road,3630.0,6,1,207.0,0,4.0
Super built-up  Area,Old Madras Road,1210.0,2,1,77.0,1,2.0
Super built-up  Area,Old Madras Road,5020.0,7,0,287.0,0,5.0
Super built-up  Area,Old Madras Road,3715.0,6,0,212.5,0,4.0
Super built-up  Area,Old Madras Road,1330.0,2,2,74.0,1,2.0
Super built-up  Area,Old Madras Road,1720.0,3,2,106.0,1,3.0
Super built-up  Area,Old Madras Road,2640.0,5,1,150.0,1,3.0
Super built-up  Area,Old Madras Road,2990.0,3,2,170.0,1,3.0
Super built-up  Area,Old Madras Road,1530.0,3,2,76.34,0,3.0
Super built-up  Area,Old Madras Road,1171.0,2,2,73.0,0,2.0
Super built-up  Area,Old Madras Road,1630.0,3,2,110.0,1,3.0
Super built-up  Area,Old Madras Road,1165.0,2,1,52.0,0,2.0
Super built-up  Area,Old Madras Road,2640.0,2,1,170.0,0,2.0
Super built-up  Area,Old Madras Road,1165.0,2,1,51.42,0,2.0
Super built-up  Area,Other,2770.0,4,2,290.0,1,3.0
Super built-up  Area,Other,1100.0,2,2,48.0,1,2.0
Super built-up  Area,Other,1250.0,3,2,56.0,0,3.0
Super built-up  Area,Other,600.0,1,0,38.0,1,1.0
Built-up  Area,Other,869.0,2,1,36.0,1,2.0
Super built-up  Area,Other,1270.0,2,1,50.0,1,2.0
Super built-up  Area,Other,1500.0,2,2,185.0,1,2.0
Super built-up  Area,Other,840.0,2,2,45.0,1,2.0
Plot  Area,Other,4395.0,3,2,240.0,1,3.0
Super built-up  Area,Other,845.0,2,1,55.0,1,2.0
Built-up  Area,Other,2511.0,3,3,205.0,1,3.0
Super built-up  Area,Other,1660.0,2,2,105.0,1,3.0
Super built-up  Area,Other,1450.0,2,2,70.0,1,3.0
Built-up  Area,Other,1200.0,2,1,65.0,1,2.0
Built-up  Area,Other,1200.0,3,1,90.0,1,3.0
Super built-up  Area,Other,1007.0,2,2,43.0,1,2.0
Super built-up  Area,Other,1200.0,2,2,50.0,1,2.0
Super built-up  Area,Other,966.0,2,2,49.9,1,2.0
Built-up  Area,Other,782.0,2,2,55.68,1,2.0
Super built-up  Area,Other,1800.0,3,3,120.0,1,3.0
Super built-up  Area,Other,1413.0,2,2,75.0,1,3.0
Super built-up  Area,Other,945.0,2,1,54.0,0,2.0
Built-up  Area,Other,1870.0,3,3,110.0,1,3.0
Plot  Area,Other,1200.0,4,0,210.0,1,4.0
Super built-up  Area,Other,1260.0,2,2,85.05,0,3.0
Super built-up  Area,Other,1612.0,3,3,46.74,1,3.0
Super built-up  Area,Other,2795.0,4,0,235.0,1,3.0
Built-up  Area,Other,1350.0,2,3,48.0,1,3.0
Super built-up  Area,Other,1904.0,3,1,150.0,1,3.0
Super built-up  Area,Other,2000.0,3,1,175.0,1,3.0
Super built-up  Area,Other,1425.0,2,2,75.0,1,3.0
Built-up  Area,Other,1470.0,2,2,70.0,1,3.0
Plot  Area,Other,1500.0,3,2,100.0,1,3.0
Plot  Area,Other,1846.0,3,2,300.0,1,3.0
Super built-up  Area,Other,1340.0,2,2,55.7,1,2.0
Built-up  Area,Other,1783.0,3,1,115.0,1,3.0
Super built-up  Area,Other,912.0,2,1,70.0,1,3.0
Built-up  Area,Other,1207.0,2,2,43.5,1,2.0
Built-up  Area,Other,1798.0,3,2,89.0,0,3.0
Super built-up  Area,Other,1580.0,3,3,100.0,1,3.0
Super built-up  Area,Other,1415.0,3,3,78.0,1,3.0
Built-up  Area,Other,2000.0,4,1,75.5,1,4.0
Super built-up  Area,Other,2405.0,4,2,260.0,1,3.0
Plot  Area,Other,1500.0,2,1,115.0,1,2.0
Super built-up  Area,Other,1148.0,2,2,60.0,1,2.0
Super built-up  Area,Other,1110.0,2,2,55.0,1,2.0
Super built-up  Area,Other,1500.0,2,1,65.0,1,3.0
Super built-up  Area,Other,1080.0,2,2,39.0,0,2.0
Built-up  Area,Other,1060.0,2,2,60.0,1,2.0
Plot  Area,Other,2600.0,8,2,180.0,1,8.0
Super built-up  Area,Other,1644.0,3,3,84.0,1,3.0
Super built-up  Area,Other,1285.0,2,3,72.5,1,2.0
Plot  Area,Other,4050.0,3,2,280.0,0,3.0
Built-up  Area,Other,1060.0,2,2,55.0,1,2.0
Super built-up  Area,Other,900.0,2,2,22.5,0,2.0
Built-up  Area,Other,1280.0,2,1,69.0,1,2.0
Super built-up  Area,Other,3045.0,3,2,170.0,1,3.0
Super built-up  Area,Other,1464.0,3,2,46.0,1,3.0
Super built-up  Area,Other,700.0,1,1,26.0,1,2.0
Plot  Area,Other,900.0,2,1,110.0,1,2.0
Plot  Area,Other,4111.0,4,2,250.0,1,4.0
Super built-up  Area,Other,1084.0,2,2,50.0,1,2.0
Carpet  Area,Other,950.0,2,2,47.0,1,2.0
Super built-up  Area,Other,2000.0,4,0,120.0,1,4.0
Super built-up  Area,Other,1560.0,3,3,115.0,1,3.0
Super built-up  Area,Other,850.0,2,2,27.0,0,2.0
Super built-up  Area,Other,1113.0,2,1,51.0,1,2.0
Plot  Area,Other,1200.0,4,3,165.0,1,4.0
Super built-up  Area,Other,1200.0,2,2,55.0,1,2.0
Built-up  Area,Other,1645.0,3,2,95.0,1,3.0
Plot  Area,Other,1200.0,2,0,79.0,0,2.0
Carpet  Area,Other,1230.0,2,3,48.0,1,2.0
Plot  Area,Other,1350.0,2,0,140.0,1,3.0
Super built-up  Area,Other,1800.0,3,0,150.0,1,3.0
Carpet  Area,Other,1592.0,3,2,75.0,1,3.0
Plot  Area,Other,2000.0,3,2,365.0,1,3.0
Super built-up  Area,Other,1762.0,3,1,125.0,1,3.0
Super built-up  Area,Other,950.0,2,2,50.0,0,2.0
Super built-up  Area,Other,1200.0,3,0,90.0,1,3.0
Plot  Area,Other,1500.0,4,2,230.0,1,4.0
Super built-up  Area,Other,2023.71,3,2,275.0,0,3.0
Built-up  Area,Other,1629.0,3,2,79.0,0,3.0
Built-up  Area,Other,1460.0,2,1,58.0,1,2.0
Super built-up  Area,Other,1200.0,4,1,175.0,1,4.0
Plot  Area,Other,1000.0,2,0,165.0,1,2.0
Super built-up  Area,Other,1185.0,2,0,38.0,1,2.0
Built-up  Area,Other,1760.0,3,2,88.0,1,3.0
Super built-up  Area,Other,1069.0,2,1,55.0,1,2.0
Super built-up  Area,Other,2150.0,4,0,240.0,1,3.0
Super built-up  Area,Other,1450.0,3,2,55.0,1,3.0
Super built-up  Area,Other,1630.0,3,2,68.29,0,3.0
Plot  Area,Other,1200.0,4,2,200.0,1,4.0
Built-up  Area,Other,3309.0,4,3,325.0,1,4.0
Super built-up  Area,Other,5000.0,9,3,360.0,1,11.0
Super built-up  Area,Other,850.0,2,1,30.0,1,2.0
Super built-up  Area,Other,1150.0,2,2,126.0,1,2.0
Built-up  Area,Other,1200.0,4,1,230.0,1,4.0
Built-up  Area,Other,1200.0,2,1,62.0,1,2.0
Super built-up  Area,Other,4800.0,4,0,235.0,1,4.0
Super built-up  Area,Other,1200.0,2,1,74.0,1,2.0
Super built-up  Area,Other,1464.0,3,2,56.0,1,3.0
Plot  Area,Other,2000.0,4,2,99.0,1,4.0
Super built-up  Area,Other,1753.0,3,2,120.0,1,3.0
Super built-up  Area,Other,1000.0,2,1,53.0,1,2.0
Plot  Area,Other,720.0,2,1,45.0,0,2.0
Built-up  Area,Other,1300.0,3,1,58.0,1,3.0
Super built-up  Area,Other,1115.0,2,1,40.0,1,2.0
Plot  Area,Other,1200.0,3,1,165.0,1,4.0
Built-up  Area,Other,700.0,1,0,41.0,1,1.0
Super built-up  Area,Other,1600.0,4,1,80.0,1,4.0
Built-up  Area,Other,1595.0,3,2,115.0,0,3.0
Super built-up  Area,Other,1353.0,2,2,110.0,1,2.0
Built-up  Area,Other,1200.0,2,0,85.0,1,1.0
Super built-up  Area,Other,1028.0,2,1,45.5,0,2.0
Super built-up  Area,Other,1385.0,2,2,48.48,1,3.0
Built-up  Area,Other,3000.0,3,1,528.0,1,5.0
Built-up  Area,Other,1325.0,2,1,90.0,1,3.0
Plot  Area,Other,2610.0,3,0,499.0,1,3.0
Super built-up  Area,Other,1600.0,2,0,50.0,1,3.0
Plot  Area,Other,1800.0,1,1,80.0,1,2.0
Super built-up  Area,Other,1056.0,2,1,80.0,1,2.0
Built-up  Area,Other,1080.0,2,2,50.0,1,2.0
Built-up  Area,Other,1160.0,2,1,55.0,1,2.0
Super built-up  Area,Other,1544.0,3,0,120.0,1,3.0
Plot  Area,Other,1200.0,2,0,65.0,1,2.0
Built-up  Area,Other,540.0,1,1,36.0,1,1.0
Super built-up  Area,Other,1578.0,3,1,180.0,1,3.0
Super built-up  Area,Other,1180.0,2,2,42.0,1,2.0
Plot  Area,Other,1600.0,2,0,115.0,1,2.0
Super built-up  Area,Other,416.0,1,1,18.5,0,1.0
Super built-up  Area,Other,1260.0,2,2,45.0,1,2.0
Built-up  Area,Other,1630.0,3,2,85.0,1,3.0
Super built-up  Area,Other,600.0,1,0,90.0,1,1.0
Built-up  Area,Other,834.0,1,1,60.0,1,1.0
Plot  Area,Other,1125.0,4,1,70.0,1,3.0
Super built-up  Area,Other,3000.0,5,2,260.0,0,4.0
Plot  Area,Other,2160.0,5,1,250.0,1,6.0
Carpet  Area,Other,1375.0,3,2,70.0,0,3.0
Super built-up  Area,Other,469.0,1,0,25.0,1,1.0
Super built-up  Area,Other,3600.0,4,1,160.0,1,6.0
Plot  Area,Other,4000.0,3,1,660.0,1,3.0
Super built-up  Area,Other,1160.0,2,2,52.2,1,2.0
Built-up  Area,Other,1220.0,2,1,35.23,0,3.0
Super built-up  Area,Other,1641.0,3,2,66.0,1,3.0
Super built-up  Area,Other,1630.0,2,2,200.0,1,2.0
Super built-up  Area,Other,2072.0,3,2,108.0,0,3.0
Built-up  Area,Other,1200.0,2,0,70.0,1,3.0
Super built-up  Area,Other,1350.0,3,0,77.0,1,3.0
Built-up  Area,Other,4046.0,4,0,445.0,0,4.0
Super built-up  Area,Other,1180.0,2,2,78.34,0,3.0
Super built-up  Area,Other,1355.0,2,2,115.0,1,2.0
Plot  Area,Other,600.0,1,0,50.0,1,1.0
Super built-up  Area,Other,1875.0,3,2,165.0,1,3.0
Plot  Area,Other,600.0,2,1,55.0,1,2.0
Built-up  Area,Other,2300.0,3,3,120.0,1,3.0
Super built-up  Area,Other,1240.0,2,2,60.0,1,2.0
Super built-up  Area,Other,1750.0,3,1,120.0,1,3.0
Super built-up  Area,Other,1230.0,2,0,43.48,0,2.0
Built-up  Area,Other,950.0,2,1,44.0,1,2.0
Plot  Area,Other,1092.0,2,1,98.5,1,3.0
Super built-up  Area,Other,1045.0,2,0,45.0,1,2.0
Super built-up  Area,Other,1570.0,3,2,62.0,1,3.0
Super built-up  Area,Other,1855.0,3,1,225.0,0,3.0
Built-up  Area,Other,1325.0,3,1,57.0,1,3.0
Super built-up  Area,Other,1202.0,2,1,48.0,1,2.0
Super built-up  Area,Other,1200.0,2,3,62.5,1,2.0
Built-up  Area,Other,425.0,1,0,20.03,1,1.0
Built-up  Area,Other,1100.0,2,0,48.0,1,2.0
Plot  Area,Other,600.0,1,1,60.0,1,1.0
Super built-up  Area,Other,1468.0,2,1,140.0,1,2.0
Plot  Area,Other,4300.0,5,2,550.0,1,4.0
Super built-up  Area,Other,1750.0,3,2,85.0,1,3.0
Super built-up  Area,Other,775.0,2,1,55.0,1,2.0
Built-up  Area,Other,1105.0,2,2,58.0,1,2.0
Built-up  Area,Other,10763.9,2,1,93.0,1,1.0
Super built-up  Area,Other,1602.0,2,0,75.0,1,3.0
Super built-up  Area,Other,1352.0,3,0,135.0,1,3.0
Plot  Area,Other,10961.0,4,1,80.0,0,4.0
Super built-up  Area,Other,1780.0,3,1,84.83,0,3.0
Super built-up  Area,Other,3761.0,3,2,660.0,1,3.0
Plot  Area,Other,1200.0,3,0,95.0,1,4.0
Super built-up  Area,Other,1976.0,3,1,184.0,1,3.0
Plot  Area,Other,5500.0,4,0,600.0,1,4.0
Plot  Area,Other,2400.0,4,1,640.0,1,4.0
Super built-up  Area,Other,1277.0,2,0,45.0,1,2.0
Plot  Area,Other,1200.0,3,0,95.0,1,3.0
Built-up  Area,Other,2500.0,6,2,115.0,1,7.0
Super built-up  Area,Other,823.0,2,1,28.0,1,2.0
Super built-up  Area,Other,1180.0,2,1,69.0,1,2.0
Super built-up  Area,Other,686.0,1,1,17.0,1,1.0
Plot  Area,Other,1410.0,1,0,233.0,1,2.0
Super built-up  Area,Other,1250.0,2,0,200.0,1,2.0
Super built-up  Area,Other,1300.0,1,0,200.0,1,1.0
Super built-up  Area,Other,1001.0,2,2,33.03,0,2.0
Built-up  Area,Other,1500.0,4,0,180.0,1,4.0
Super built-up  Area,Other,2400.0,2,0,80.0,1,3.0
Super built-up  Area,Other,1282.0,2,2,87.0,1,2.0
Super built-up  Area,Other,1611.0,2,2,64.44,0,3.0
Built-up  Area,Other,1500.0,2,2,95.0,1,3.0
Super built-up  Area,Other,1300.0,1,1,115.0,1,2.0
Built-up  Area,Other,530.0,1,1,20.0,1,1.0
Super built-up  Area,Other,1350.0,2,3,80.0,1,2.0
Built-up  Area,Other,900.0,2,0,27.0,1,2.0
Plot  Area,Other,2400.0,6,3,125.0,1,8.0
Super built-up  Area,Other,1225.0,2,0,53.0,1,2.0
Super built-up  Area,Other,1141.0,2,0,62.0,1,2.0
Super built-up  Area,Other,4100.0,7,0,140.0,1,7.0
Super built-up  Area,Other,1175.0,2,2,48.27,1,2.0
Super built-up  Area,Other,950.0,1,1,40.0,1,1.0
Super built-up  Area,Other,1209.0,2,1,50.0,1,2.0
Built-up  Area,Other,4200.0,5,2,225.0,1,5.0
Plot  Area,Other,1215.0,4,3,205.0,1,4.0
Super built-up  Area,Other,1800.0,3,3,90.0,1,3.0
Built-up  Area,Other,1600.0,4,0,125.0,1,5.0
Plot  Area,Other,3968.0,5,2,900.0,1,6.0
Super built-up  Area,Other,1563.0,3,2,52.0,1,3.0
Built-up  Area,Other,1405.0,2,2,70.0,1,2.0
Built-up  Area,Other,1480.0,3,2,90.0,1,3.0
Super built-up  Area,Other,1600.0,3,3,90.0,1,3.0
Super built-up  Area,Other,720.0,2,1,120.0,1,2.0
Plot  Area,Other,1200.0,4,0,135.0,1,4.0
Super built-up  Area,Other,1200.0,2,2,35.0,1,2.0
Plot  Area,Other,1500.0,3,2,115.0,1,3.0
Super built-up  Area,Other,1824.0,3,3,125.0,0,3.0
Plot  Area,Other,750.0,1,0,56.25,1,1.0
Super built-up  Area,Other,1060.0,2,2,42.0,1,2.0
Plot  Area,Other,1500.0,3,2,62.0,0,3.0
Super built-up  Area,Other,1339.0,2,2,55.0,1,2.0
Super built-up  Area,Other,1600.0,3,2,75.0,1,3.0
Super built-up  Area,Other,1225.0,2,2,55.11,1,2.0
Plot  Area,Other,4000.0,4,2,675.0,1,4.0
Super built-up  Area,Other,1000.0,2,1,50.0,1,2.0
Plot  Area,Other,6000.0,5,3,400.0,1,4.0
Built-up  Area,Other,2400.0,3,2,170.0,1,3.0
Super built-up  Area,Other,1480.0,2,2,65.0,1,2.0
Super built-up  Area,Other,1500.0,2,2,98.0,1,3.0
Super built-up  Area,Other,3095.0,3,3,350.0,1,3.0
Carpet  Area,Other,910.0,2,1,30.5,1,2.0
Plot  Area,Other,1200.0,1,1,28.0,1,1.0
Plot  Area,Other,1500.0,3,3,100.0,1,3.0
Super built-up  Area,Other,1133.0,2,2,55.0,1,2.0
Plot  Area,Other,1560.0,5,1,145.0,1,5.0
Plot  Area,Other,2900.0,5,2,90.0,1,5.0
Super built-up  Area,Other,1560.0,3,1,188.0,1,3.0
Super built-up  Area,Other,856.0,2,3,40.0,1,2.0
Plot  Area,Other,14000.0,3,2,800.0,1,4.0
Super built-up  Area,Other,485.0,1,1,15.0,1,1.0
Built-up  Area,Other,1384.0,3,2,62.28,1,3.0
Built-up  Area,Other,1508.0,3,2,70.25,1,3.0
Built-up  Area,Other,2150.0,4,1,80.0,1,4.0
Super built-up  Area,Other,1600.0,3,2,52.0,1,3.0
Super built-up  Area,Other,1250.0,2,1,62.0,0,2.0
Plot  Area,Other,1200.0,3,1,130.0,1,3.0
Super built-up  Area,Other,1050.0,2,1,67.0,1,2.0
Super built-up  Area,Other,1596.0,3,1,105.0,1,3.0
Super built-up  Area,Other,1800.0,3,3,80.0,1,3.0
Built-up  Area,Other,925.0,2,2,48.0,1,2.0
Super built-up  Area,Other,1395.0,2,1,63.59,1,2.0
Super built-up  Area,Other,4634.0,4,3,1015.0,1,3.0
Plot  Area,Other,1200.0,3,1,85.0,1,3.0
Built-up  Area,Other,1132.0,2,1,67.0,0,2.0
Super built-up  Area,Other,1262.0,2,2,63.0,1,2.0
Super built-up  Area,Other,1515.0,3,3,88.0,1,3.0
Super built-up  Area,Other,1655.0,3,2,86.06,1,3.0
Built-up  Area,Other,5000.0,7,0,299.0,1,7.0
Super built-up  Area,Other,1380.0,2,1,80.0,0,2.0
Super built-up  Area,Other,1450.0,3,1,65.0,1,3.0
Super built-up  Area,Other,1200.0,2,1,54.0,1,2.0
Built-up  Area,Other,4346.0,5,0,500.0,1,4.0
Super built-up  Area,Other,1178.0,2,3,47.0,1,2.0
Super built-up  Area,Other,2200.0,3,0,187.0,1,3.0
Built-up  Area,Other,3329.0,3,2,330.0,1,3.0
Plot  Area,Other,3600.0,4,0,300.0,1,4.0
Super built-up  Area,Other,3500.0,3,3,450.0,1,4.0
Built-up  Area,Other,1595.0,3,2,76.0,1,3.0
Super built-up  Area,Other,1093.0,2,2,65.0,1,2.0
Built-up  Area,Other,1367.0,2,2,62.0,1,2.0
Carpet  Area,Other,1535.0,3,1,95.0,1,3.0
Super built-up  Area,Other,1015.0,2,1,45.0,1,2.0
Super built-up  Area,Other,1100.0,2,1,62.7,0,2.0
Super built-up  Area,Other,930.0,2,1,45.0,1,2.0
Built-up  Area,Other,1650.0,2,2,80.0,1,3.0
Plot  Area,Other,700.0,1,0,150.0,1,1.0
Super built-up  Area,Other,2197.0,4,3,280.0,1,3.0
Super built-up  Area,Other,1240.0,2,2,46.0,0,3.0
Built-up  Area,Other,1100.0,2,1,60.0,1,2.0
Plot  Area,Other,1600.0,3,1,172.0,1,4.0
Built-up  Area,Other,1450.0,2,2,85.0,1,3.0
Built-up  Area,Other,2000.0,3,1,166.0,1,4.0
Plot  Area,Other,1420.0,1,0,220.0,1,2.0
Built-up  Area,Other,700.0,2,0,27.0,1,2.0
Super built-up  Area,Other,1050.0,2,1,45.0,1,2.0
Super built-up  Area,Other,1250.0,3,3,39.5,0,3.0
Built-up  Area,Other,1756.0,3,3,100.0,1,3.0
Super built-up  Area,Other,1532.0,3,3,92.0,0,3.0
Built-up  Area,Other,1650.0,3,0,110.0,1,3.0
Built-up  Area,Other,1200.0,2,2,66.0,1,2.0
Super built-up  Area,Other,1010.0,2,3,148.0,1,2.0
Super built-up  Area,Other,1180.0,2,2,48.0,1,2.0
Super built-up  Area,Other,1525.0,2,3,122.0,1,3.0
Super built-up  Area,Other,1435.0,3,3,70.0,1,3.0
Super built-up  Area,Other,1560.0,2,3,66.0,1,3.0
Built-up  Area,Other,1070.0,2,2,42.0,1,2.0
Plot  Area,Other,2400.0,3,0,200.0,1,4.0
Built-up  Area,Other,1000.0,2,1,130.0,1,2.0
Built-up  Area,Other,1300.0,2,1,60.0,1,2.0
Plot  Area,Other,3040.0,1,1,180.0,1,2.0
Super built-up  Area,Other,1310.0,2,3,50.0,1,3.0
Super built-up  Area,Other,1390.0,3,1,120.0,1,3.0
Plot  Area,Other,1200.0,4,2,72.0,1,4.0
Super built-up  Area,Other,1135.0,2,2,68.0,1,2.0
Super built-up  Area,Other,900.0,2,1,55.0,1,2.0
Super built-up  Area,Other,1378.0,2,3,42.33,0,3.0
Super built-up  Area,Other,1210.0,2,2,62.0,1,2.0
Super built-up  Area,Other,2500.0,3,1,250.0,1,3.0
Carpet  Area,Other,2200.0,4,0,350.0,1,3.0
Built-up  Area,Other,1600.0,3,0,80.0,1,3.0
Super built-up  Area,Other,1250.0,3,1,39.5,0,3.0
Built-up  Area,Other,1100.0,2,2,50.0,1,2.0
Super built-up  Area,Other,1269.72,2,2,68.0,1,2.0
Plot  Area,Other,1168.0,3,0,70.0,1,3.0
Super built-up  Area,Other,1552.0,2,1,51.0,1,2.0
Plot  Area,Other,2100.0,4,0,155.0,1,4.0
Super built-up  Area,Other,1300.0,2,2,65.0,1,2.0
Super built-up  Area,Other,1515.0,3,3,93.93,1,3.0
Super built-up  Area,Other,2400.0,5,1,85.0,1,4.0
Built-up  Area,Other,1243.0,2,1,58.0,0,2.0
Super built-up  Area,Other,1616.0,3,1,75.0,1,3.0
Built-up  Area,Other,1800.0,6,0,44.5,1,5.0
Built-up  Area,Other,2700.0,4,2,214.0,1,6.0
Super built-up  Area,Other,2000.0,3,2,210.0,1,3.0
Plot  Area,Other,2400.0,4,1,300.0,1,5.0
Super built-up  Area,Other,1760.0,3,3,176.0,1,3.0
Built-up  Area,Other,595.0,1,1,42.0,1,1.0
Built-up  Area,Other,1410.0,2,3,67.0,1,2.0
Built-up  Area,Other,1090.0,2,1,31.48,0,2.0
Super built-up  Area,Other,1254.0,2,1,53.0,1,2.0
Built-up  Area,Other,2800.0,7,2,125.0,1,7.0
Built-up  Area,Other,1170.0,2,2,86.0,1,2.0
Plot  Area,Other,2200.0,4,3,235.0,1,4.0
Plot  Area,Other,16145.849999999999,3,1,95.0,1,3.0
Built-up  Area,Other,1000.0,2,1,50.0,1,2.0
Built-up  Area,Other,2780.0,5,2,480.0,1,4.0
Super built-up  Area,Other,920.0,2,0,35.0,1,2.0
Super built-up  Area,Other,1450.0,1,0,230.0,1,2.0
Built-up  Area,Other,2400.0,3,2,142.0,1,4.0
Plot  Area,Other,2400.0,5,1,625.0,1,5.0
Super built-up  Area,Other,1280.0,2,2,40.0,1,2.0
Super built-up  Area,Other,2000.0,3,2,85.0,1,3.0
Plot  Area,Other,3817.0,2,0,124.0,0,3.0
Carpet  Area,Other,1650.0,3,3,175.0,1,3.0
Built-up  Area,Other,840.0,2,2,27.0,1,2.0
Super built-up  Area,Other,1670.0,3,3,91.86,1,3.0
Super built-up  Area,Other,1242.0,2,3,39.7,1,2.0
Super built-up  Area,Other,1690.0,2,2,55.0,1,3.0
Super built-up  Area,Other,1488.0,3,0,57.0,1,3.0
Built-up  Area,Other,1250.0,2,1,80.0,1,3.0
Plot  Area,Other,1650.0,4,0,160.0,1,3.0
Super built-up  Area,Other,800.0,2,3,50.0,1,2.0
Super built-up  Area,Other,1225.0,2,2,150.0,1,2.0
Super built-up  Area,Other,1260.0,2,2,58.0,1,2.0
Super built-up  Area,Other,3675.0,4,3,367.0,0,4.0
Plot  Area,Other,1200.0,2,2,150.0,1,2.0
Super built-up  Area,Other,1250.0,2,2,65.0,1,2.0
Super built-up  Area,Other,1225.0,2,2,48.0,0,2.0
Plot  Area,Other,1350.0,2,1,80.0,1,2.0
Built-up  Area,Other,2000.0,3,1,100.0,1,3.0
Super built-up  Area,Other,1614.0,3,1,110.0,1,3.0
Super built-up  Area,Other,1188.0,2,3,73.0,1,2.0
Super built-up  Area,Other,1480.0,3,2,90.0,1,3.0
Plot  Area,Other,680.0,2,0,42.0,1,2.0
Plot  Area,Other,2400.0,2,1,95.0,1,2.0
Built-up  Area,Other,1045.0,2,2,42.0,1,2.0
Built-up  Area,Other,955.0,2,3,53.55,1,2.0
Super built-up  Area,Other,1115.0,2,2,56.87,0,2.0
Super built-up  Area,Other,2479.13,3,1,215.0,1,3.0
Built-up  Area,Other,1100.0,2,0,106.0,1,2.0
Super built-up  Area,Other,1690.0,3,0,75.0,1,3.0
Built-up  Area,Other,1068.0,2,1,40.05,0,2.0
Super built-up  Area,Other,1925.0,3,2,120.0,1,3.0
Super built-up  Area,Other,650.0,1,1,26.0,1,1.0
Super built-up  Area,Other,1410.0,2,2,45.12,0,3.0
Super built-up  Area,Other,2000.0,3,3,207.0,0,3.0
Plot  Area,Other,1050.0,2,0,110.0,1,2.0
Super built-up  Area,Other,1130.0,3,1,38.0,1,3.0
Super built-up  Area,Other,2204.0,2,3,305.0,1,3.0
Built-up  Area,Other,900.0,2,1,45.0,1,2.0
Super built-up  Area,Other,1550.0,2,3,70.0,1,3.0
Super built-up  Area,Other,916.0,2,1,42.0,1,2.0
Super built-up  Area,Other,1358.0,3,3,50.0,1,3.0
Super built-up  Area,Other,1936.0,2,2,54.21,0,3.0
Built-up  Area,Other,1685.0,2,1,110.0,1,3.0
Built-up  Area,Other,850.0,2,1,33.0,1,2.0
Super built-up  Area,Other,1550.0,3,3,110.0,0,3.0
Built-up  Area,Other,500.0,1,0,20.0,1,1.0
Built-up  Area,Other,1146.0,2,1,38.5,1,2.0
Super built-up  Area,Other,3155.0,4,2,370.0,1,3.0
Super built-up  Area,Other,1765.0,3,3,105.0,1,3.0
Super built-up  Area,Other,1265.0,2,3,70.0,1,2.0
Built-up  Area,Other,1012.0,2,1,59.0,1,2.0
Super built-up  Area,Other,2045.0,4,3,154.0,1,3.0
Built-up  Area,Other,4400.0,9,0,120.0,1,7.0
Plot  Area,Other,2400.0,4,2,280.0,1,6.0
Super built-up  Area,Other,581.91,2,1,25.0,1,1.0
Plot  Area,Other,1158.0,2,2,85.0,1,3.0
Super built-up  Area,Other,925.0,2,2,51.0,0,2.0
Built-up  Area,Other,1415.0,2,3,110.0,1,2.0
Super built-up  Area,Other,1210.0,2,2,60.0,1,2.0
Built-up  Area,Other,1100.0,2,2,55.0,1,2.0
Super built-up  Area,Other,4750.0,5,0,600.0,1,4.0
Plot  Area,Other,1350.0,3,3,195.0,1,3.0
Plot  Area,Other,2400.0,5,2,350.0,1,4.0
Super built-up  Area,Other,1840.0,3,2,155.0,1,3.0
Plot  Area,Other,1350.0,2,1,185.0,1,2.0
Built-up  Area,Other,824.0,2,0,60.0,1,2.0
Super built-up  Area,Other,1340.0,2,1,100.0,0,3.0
Built-up  Area,Other,1620.0,2,1,110.0,1,3.0
Built-up  Area,Other,1533.0,3,2,115.0,1,3.0
Plot  Area,Other,2800.0,3,2,500.0,1,4.0
Built-up  Area,Other,1560.0,3,2,85.0,1,3.0
Super built-up  Area,Other,1375.0,2,3,48.06,1,3.0
Super built-up  Area,Other,750.0,1,2,25.0,1,1.0
Super built-up  Area,Other,1375.0,2,3,85.0,1,3.0
Plot  Area,Other,3800.0,3,0,580.0,1,3.0
Built-up  Area,Other,1095.0,2,0,40.0,1,2.0
Super built-up  Area,Other,1440.0,2,2,60.33,0,3.0
Super built-up  Area,Other,1200.0,2,1,49.5,1,2.0
Super built-up  Area,Other,975.0,2,1,43.0,1,2.0
Super built-up  Area,Other,2800.0,4,2,200.0,1,5.0
Super built-up  Area,Other,900.0,2,2,42.0,1,2.0
Built-up  Area,Other,1500.0,3,2,88.0,1,3.0
Built-up  Area,Other,1010.0,2,2,46.0,1,2.0
Super built-up  Area,Other,1140.0,2,1,76.0,1,2.0
Super built-up  Area,Other,1198.0,2,1,84.0,1,2.0
Built-up  Area,Other,4000.0,4,1,520.0,1,4.0
Plot  Area,Other,1470.0,4,2,34.5,1,4.0
Built-up  Area,Other,1370.0,2,2,75.0,1,2.0
Super built-up  Area,Other,1316.0,2,3,55.5,1,2.0
Super built-up  Area,Other,1050.0,2,1,43.0,0,2.0
Plot  Area,Other,3000.0,2,0,510.0,1,2.0
Plot  Area,Other,2400.0,7,2,110.0,1,6.0
Super built-up  Area,Other,1000.0,1,1,55.0,1,2.0
Plot  Area,Other,1200.0,2,2,125.0,1,2.0
Built-up  Area,Other,1200.0,2,2,50.0,1,2.0
Super built-up  Area,Other,1313.0,2,1,58.27,0,2.0
Super built-up  Area,Other,936.0,2,2,42.0,1,2.0
Built-up  Area,Other,1050.0,1,1,70.0,1,1.0
Plot  Area,Other,1200.0,2,0,80.0,1,3.0
Super built-up  Area,Other,1200.0,4,3,169.0,1,4.0
Super built-up  Area,Other,1256.0,2,1,60.0,1,2.0
Built-up  Area,Other,1020.0,2,1,37.0,1,2.0
Super built-up  Area,Other,3025.0,3,0,500.0,1,3.0
Built-up  Area,Other,830.0,2,0,34.0,1,2.0
Super built-up  Area,Other,1210.0,2,2,40.0,1,2.0
Plot  Area,Other,1865.0,3,3,350.0,1,3.0
Super built-up  Area,Other,1520.0,2,3,62.0,1,2.0
Built-up  Area,Other,2300.0,3,0,80.0,1,3.0
Built-up  Area,Other,400.0,1,0,14.0,1,1.0
Super built-up  Area,Other,946.0,2,1,38.0,0,2.0
Plot  Area,Other,1575.0,4,0,150.0,1,5.0
Built-up  Area,Other,860.0,1,1,43.0,1,2.0
Super built-up  Area,Other,3750.0,3,0,550.0,1,4.0
Built-up  Area,Other,4800.0,5,3,629.0,1,4.0
Super built-up  Area,Other,1200.0,2,2,70.0,1,2.0
Built-up  Area,Other,1700.0,3,0,80.0,1,3.0
Super built-up  Area,Other,1100.0,2,1,60.0,1,2.0
Plot  Area,Other,6040.0,4,0,170.0,1,5.0
Super built-up  Area,Other,1300.0,2,1,79.0,1,2.0
Super built-up  Area,Other,1311.0,2,2,48.0,1,2.0
Super built-up  Area,Other,3500.0,4,3,350.0,1,4.0
Super built-up  Area,Other,1400.0,2,2,55.0,1,3.0
Built-up  Area,Other,1000.0,2,0,110.0,1,3.0
Built-up  Area,Other,1942.0,3,2,102.0,1,3.0
Built-up  Area,Other,1000.0,2,2,53.0,1,2.0
Super built-up  Area,Other,950.0,2,2,45.0,1,2.0
Super built-up  Area,Other,1022.0,2,2,52.0,1,2.0
Plot  Area,Other,2000.0,3,2,25.0,1,4.0
Super built-up  Area,Other,990.0,2,1,44.55,0,2.0
Built-up  Area,Other,2400.0,3,1,260.0,1,3.0
Built-up  Area,Other,2770.0,3,1,460.0,1,3.0
Super built-up  Area,Other,1533.0,3,2,85.0,1,3.0
Super built-up  Area,Other,1475.0,3,2,70.0,1,3.0
Built-up  Area,Other,1135.0,2,3,55.0,1,2.0
Plot  Area,Other,1200.0,3,3,225.0,1,3.0
Super built-up  Area,Other,1452.55,2,3,110.0,1,2.0
Built-up  Area,Other,2357.0,3,2,151.0,1,3.0
Super built-up  Area,Other,1170.0,2,3,105.0,1,2.0
Super built-up  Area,Other,1411.0,3,2,91.72,0,3.0
Super built-up  Area,Other,1200.0,3,2,44.0,1,2.0
Super built-up  Area,Other,3095.0,3,3,375.0,1,3.0
Built-up  Area,Other,1350.0,2,1,67.5,1,2.0
Plot  Area,Other,1100.0,3,1,78.0,1,3.0
Super built-up  Area,Other,1240.0,2,0,43.79,0,2.0
Super built-up  Area,Other,3600.0,4,0,365.0,1,4.0
Built-up  Area,Other,4000.0,4,3,170.0,1,4.0
Built-up  Area,Other,1945.0,3,3,120.0,1,3.0
Super built-up  Area,Other,1465.0,2,3,74.72,0,3.0
Super built-up  Area,Other,1650.0,3,1,165.0,1,3.0
Plot  Area,Other,1500.0,5,1,230.0,1,4.0
Plot  Area,Other,1550.0,2,1,150.0,1,3.0
Super built-up  Area,Other,1360.0,2,1,59.27,1,3.0
Built-up  Area,Other,1150.0,2,1,75.0,1,3.0
Plot  Area,Other,1200.0,3,1,74.0,1,3.0
Super built-up  Area,Other,1229.0,3,1,86.03,1,3.0
Built-up  Area,Other,1030.0,2,3,61.0,1,2.0
Built-up  Area,Other,600.0,1,0,32.0,1,1.0
Super built-up  Area,Other,2720.0,4,1,485.0,0,4.0
Super built-up  Area,Other,1165.0,2,1,135.0,1,2.0
Super built-up  Area,Other,1107.0,2,2,33.0,1,2.0
Super built-up  Area,Other,1520.0,3,3,80.0,1,3.0
Built-up  Area,Other,3000.0,4,2,240.0,1,4.0
Super built-up  Area,Other,1050.0,2,1,38.0,1,2.0
Super built-up  Area,Other,1315.0,2,2,90.0,1,2.0
Super built-up  Area,Other,1210.0,2,2,72.0,1,2.0
Super built-up  Area,Other,1215.0,3,1,42.2,0,3.0
Built-up  Area,Other,1445.0,3,2,64.0,1,3.0
Super built-up  Area,Other,1170.0,2,2,68.0,1,2.0
Plot  Area,Other,1600.0,2,2,110.0,1,2.0
Built-up  Area,Other,955.0,1,2,34.01,1,2.0
Super built-up  Area,Other,1370.0,2,2,75.0,1,3.0
Super built-up  Area,Other,1187.0,2,2,45.0,1,2.0
Super built-up  Area,Other,1980.0,3,2,224.0,0,3.0
Super built-up  Area,Other,1100.0,2,1,38.45,1,2.0
Super built-up  Area,Other,1700.0,3,1,97.0,1,3.0
Super built-up  Area,Other,1900.0,3,3,160.0,1,3.0
Super built-up  Area,Other,1360.0,3,3,55.0,1,3.0
Built-up  Area,Other,1100.0,2,1,75.0,1,2.0
Built-up  Area,Other,1929.0,3,2,115.0,1,3.0
Built-up  Area,Other,3161.0,4,3,214.0,1,4.0
Built-up  Area,Other,1020.0,2,2,40.0,1,2.0
Plot  Area,Other,3515.0,3,1,420.0,1,3.0
Super built-up  Area,Other,1051.0,2,1,33.0,1,2.0
Super built-up  Area,Other,1100.0,2,1,70.0,1,2.0
Plot  Area,Other,2400.0,7,3,355.0,1,7.0
Super built-up  Area,Other,1455.0,2,2,56.0,1,3.0
Built-up  Area,Other,4200.0,4,2,255.0,1,4.0
Plot  Area,Other,1200.0,2,0,55.0,1,2.0
Super built-up  Area,Other,700.0,1,1,41.0,1,1.0
Super built-up  Area,Other,1300.0,2,1,49.0,1,3.0
Built-up  Area,Other,1400.0,2,1,67.0,1,2.0
Super built-up  Area,Other,1200.0,2,0,53.0,1,2.0
Super built-up  Area,Other,1535.0,3,1,55.0,1,3.0
Plot  Area,Other,3000.0,3,0,250.0,1,3.0
Super built-up  Area,Other,1100.0,2,3,61.0,1,2.0
Plot  Area,Other,1260.0,1,0,41.0,1,1.0
Plot  Area,Other,1500.0,1,0,37.5,1,1.0
Built-up  Area,Other,600.0,1,1,17.0,1,1.0
Built-up  Area,Other,1360.0,2,2,65.0,1,3.0
Super built-up  Area,Other,1165.0,2,2,75.0,1,2.0
Plot  Area,Other,1272.0,4,0,75.0,1,3.0
Built-up  Area,Other,965.0,2,1,45.0,1,2.0
Plot  Area,Other,1600.0,5,2,140.0,1,5.0
Built-up  Area,Other,1277.0,2,2,38.0,1,2.0
Super built-up  Area,Other,780.0,2,2,25.0,1,2.0
Super built-up  Area,Other,1000.0,2,1,65.0,1,3.0
Super built-up  Area,Other,1121.0,2,1,43.72,1,2.0
Plot  Area,Other,2400.0,4,2,325.0,1,3.0
Super built-up  Area,Other,674.0,1,1,19.9,0,2.0
Built-up  Area,Other,1463.0,1,1,142.0,1,2.0
Super built-up  Area,Other,1306.0,2,2,58.0,1,3.0
Super built-up  Area,Other,2401.0,3,2,185.0,1,3.0
Built-up  Area,Other,1875.0,2,3,235.0,1,3.0
Super built-up  Area,Other,1225.0,2,2,47.0,0,2.0
Built-up  Area,Other,890.0,1,1,75.0,1,1.0
Super built-up  Area,Other,1110.0,2,2,51.0,1,2.0
Plot  Area,Other,1300.0,2,0,54.0,0,2.0
Plot  Area,Other,2400.0,3,2,290.0,1,3.0
Built-up  Area,Other,960.0,2,2,32.0,1,2.0
Super built-up  Area,Other,1690.0,3,2,100.0,1,3.0
Built-up  Area,Other,799.0,2,1,38.0,1,2.0
Super built-up  Area,Other,1355.0,3,1,61.0,1,3.0
Plot  Area,Other,1350.0,2,0,90.0,1,2.0
Super built-up  Area,Other,1460.0,3,2,88.0,1,3.0
Super built-up  Area,Other,1685.0,3,2,95.0,1,3.0
Plot  Area,Other,800.0,1,0,52.0,0,1.0
Plot  Area,Other,4000.0,5,1,280.0,1,4.0
Super built-up  Area,Other,1100.0,2,0,53.0,0,2.0
Plot  Area,Other,792.0,2,1,70.0,1,2.0
Super built-up  Area,Other,2000.0,4,1,103.0,1,5.0
Built-up  Area,Other,1147.0,2,1,54.0,1,2.0
Plot  Area,Other,2400.0,5,2,235.0,1,5.0
Built-up  Area,Other,2100.0,3,1,75.0,1,3.0
Super built-up  Area,Other,1215.0,2,2,46.5,0,3.0
Plot  Area,Other,461.82,1,1,31.7,1,1.0
Plot  Area,Other,1500.0,2,0,85.0,0,3.0
Super built-up  Area,Other,1065.0,2,3,50.0,1,2.0
Super built-up  Area,Other,1205.0,2,2,42.18,0,2.0
Super built-up  Area,Other,1260.0,2,1,75.0,1,2.0
Built-up  Area,Other,1199.0,2,2,50.0,0,2.0
Super built-up  Area,Other,12000.0,12,0,525.0,1,10.0
Super built-up  Area,Other,1070.0,2,2,33.0,1,2.0
Built-up  Area,Other,2820.0,3,0,285.0,1,3.0
Built-up  Area,Other,1950.0,3,2,130.0,1,3.0
Super built-up  Area,Other,1326.0,2,1,62.17,0,2.0
Super built-up  Area,Other,1350.0,2,2,140.0,1,3.0
Plot  Area,Other,4051.0,4,3,345.0,1,4.0
Super built-up  Area,Other,2100.0,3,3,170.0,1,3.0
Built-up  Area,Other,1991.0,3,2,160.0,1,3.0
Built-up  Area,Other,1234.0,2,1,61.0,0,2.0
Built-up  Area,Other,1200.0,3,2,66.0,1,3.0
Built-up  Area,Other,2220.0,4,2,65.0,1,3.0
Plot  Area,Other,3000.0,4,3,342.0,0,4.0
Plot  Area,Other,2400.0,6,0,245.0,1,6.0
Built-up  Area,Other,1069.0,2,0,55.0,1,2.0
Plot  Area,Other,1375.0,2,1,105.0,1,2.0
Super built-up  Area,Other,1693.0,3,2,108.0,0,3.0
Super built-up  Area,Other,1160.0,2,1,41.75,1,2.0
Plot  Area,Other,1200.0,3,0,200.0,1,3.0
Super built-up  Area,Other,1175.0,2,1,48.0,1,2.0
Built-up  Area,Other,600.0,2,1,23.0,1,2.0
Super built-up  Area,Other,1364.0,2,2,70.0,1,2.0
Super built-up  Area,Other,1150.0,2,2,77.5,1,3.0
Super built-up  Area,Other,1146.0,2,1,39.5,1,2.0
Super built-up  Area,Other,1110.0,2,2,41.0,1,2.0
Built-up  Area,Other,1156.0,2,2,49.5,1,2.0
Super built-up  Area,Other,1058.0,2,2,60.0,1,2.0
Built-up  Area,Other,900.0,1,1,30.0,1,1.0
Super built-up  Area,Other,1672.0,3,2,150.0,1,3.0
Super built-up  Area,Other,1500.0,2,2,65.0,1,3.0
Super built-up  Area,Other,1400.0,2,2,65.0,1,2.0
Built-up  Area,Other,1250.0,3,2,139.0,1,3.0
Super built-up  Area,Other,1468.0,3,2,130.0,1,2.0
Super built-up  Area,Other,1166.0,2,1,53.0,1,2.0
Built-up  Area,Other,900.0,2,3,46.0,1,2.0
Built-up  Area,Other,1190.0,3,1,55.0,1,3.0
Built-up  Area,Other,1480.0,2,0,145.0,1,3.0
Super built-up  Area,Other,1500.0,3,2,65.0,1,3.0
Super built-up  Area,Other,820.0,2,2,24.0,1,2.0
Super built-up  Area,Other,2280.0,3,0,285.0,1,3.0
Super built-up  Area,Other,2000.0,3,2,200.0,0,3.0
Super built-up  Area,Other,1033.0,2,2,32.0,0,3.0
Built-up  Area,Other,1460.0,2,3,73.0,1,3.0
Super built-up  Area,Other,1080.0,2,2,75.0,1,3.0
Super built-up  Area,Other,2400.0,2,1,150.0,1,3.0
Built-up  Area,Other,1070.0,2,1,35.0,1,2.0
Super built-up  Area,Other,1125.0,2,1,75.0,1,2.0
Built-up  Area,Other,1596.0,3,0,95.0,1,3.0
Built-up  Area,Other,1639.0,3,3,123.0,1,3.0
Super built-up  Area,Other,920.0,2,3,37.0,1,2.0
Super built-up  Area,Other,1740.0,3,2,199.0,1,3.0
Carpet  Area,Other,1372.0,2,1,90.0,1,3.0
Built-up  Area,Other,885.0,2,3,40.0,1,2.0
Super built-up  Area,Other,6200.0,5,0,720.0,1,5.0
Super built-up  Area,Other,1490.0,2,1,59.6,1,3.0
Built-up  Area,Other,1650.0,4,0,99.0,1,4.0
Built-up  Area,Other,925.0,2,2,63.0,1,2.0
Plot  Area,Other,1200.0,3,1,95.0,1,4.0
Plot  Area,Other,1200.0,2,0,79.0,1,2.0
Super built-up  Area,Other,2500.0,3,0,270.0,0,3.0
Plot  Area,Other,1584.0,3,2,145.0,1,4.0
Super built-up  Area,Other,1570.0,3,1,115.0,1,3.0
Built-up  Area,Other,3000.0,3,3,400.0,1,3.0
Built-up  Area,Other,2400.0,6,0,130.0,1,6.0
Super built-up  Area,Other,1680.0,3,2,85.0,1,3.0
Super built-up  Area,Other,1464.0,2,2,56.0,1,2.0
Built-up  Area,Other,1750.0,3,1,180.0,1,3.0
Plot  Area,Other,1500.0,1,0,160.0,1,2.0
Plot  Area,Other,2100.0,6,0,275.0,1,6.0
Built-up  Area,Other,1200.0,2,3,50.0,1,2.0
Built-up  Area,Other,705.0,1,2,36.5,1,1.0
Super built-up  Area,Other,1340.0,3,3,77.0,1,3.0
Super built-up  Area,Other,1800.0,3,2,70.0,1,3.0
Super built-up  Area,Other,925.0,2,3,42.0,1,2.0
Super built-up  Area,Other,1230.0,2,2,57.0,1,2.0
Plot  Area,Other,1260.0,1,1,41.0,1,1.0
Plot  Area,Other,1200.0,2,1,216.0,1,2.0
Plot  Area,Other,1200.0,2,1,125.0,1,2.0
Built-up  Area,Other,1270.0,2,1,175.0,1,4.0
Built-up  Area,Other,700.0,1,1,162.0,1,1.0
Plot  Area,Other,1200.0,3,2,130.0,1,3.0
Super built-up  Area,Other,3595.0,6,2,360.0,0,4.0
Super built-up  Area,Other,1100.0,2,1,39.5,1,2.0
Super built-up  Area,Other,2500.0,3,2,425.0,1,3.0
Super built-up  Area,Other,3100.0,5,1,385.0,1,4.0
Super built-up  Area,Other,1219.0,2,2,40.0,1,2.0
Plot  Area,Other,1200.0,4,1,150.0,1,4.0
Plot  Area,Other,3259.0,3,0,270.0,1,3.0
Super built-up  Area,Other,3200.0,3,3,190.0,1,4.0
Super built-up  Area,Other,970.0,2,1,40.0,1,2.0
Built-up  Area,Other,596.0,1,1,42.0,1,1.0
Super built-up  Area,Other,10000.0,16,0,550.0,1,16.0
Plot  Area,Other,1200.0,4,3,110.0,1,4.0
Super built-up  Area,Other,1910.0,3,1,190.0,1,3.0
Built-up  Area,Other,1405.0,2,2,70.0,1,3.0
Super built-up  Area,Other,1800.0,3,3,65.0,1,3.0
Built-up  Area,Other,1750.0,3,3,149.0,1,3.0
Super built-up  Area,Other,1360.0,2,1,65.0,1,3.0
Super built-up  Area,Other,985.0,2,1,63.0,0,2.0
Super built-up  Area,Other,1300.0,2,1,129.0,0,2.0
Super built-up  Area,Other,1490.0,2,3,88.0,1,3.0
Super built-up  Area,Other,620.0,1,1,25.0,1,2.0
Plot  Area,Other,4428.0,4,2,255.0,1,4.0
Super built-up  Area,Other,1301.0,2,2,55.0,1,2.0
Super built-up  Area,Other,650.0,1,0,30.0,1,1.0
Super built-up  Area,Other,1500.0,2,2,89.99,1,3.0
Plot  Area,Other,2700.0,6,0,675.0,1,4.0
Plot  Area,Other,1350.0,4,2,145.0,1,4.0
Super built-up  Area,Other,910.0,1,1,42.0,1,1.0
Super built-up  Area,Other,1250.0,3,2,39.0,0,3.0
Plot  Area,Other,4800.0,4,0,700.0,0,4.0
Built-up  Area,Other,532.0,1,1,22.49,1,1.0
Super built-up  Area,Other,1060.0,3,1,62.0,1,3.0
Super built-up  Area,Other,902.0,2,2,42.0,1,2.0
Super built-up  Area,Other,1550.0,2,3,160.0,1,2.0
Super built-up  Area,Other,1374.0,2,2,70.0,1,3.0
Super built-up  Area,Other,2145.0,4,0,125.0,1,4.0
Built-up  Area,Other,1080.0,2,1,55.0,1,2.0
Built-up  Area,Other,1000.0,2,1,80.0,1,2.0
Super built-up  Area,Other,1240.0,2,2,52.6,1,2.0
Built-up  Area,Other,1500.0,2,0,97.0,0,3.0
Super built-up  Area,Other,1865.0,4,2,140.0,0,3.0
Super built-up  Area,Other,1200.0,2,2,49.0,0,2.0
Built-up  Area,Other,3500.0,4,2,245.0,1,4.0
Carpet  Area,Other,1203.0,2,1,59.86,1,2.0
Super built-up  Area,Other,1600.0,3,2,76.0,1,3.0
Plot  Area,Other,815.0,3,2,160.0,1,2.0
Super built-up  Area,Other,1134.0,2,1,40.0,1,2.0
Super built-up  Area,Other,1320.0,2,2,73.0,0,3.0
Plot  Area,Other,2150.0,6,3,205.0,1,6.0
Super built-up  Area,Other,1100.0,2,2,56.1,0,2.0
Built-up  Area,Other,2400.0,5,2,120.0,1,5.0
Plot  Area,Other,1200.0,4,2,300.0,1,4.0
Plot  Area,Other,675.0,3,1,52.0,1,2.0
Super built-up  Area,Other,1801.0,3,2,139.0,1,3.0
Built-up  Area,Other,1350.0,2,2,65.0,1,3.0
Built-up  Area,Other,2990.0,4,0,324.0,1,4.0
Plot  Area,Other,2400.0,2,1,160.0,1,2.0
Super built-up  Area,Other,1250.0,3,2,40.0,0,3.0
Built-up  Area,Other,1150.0,2,1,75.0,0,2.0
Plot  Area,Other,1200.0,3,2,165.0,1,3.0
Super built-up  Area,Other,1400.0,2,2,62.0,1,3.0
Super built-up  Area,Other,1488.0,2,3,60.0,1,3.0
Plot  Area,Other,4500.0,9,0,166.0,1,9.0
Built-up  Area,Other,1853.0,3,2,82.0,1,3.0
Super built-up  Area,Other,861.0,2,1,35.0,1,2.0
Built-up  Area,Other,1256.0,2,1,62.8,1,2.0
Super built-up  Area,Other,1390.0,2,2,80.0,1,3.0
Super built-up  Area,Other,1550.0,2,0,90.0,1,3.0
Built-up  Area,Other,1310.0,2,1,37.83,0,3.0
Built-up  Area,Other,2350.0,3,2,400.0,1,3.0
Plot  Area,Other,2400.0,4,0,500.0,1,4.0
Super built-up  Area,Other,1080.0,2,2,39.0,1,2.0
Plot  Area,Other,1500.0,4,0,110.0,1,4.0
Built-up  Area,Other,1531.0,3,2,72.0,0,3.0
Super built-up  Area,Other,1839.0,3,3,165.0,1,3.0
Plot  Area,Other,4200.0,4,1,760.0,1,4.0
Built-up  Area,Other,1200.0,2,2,55.0,1,2.0
Super built-up  Area,Other,900.0,2,1,70.0,1,2.0
Super built-up  Area,Other,1200.0,6,3,70.0,1,4.0
Plot  Area,Other,1500.0,3,2,149.0,1,3.0
Built-up  Area,Other,1650.0,2,1,52.0,1,3.0
Built-up  Area,Other,1100.0,2,1,38.0,1,2.0
Plot  Area,Other,750.0,2,0,50.0,1,1.0
Built-up  Area,Other,600.0,3,2,75.0,1,2.0
Built-up  Area,Other,1605.0,2,3,85.0,1,3.0
Super built-up  Area,Other,1205.0,2,2,60.0,1,2.0
Plot  Area,Other,1200.0,3,1,46.14,0,2.0
Super built-up  Area,Other,1500.0,1,1,19.5,1,1.0
Plot  Area,Other,2360.0,4,2,600.0,0,4.0
Super built-up  Area,Other,1125.0,2,1,44.0,1,2.0
Plot  Area,Other,1200.0,2,0,70.0,1,2.0
Plot  Area,Other,1200.0,2,1,160.0,1,2.0
Super built-up  Area,Other,1904.0,3,3,155.0,1,3.0
Super built-up  Area,Other,2770.0,4,3,315.0,1,3.0
Built-up  Area,Other,813.0,1,1,39.0,0,1.0
Plot  Area,Other,3884.0,4,3,240.0,1,4.0
Plot  Area,Other,4750.0,2,1,120.0,1,4.0
Super built-up  Area,Other,1630.0,2,2,97.78,1,3.0
Built-up  Area,Other,1090.0,2,1,36.0,1,2.0
Built-up  Area,Other,2425.0,4,3,173.0,1,4.0
Super built-up  Area,Other,1150.0,2,1,56.0,0,2.0
Super built-up  Area,Other,1141.0,2,2,49.0,1,2.0
Super built-up  Area,Other,936.0,2,2,43.0,1,2.0
Built-up  Area,Other,1280.0,2,1,75.0,1,2.0
Super built-up  Area,Other,735.0,1,1,75.0,1,1.0
Built-up  Area,Other,500.0,1,0,24.0,1,1.0
Built-up  Area,Other,1100.0,2,1,50.0,1,2.0
Plot  Area,Other,1200.0,4,0,145.0,1,3.0
Plot  Area,Other,1200.0,2,1,100.0,1,2.0
Plot  Area,Other,1200.0,3,1,160.0,1,3.0
Super built-up  Area,Other,1265.0,2,1,82.0,1,3.0
Built-up  Area,Other,3200.0,5,1,150.0,0,4.0
Super built-up  Area,Other,1196.0,2,2,56.81,1,2.0
Built-up  Area,Other,1850.0,3,3,98.0,1,3.0
Plot  Area,Other,2360.0,4,2,150.0,0,4.0
Super built-up  Area,Other,1030.0,2,1,77.25,1,2.0
Super built-up  Area,Other,1512.0,1,2,65.01,1,2.0
Super built-up  Area,Other,2000.0,3,2,160.0,1,3.0
Built-up  Area,Other,1575.0,3,2,93.0,0,3.0
Built-up  Area,Other,1300.0,2,2,70.0,1,3.0
Carpet  Area,Other,975.0,2,2,50.0,1,2.0
Super built-up  Area,Other,1380.0,2,1,75.0,1,2.0
Super built-up  Area,Other,5800.0,5,0,80.0,0,5.0
Built-up  Area,Other,1000.0,2,2,45.0,1,2.0
Super built-up  Area,Other,3000.0,5,2,100.0,1,4.0
Super built-up  Area,Other,1080.0,2,1,45.0,1,2.0
Plot  Area,Other,3100.0,3,3,250.0,1,3.0
Plot  Area,Other,2100.0,7,0,410.0,1,7.0
Built-up  Area,Other,1190.0,2,2,100.0,1,2.0
Super built-up  Area,Other,1827.0,3,3,100.0,1,3.0
Super built-up  Area,Other,1500.0,3,3,95.0,1,3.0
Super built-up  Area,Other,1180.0,2,2,63.0,1,2.0
Super built-up  Area,Other,1300.0,3,2,47.0,0,3.0
Built-up  Area,Other,1155.0,2,0,60.0,1,3.0
Built-up  Area,Other,1540.0,3,2,68.0,1,3.0
Super built-up  Area,Other,1206.0,2,3,38.5,1,2.0
Super built-up  Area,Other,1645.0,3,2,95.0,1,3.0
Plot  Area,Other,1200.0,4,2,170.0,1,4.0
Plot  Area,Other,1200.0,4,1,140.0,1,4.0
Super built-up  Area,Other,1200.0,2,1,55.0,1,3.0
Super built-up  Area,Other,1161.0,2,2,36.69,0,2.0
Super built-up  Area,Other,1097.0,2,3,65.0,1,2.0
Plot  Area,Other,2400.0,4,0,550.0,1,4.0
Super built-up  Area,Other,6600.0,4,0,986.0,1,4.0
Built-up  Area,Other,1600.0,3,1,165.0,1,4.0
Built-up  Area,Other,620.0,2,1,22.0,1,2.0
Built-up  Area,Other,900.0,2,2,110.0,1,2.0
Built-up  Area,Other,1200.0,2,1,125.0,1,2.0
Super built-up  Area,Other,1355.0,2,3,75.0,1,2.0
Plot  Area,Other,7500.0,4,2,900.0,0,4.0
Super built-up  Area,Other,1280.0,2,1,49.75,1,2.0
Built-up  Area,Other,4200.0,1,2,160.0,1,2.0
Plot  Area,Other,1650.0,3,1,300.0,1,4.0
Super built-up  Area,Other,4104.0,4,3,360.0,1,4.0
Super built-up  Area,Other,1215.0,2,2,49.85,0,2.0
Super built-up  Area,Other,1076.0,2,2,52.0,1,2.0
Plot  Area,Other,2080.0,2,1,150.0,1,2.0
Super built-up  Area,Other,1505.0,2,2,90.0,1,2.0
Plot  Area,Other,1200.0,3,3,95.75,1,3.0
Super built-up  Area,Other,1810.0,4,3,148.0,1,3.0
Super built-up  Area,Other,1250.0,2,3,39.0,1,2.0
Super built-up  Area,Other,1530.0,2,1,97.0,1,3.0
Built-up  Area,Other,1500.0,3,2,70.0,1,3.0
Plot  Area,Other,2000.0,5,0,80.0,1,4.0
Plot  Area,Other,1500.0,2,1,130.0,1,3.0
Super built-up  Area,Other,1600.0,3,3,72.0,1,3.0
Plot  Area,Other,2100.0,6,2,71.0,1,6.0
Super built-up  Area,Other,2500.0,3,3,75.0,1,3.0
Super built-up  Area,Other,1400.0,2,2,80.0,1,2.0
Super built-up  Area,Other,1533.0,3,2,150.0,1,3.0
Super built-up  Area,Other,1100.0,2,2,38.0,1,2.0
Super built-up  Area,Other,3730.0,6,2,450.0,1,4.0
Plot  Area,Other,2400.0,9,3,350.0,1,8.0
Super built-up  Area,Other,745.0,2,0,50.0,1,2.0
Built-up  Area,Other,1460.0,3,2,70.0,1,3.0
Super built-up  Area,Other,1355.0,2,1,95.0,0,2.0
Super built-up  Area,Other,833.0,1,1,49.0,1,1.0
Plot  Area,Other,1750.0,5,1,450.0,1,5.0
Plot  Area,Other,3250.0,5,1,850.0,1,4.0
Super built-up  Area,Other,1037.0,2,1,36.28,1,2.0
Super built-up  Area,Other,3000.0,5,0,270.0,1,4.0
Built-up  Area,Other,1220.0,2,2,68.0,1,2.0
Plot  Area,Other,3811.0,3,2,475.0,1,4.0
Plot  Area,Other,1095.0,3,0,215.0,1,3.0
Super built-up  Area,Other,1545.0,3,3,85.0,1,3.0
Built-up  Area,Other,780.0,2,1,35.0,1,2.0
Plot  Area,Other,1350.0,2,1,110.0,1,2.0
Super built-up  Area,Other,1350.0,2,2,41.0,1,2.0
Super built-up  Area,Other,1200.0,2,1,68.0,1,3.0
Super built-up  Area,Other,1150.0,2,2,49.0,0,2.0
Plot  Area,Other,2000.0,4,2,180.0,1,5.0
Super built-up  Area,Other,1096.0,2,2,48.0,1,2.0
Super built-up  Area,Other,1094.0,2,1,44.0,1,2.0
Super built-up  Area,Other,1100.0,2,2,49.0,1,2.0
Built-up  Area,Other,1280.0,4,1,115.0,1,4.0
Plot  Area,Other,4470.0,3,0,700.0,1,3.0
Plot  Area,Other,1200.0,3,0,85.0,1,3.0
Super built-up  Area,Other,1086.0,2,1,47.5,1,2.0
Super built-up  Area,Other,1655.0,3,2,155.0,1,3.0
Super built-up  Area,Other,1150.0,2,1,74.0,0,2.0
Built-up  Area,Other,1440.0,3,2,65.8,1,3.0
Plot  Area,Other,1200.0,2,0,108.0,1,3.0
Super built-up  Area,Other,1200.0,2,2,75.0,1,2.0
Built-up  Area,Other,1225.0,3,3,60.0,1,3.0
Built-up  Area,Other,1550.0,2,1,60.0,1,3.0
Super built-up  Area,Other,1650.0,3,2,75.0,1,3.0
Built-up  Area,Other,1113.0,2,2,46.0,1,2.0
Plot  Area,Other,1500.0,2,0,203.0,1,2.0
Plot  Area,Other,1800.0,2,0,72.0,1,3.0
Plot  Area,Other,1350.0,4,2,85.0,1,4.0
Carpet  Area,Other,4500.0,9,0,500.0,1,9.0
Super built-up  Area,Other,935.0,2,1,32.73,0,2.0
Plot  Area,Other,600.0,3,2,85.0,1,2.0
Built-up  Area,Other,2500.0,5,2,120.0,1,5.0
Built-up  Area,Other,1550.0,3,2,160.0,1,3.0
Built-up  Area,Other,1140.0,2,2,52.0,1,2.0
Carpet  Area,Other,1050.0,2,3,40.0,1,2.0
Plot  Area,Other,1705.0,2,1,290.0,1,3.0
Built-up  Area,Other,1758.0,3,2,95.0,1,3.0
Super built-up  Area,Other,3179.0,5,3,351.0,0,4.0
Super built-up  Area,Other,909.0,2,1,40.0,1,3.0
Built-up  Area,Other,1200.0,3,0,85.0,1,2.0
Plot  Area,Other,1200.0,2,1,34.0,1,2.0
Plot  Area,Other,2400.0,6,2,408.0,1,6.0
Plot  Area,Other,1290.0,1,0,225.0,1,2.0
Built-up  Area,Other,1800.0,3,3,140.0,1,3.0
Built-up  Area,Other,1000.0,2,2,48.0,1,2.0
Super built-up  Area,Other,1095.0,2,2,38.52,0,2.0
Built-up  Area,Other,3900.0,4,0,333.0,0,4.0
Plot  Area,Other,2400.0,4,2,200.0,1,3.0
Super built-up  Area,Other,1645.0,3,2,87.5,1,3.0
Plot  Area,Other,1650.0,4,3,320.0,1,4.0
Super built-up  Area,Other,1252.0,2,2,55.0,1,2.0
Super built-up  Area,Other,2600.0,3,2,140.0,1,3.0
Super built-up  Area,Other,950.0,2,1,60.0,1,2.0
Built-up  Area,Other,2107.0,4,3,95.0,0,4.0
Super built-up  Area,Other,1450.0,3,3,68.0,1,3.0
Super built-up  Area,Other,2431.0,3,1,100.0,1,3.0
Plot  Area,Other,1200.0,4,2,240.0,1,4.0
Super built-up  Area,Other,1155.0,2,3,56.0,1,2.0
Super built-up  Area,Other,1450.0,2,3,62.63,0,2.0
Super built-up  Area,Other,1900.0,3,2,205.0,1,3.0
Built-up  Area,Other,1365.0,3,2,60.0,1,2.0
Super built-up  Area,Other,1402.0,2,2,85.0,1,3.0
Built-up  Area,Other,1550.0,3,1,75.0,1,3.0
Super built-up  Area,Other,2100.0,3,2,240.0,1,3.0
Plot  Area,Other,5000.0,4,2,290.0,1,4.0
Super built-up  Area,Other,1804.0,2,1,285.0,0,2.0
Super built-up  Area,Other,1100.0,2,1,45.0,1,2.0
Plot  Area,Other,1200.0,3,0,140.0,1,3.0
Built-up  Area,Other,814.0,2,1,55.0,1,2.0
Built-up  Area,Other,1100.0,2,2,44.0,1,2.0
Plot  Area,Other,2400.0,5,2,400.0,1,5.0
Super built-up  Area,Other,830.0,2,2,37.0,1,2.0
Super built-up  Area,Other,1590.0,3,0,120.0,1,3.0
Super built-up  Area,Other,3754.0,6,2,430.0,1,4.0
Built-up  Area,Other,1100.0,2,1,48.0,0,2.0
Super built-up  Area,Other,1230.0,2,2,53.51,1,3.0
Super built-up  Area,Other,1450.0,2,3,89.6,0,3.0
Super built-up  Area,Other,1200.0,4,1,230.0,1,4.0
Built-up  Area,Other,1340.0,2,3,77.0,1,2.0
Plot  Area,Other,12000.0,9,0,1900.0,0,8.0
Built-up  Area,Other,1135.0,2,2,32.91,1,2.0
Built-up  Area,Other,1745.0,3,2,77.0,1,3.0
Super built-up  Area,Other,1665.0,3,2,105.0,1,3.0
Super built-up  Area,Other,1220.0,2,2,48.79,0,2.0
Plot  Area,Other,2300.0,4,0,200.0,1,4.0
Super built-up  Area,Other,1210.0,2,1,76.0,0,2.0
Super built-up  Area,Other,1100.0,2,1,46.0,1,2.0
Built-up  Area,Other,1286.0,3,1,67.0,0,3.0
Built-up  Area,Other,1141.0,2,2,40.0,1,2.0
Plot  Area,Other,2250.0,5,1,360.0,1,5.0
Carpet  Area,Other,1140.0,2,3,45.0,1,2.0
Super built-up  Area,Other,1065.0,2,1,58.0,1,2.0
Super built-up  Area,Other,1082.0,2,0,42.0,1,3.0
Super built-up  Area,Other,1290.0,2,3,40.63,0,2.0
Built-up  Area,Other,1636.0,3,2,97.0,1,3.0
Super built-up  Area,Other,3600.0,4,3,450.0,1,4.0
Built-up  Area,Other,1450.0,3,3,42.0,1,3.0
Super built-up  Area,Other,1120.0,2,2,40.0,0,2.0
Plot  Area,Other,1200.0,3,2,72.0,0,3.0
Plot  Area,Other,1500.0,2,0,65.0,1,3.0
Super built-up  Area,Other,3000.0,8,0,90.0,1,6.0
Plot  Area,Other,1350.0,2,2,280.0,1,3.0
Super built-up  Area,Other,1100.0,2,2,47.0,1,2.0
Plot  Area,Other,1000.0,1,1,75.0,1,2.0
Super built-up  Area,Other,1388.0,3,3,69.99,1,3.0
Super built-up  Area,Other,1176.0,2,2,44.0,1,2.0
Plot  Area,Other,4830.0,5,1,390.0,1,4.0
Built-up  Area,Other,850.0,2,1,75.0,1,2.0
Carpet  Area,Other,1103.0,2,1,55.0,1,2.0
Built-up  Area,Other,1600.0,3,1,64.0,1,3.0
Built-up  Area,Other,1100.0,2,1,55.0,1,2.0
Super built-up  Area,Other,2065.0,3,2,130.0,1,3.0
Built-up  Area,Other,1150.0,2,2,125.0,1,2.0
Super built-up  Area,Other,1250.0,2,0,59.0,1,2.0
Built-up  Area,Other,1115.0,2,0,46.0,1,2.0
Built-up  Area,Other,2550.0,4,2,290.0,1,3.0
Built-up  Area,Other,3080.0,2,1,285.0,1,4.0
Carpet  Area,Other,1130.0,2,1,52.0,1,2.0
Super built-up  Area,Other,3400.0,6,0,420.0,1,4.0
Super built-up  Area,Other,450.0,1,1,25.0,1,1.0
Super built-up  Area,Other,1100.0,2,1,85.0,1,2.0
Super built-up  Area,Other,1550.0,3,2,258.0,0,3.0
Super built-up  Area,Other,966.0,2,1,49.0,0,2.0
Plot  Area,Other,4400.0,4,1,350.0,1,5.0
Built-up  Area,Other,1550.0,2,2,79.0,1,3.0
Super built-up  Area,Other,1540.0,2,2,70.0,1,3.0
Super built-up  Area,Other,1036.0,2,2,110.0,1,2.0
Super built-up  Area,Other,1070.0,2,2,38.9,0,2.0
Super built-up  Area,Other,1041.0,2,1,36.44,1,2.0
Plot  Area,Other,1376.0,4,1,156.0,1,4.0
Carpet  Area,Other,1150.0,2,0,60.0,1,3.0
Super built-up  Area,Other,1508.0,3,1,75.0,1,3.0
Super built-up  Area,Other,1110.0,2,2,58.0,1,2.0
Super built-up  Area,Other,1950.0,3,2,90.0,1,3.0
Super built-up  Area,Other,1080.0,2,1,62.0,0,2.0
Super built-up  Area,Other,999.0,2,1,43.66,0,2.0
Super built-up  Area,Other,1180.0,2,2,40.0,1,2.0
Plot  Area,Other,2800.0,2,0,650.0,1,2.0
Super built-up  Area,Other,1127.0,2,2,55.0,1,2.0
Built-up  Area,Other,1475.0,2,1,200.0,1,3.0
Plot  Area,Other,1200.0,3,3,96.25,1,3.0
Super built-up  Area,Other,1250.0,2,2,65.0,1,3.0
Super built-up  Area,Other,2631.0,3,0,200.0,1,4.0
Built-up  Area,Other,830.0,2,1,60.0,1,2.0
Super built-up  Area,Other,1500.0,2,2,88.0,1,2.0
Built-up  Area,Other,1518.0,3,2,76.0,0,3.0
Built-up  Area,Other,1495.0,2,2,75.0,1,3.0
Built-up  Area,Other,856.0,2,1,48.0,0,2.0
Super built-up  Area,Other,1143.0,2,1,62.0,1,2.0
Super built-up  Area,Other,1070.0,2,2,33.15,1,2.0
Built-up  Area,Other,1117.0,2,1,110.0,1,2.0
Super built-up  Area,Other,600.0,1,1,43.0,1,1.0
Built-up  Area,Other,7500.0,4,0,425.0,1,4.0
Super built-up  Area,Other,1100.0,2,2,52.0,1,2.0
Plot  Area,Other,1200.0,3,0,70.0,1,3.0
Built-up  Area,Other,2675.0,4,2,290.0,1,4.0
Built-up  Area,Other,1016.0,2,1,45.9,1,2.0
Super built-up  Area,Other,1800.0,3,2,88.0,1,3.0
Super built-up  Area,Other,1062.0,2,2,47.0,1,2.0
Built-up  Area,Other,1477.0,2,2,80.0,1,3.0
Super built-up  Area,Other,3500.0,5,0,450.0,1,4.0
Plot  Area,Other,2080.0,4,2,440.0,1,4.0
Super built-up  Area,Other,1793.0,3,2,98.0,1,3.0
Super built-up  Area,Other,960.0,2,1,33.0,1,2.0
Super built-up  Area,Other,620.0,2,1,23.0,1,2.0
Built-up  Area,Other,1400.0,3,2,35.0,1,3.0
Plot  Area,Other,1020.0,2,1,62.0,0,2.0
Super built-up  Area,Other,3563.0,6,1,310.0,1,4.0
Super built-up  Area,Other,1165.0,2,2,47.0,1,2.0
Built-up  Area,Other,1100.0,2,2,43.5,1,2.0
Super built-up  Area,Other,3300.0,5,3,318.0,1,4.0
Plot  Area,Other,1200.0,3,1,165.0,1,3.0
Plot  Area,Other,1440.0,4,0,88.0,1,4.0
Super built-up  Area,Other,2250.0,3,1,113.0,1,3.0
Super built-up  Area,Other,1250.0,3,2,43.0,0,3.0
Super built-up  Area,Other,1718.0,3,3,223.0,1,3.0
Plot  Area,Other,1500.0,4,3,240.0,1,4.0
Super built-up  Area,Other,1200.0,2,2,75.0,1,3.0
Super built-up  Area,Other,985.0,2,1,55.0,1,2.0
Super built-up  Area,Other,1700.0,2,2,68.5,1,3.0
Super built-up  Area,Other,2000.0,4,1,99.0,1,5.0
Super built-up  Area,Other,1643.0,3,2,75.0,1,3.0
Built-up  Area,Other,1740.0,3,2,55.0,1,3.0
Super built-up  Area,Other,4400.0,3,1,901.0,0,3.0
Built-up  Area,Other,1030.0,2,2,80.0,1,2.0
Super built-up  Area,Other,1852.0,2,0,95.0,1,3.0
Built-up  Area,Other,1150.0,2,2,69.0,0,2.0
Built-up  Area,Other,2600.0,3,1,95.0,1,4.0
Built-up  Area,Other,1350.0,2,3,68.0,1,3.0
Super built-up  Area,Other,1500.0,2,1,90.0,1,3.0
Plot  Area,Other,900.0,2,0,55.0,1,2.0
Built-up  Area,Other,850.0,2,0,35.0,1,2.0
Plot  Area,Other,600.0,4,1,110.0,0,2.0
Super built-up  Area,Other,1250.0,2,1,60.0,1,2.0
Super built-up  Area,Other,970.0,2,2,35.0,0,2.0
Built-up  Area,Other,1148.0,2,1,59.0,1,2.0
Built-up  Area,Other,1750.0,2,1,225.0,1,4.0
Built-up  Area,Other,1350.0,3,1,60.0,1,3.0
Built-up  Area,Other,1100.0,2,1,78.0,1,2.0
Plot  Area,Other,1180.0,2,2,74.0,1,2.0
Built-up  Area,Other,4510.0,4,3,200.0,1,3.0
Super built-up  Area,Other,1540.0,3,2,85.0,1,3.0
Super built-up  Area,Other,1033.0,2,2,31.5,0,3.0
Super built-up  Area,Other,1800.0,3,0,230.0,1,3.0
Super built-up  Area,Other,1200.0,2,2,37.0,1,2.0
Super built-up  Area,Other,2000.0,3,2,120.0,1,3.0
Built-up  Area,Other,2000.0,3,1,145.0,0,3.0
Super built-up  Area,Other,500.0,1,1,15.0,1,1.0
Super built-up  Area,Other,850.0,2,1,42.0,1,2.0
Built-up  Area,Other,1165.0,2,1,33.64,0,2.0
Plot  Area,Other,2230.0,4,1,130.0,1,4.0
Plot  Area,Other,2200.0,5,1,100.0,1,4.0
Super built-up  Area,Other,1519.0,3,2,67.23,1,3.0
Super built-up  Area,Other,2777.29,5,2,650.0,0,3.0
Built-up  Area,Other,3160.0,4,3,206.0,0,4.0
Plot  Area,Other,4920.0,5,2,1150.0,0,4.0
Plot  Area,Other,922.0,2,1,70.0,1,2.0
Built-up  Area,Other,850.0,2,1,72.0,1,2.0
Plot  Area,Other,1200.0,1,0,65.0,1,2.0
Super built-up  Area,Other,1442.0,3,2,56.24,1,3.0
Super built-up  Area,Other,1233.0,2,3,100.0,1,2.0
Super built-up  Area,Other,1840.0,3,3,85.0,1,3.0
Built-up  Area,Other,1100.0,2,2,57.0,1,2.0
Super built-up  Area,Other,1040.0,2,1,46.79,1,2.0
Plot  Area,Other,1200.0,2,0,53.0,1,2.0
Built-up  Area,Other,2050.0,3,1,100.0,1,4.0
Super built-up  Area,Other,800.0,2,2,30.0,1,2.0
Super built-up  Area,Other,1125.0,2,2,36.0,1,2.0
Plot  Area,Other,1936.0,3,0,110.0,1,3.0
Super built-up  Area,Other,1652.5,3,2,90.0,1,3.0
Super built-up  Area,Other,2159.0,3,2,110.0,1,3.0
Plot  Area,Other,2400.0,2,0,480.0,1,3.0
Plot  Area,Other,1500.0,3,2,138.0,1,3.0
Super built-up  Area,Other,700.0,2,0,43.0,1,2.0
Built-up  Area,Other,1750.0,3,3,170.0,1,3.0
Plot  Area,Other,1365.0,3,0,99.0,1,3.0
Built-up  Area,Other,1800.0,3,0,105.0,1,6.0
Plot  Area,Other,900.0,4,2,180.0,1,3.0
Super built-up  Area,Other,708.0,1,1,55.0,1,2.0
Built-up  Area,Other,1680.0,3,3,135.0,1,3.0
Super built-up  Area,Other,990.0,2,2,58.0,1,2.0
Built-up  Area,Other,1240.0,2,1,100.0,1,2.0
Built-up  Area,Other,1810.0,3,3,118.0,1,3.0
Super built-up  Area,Other,2005.0,3,2,240.0,0,3.0
Super built-up  Area,Other,1265.0,2,1,58.0,1,2.0
Built-up  Area,Other,1035.0,2,2,44.0,1,2.0
Built-up  Area,Other,1000.0,2,1,97.0,1,2.0
Plot  Area,Other,2800.0,4,3,100.0,1,6.0
Plot  Area,Other,3500.0,6,2,120.0,1,8.0
Built-up  Area,Other,1430.0,3,1,78.65,1,3.0
Plot  Area,Other,600.0,2,0,30.0,1,2.0
Built-up  Area,Other,1200.0,2,1,45.0,1,1.0
Built-up  Area,Other,1116.0,2,1,37.6,0,2.0
Built-up  Area,Other,1090.0,2,2,45.0,1,2.0
Plot  Area,Other,1260.0,4,2,65.0,1,4.0
Super built-up  Area,Other,2250.0,4,1,400.0,1,4.0
Plot  Area,Other,4000.0,6,3,850.0,1,6.0
Super built-up  Area,Other,1000.0,2,1,36.0,1,2.0
Super built-up  Area,Other,840.0,1,0,75.0,0,1.0
Super built-up  Area,Other,1760.0,2,1,116.0,1,3.0
Built-up  Area,Other,3900.0,5,1,550.0,1,4.0
Super built-up  Area,Other,3317.5,5,0,268.5,1,4.0
Plot  Area,Other,600.0,1,1,52.0,1,2.0
Super built-up  Area,Other,1670.0,3,2,160.0,1,3.0
Super built-up  Area,Other,1410.0,2,2,75.0,1,2.0
Built-up  Area,Other,2400.0,5,2,93.0,0,5.0
Super built-up  Area,Other,1200.0,2,2,75.6,0,3.0
Plot  Area,Other,1200.0,3,1,210.0,1,4.0
Plot  Area,Other,2400.0,5,3,285.0,0,5.0
Super built-up  Area,Other,2100.0,4,2,150.0,1,4.0
Plot  Area,Other,600.0,2,1,120.0,1,2.0
Super built-up  Area,Other,1200.0,2,2,52.5,1,2.0
Super built-up  Area,Other,2328.0,4,1,528.0,0,4.0
Built-up  Area,Other,1539.0,3,2,60.0,1,3.0
Super built-up  Area,Other,920.0,2,1,46.0,1,2.0
Built-up  Area,Other,1550.0,4,1,120.0,1,4.0
Super built-up  Area,Other,905.0,2,1,50.0,0,2.0
Super built-up  Area,Other,1495.0,3,0,200.0,1,3.0
Super built-up  Area,Other,1455.0,2,2,55.0,1,3.0
Super built-up  Area,Other,550.0,1,1,23.0,1,1.0
Super built-up  Area,Other,4000.0,3,0,130.0,1,5.0
Super built-up  Area,Other,1060.0,2,1,53.0,0,2.0
Super built-up  Area,Other,1570.0,3,2,78.0,1,3.0
Super built-up  Area,Other,1537.0,3,2,110.0,1,3.0
Super built-up  Area,Other,1750.0,3,2,150.0,1,3.0
Built-up  Area,Other,2800.0,7,1,250.0,1,7.0
Super built-up  Area,Other,1020.0,2,3,48.0,1,2.0
Super built-up  Area,Other,1191.0,2,1,90.0,1,2.0
Super built-up  Area,Other,865.0,2,1,35.11,0,2.0
Built-up  Area,Other,2100.0,4,1,90.0,1,4.0
Super built-up  Area,Other,2849.0,5,0,250.0,1,4.0
Built-up  Area,Other,1000.0,2,2,42.0,1,2.0
Plot  Area,Other,2400.0,6,3,400.0,1,6.0
Built-up  Area,Other,830.0,2,2,40.0,0,2.0
Super built-up  Area,Other,1685.0,3,2,60.0,1,3.0
Super built-up  Area,Other,827.0,2,1,45.0,1,2.0
Super built-up  Area,Other,1050.0,2,1,50.0,1,2.0
Super built-up  Area,Other,4750.0,6,1,1102.0,0,4.0
Plot  Area,Other,4273.0,3,0,1100.0,1,3.0
Super built-up  Area,Other,1060.0,2,1,49.27,1,2.0
Super built-up  Area,Other,1261.0,2,2,61.0,1,2.0
Super built-up  Area,Other,1100.0,2,2,46.0,1,2.0
Plot  Area,Other,3400.0,4,2,190.0,1,4.0
Super built-up  Area,Other,1180.0,2,2,56.0,1,2.0
Super built-up  Area,Other,1205.0,2,1,70.0,1,2.0
Super built-up  Area,Other,1250.0,2,3,58.0,0,2.0
Super built-up  Area,Other,1424.0,2,3,55.0,1,3.0
Super built-up  Area,Other,1250.0,3,1,55.0,1,3.0
Plot  Area,Other,2200.0,4,2,160.0,0,3.0
Built-up  Area,Other,1230.0,2,3,55.0,1,2.0
Super built-up  Area,Other,1540.0,3,3,76.0,1,3.0
Super built-up  Area,Other,1900.0,3,3,155.0,1,3.0
Built-up  Area,Other,1277.0,2,0,48.0,1,2.0
Plot  Area,Other,1200.0,1,2,95.0,1,2.0
Plot  Area,Other,5400.0,5,0,972.0,0,7.0
Super built-up  Area,Other,1060.0,2,2,37.0,1,2.0
Super built-up  Area,Other,1100.0,2,1,61.0,1,2.0
Plot  Area,Other,1350.0,4,2,225.0,1,4.0
Super built-up  Area,Other,1100.0,2,2,110.0,0,2.0
Built-up  Area,Other,1942.0,3,1,155.0,1,3.0
Plot  Area,Other,1200.0,4,2,80.0,1,3.0
Super built-up  Area,Other,1400.0,2,2,60.0,1,2.0
Built-up  Area,Other,1330.0,2,1,64.0,1,2.0
Super built-up  Area,Other,1515.0,3,3,90.0,1,3.0
Super built-up  Area,Other,1464.0,3,3,56.0,1,3.0
Super built-up  Area,Other,1206.0,2,1,53.0,1,2.0
Plot  Area,Other,1200.0,4,1,95.0,1,4.0
Built-up  Area,Other,1250.0,2,1,58.0,1,2.0
Super built-up  Area,Other,625.0,2,1,24.0,0,2.0
Super built-up  Area,Other,900.0,2,1,27.0,0,2.0
Built-up  Area,Other,1300.0,3,2,64.0,0,3.0
Built-up  Area,Other,1200.0,1,0,69.0,1,1.0
Super built-up  Area,Other,1717.0,3,3,99.0,1,3.0
Built-up  Area,Other,2099.0,3,0,95.0,1,3.0
Plot  Area,Other,1200.0,1,0,48.0,1,1.0
Plot  Area,Other,4050.0,4,1,600.0,1,5.0
Built-up  Area,Other,1430.0,2,1,78.65,1,3.0
Super built-up  Area,Other,2108.0,3,3,85.0,1,3.0
Super built-up  Area,Other,1190.0,2,1,70.0,1,2.0
Built-up  Area,Other,900.0,2,1,41.0,0,2.0
Super built-up  Area,Other,2690.0,4,2,185.0,0,4.0
Built-up  Area,Other,1800.0,5,1,250.0,1,4.0
Super built-up  Area,Other,1594.0,3,2,99.0,0,3.0
Super built-up  Area,Other,1250.0,2,1,68.0,1,2.0
Plot  Area,Other,1290.0,1,0,77.5,1,2.0
Built-up  Area,Other,1150.0,2,1,48.0,1,2.0
Super built-up  Area,Other,1464.0,2,1,145.0,1,2.0
Plot  Area,Other,1200.0,2,0,75.0,1,2.0
Built-up  Area,Other,1065.0,2,1,45.0,1,2.0
Plot  Area,Other,4000.0,4,2,1000.0,1,5.0
Super built-up  Area,Other,750.0,2,1,36.0,1,2.0
Built-up  Area,Other,2500.0,4,1,450.0,1,4.0
Super built-up  Area,Other,1485.0,2,1,156.0,1,3.0
Super built-up  Area,Other,2070.0,3,3,135.0,1,3.0
Built-up  Area,Other,1600.0,2,2,75.0,1,3.0
Super built-up  Area,Other,1100.0,2,1,38.49,1,2.0
Super built-up  Area,Other,800.0,2,1,55.0,1,2.0
Built-up  Area,Other,900.0,1,1,44.0,1,2.0
Super built-up  Area,Other,1480.0,2,2,125.0,1,3.0
Plot  Area,Other,3800.0,2,0,130.0,1,3.0
Super built-up  Area,Other,1500.0,2,2,130.0,1,2.0
Super built-up  Area,Other,2010.0,3,3,125.0,1,3.0
Super built-up  Area,Other,1504.0,2,2,100.0,1,3.0
Super built-up  Area,Other,2040.0,2,2,59.0,1,2.0
Super built-up  Area,Other,1602.0,2,1,165.0,0,3.0
Plot  Area,Other,1200.0,4,1,130.0,1,4.0
Built-up  Area,Other,1800.0,3,1,220.0,1,3.0
Plot  Area,Other,1500.0,3,0,72.0,1,3.0
Built-up  Area,Other,1280.0,2,1,48.0,1,3.0
Super built-up  Area,Other,900.0,2,1,45.0,1,2.0
Super built-up  Area,Other,1095.0,2,1,38.33,1,2.0
Super built-up  Area,Other,1145.0,2,2,58.4,0,2.0
Super built-up  Area,Other,1862.0,3,3,120.0,1,3.0
Built-up  Area,Other,7502.4383,4,2,211.0,1,4.0
Built-up  Area,Other,2700.0,3,3,200.0,1,3.0
Built-up  Area,Other,1677.0,3,2,98.0,0,3.0
Built-up  Area,Other,2500.0,8,3,95.0,1,8.0
Built-up  Area,Other,1490.0,2,1,115.0,1,3.0
Super built-up  Area,Other,1550.0,3,1,59.0,1,3.0
Super built-up  Area,Other,1740.0,3,3,120.0,1,3.0
Super built-up  Area,Other,1020.0,2,2,60.0,1,2.0
Super built-up  Area,Other,550.0,1,1,16.0,1,1.0
Super built-up  Area,Other,1492.0,2,2,65.0,1,2.0
Super built-up  Area,Other,1431.0,3,2,65.0,1,3.0
Plot  Area,Other,3664.0,3,2,325.0,0,3.0
Plot  Area,Other,690.0,2,0,42.0,1,2.0
Plot  Area,Other,1500.0,5,3,233.0,1,4.0
Super built-up  Area,Other,1520.0,3,2,111.0,1,3.0
Built-up  Area,Other,1391.0,2,3,64.5,1,3.0
Plot  Area,Other,1200.0,4,2,86.0,1,4.0
Plot  Area,Other,2500.0,6,3,500.0,1,5.0
Super built-up  Area,Other,1250.0,2,2,90.0,1,2.0
Super built-up  Area,Other,1900.0,2,2,190.0,1,3.0
Built-up  Area,Other,900.0,2,1,33.0,1,2.0
Super built-up  Area,Other,1602.0,2,1,170.0,0,3.0
Super built-up  Area,Other,1230.0,2,2,70.0,1,2.0
Super built-up  Area,Other,1600.0,3,3,95.0,1,3.0
Built-up  Area,Other,450.0,1,2,60.0,1,1.0
Super built-up  Area,Other,600.0,2,0,23.0,1,1.0
Built-up  Area,Other,3463.0,6,0,310.0,1,4.0
Plot  Area,Other,1200.0,2,0,85.0,1,2.0
Super built-up  Area,Other,1200.0,2,2,35.0,0,2.0
Built-up  Area,Other,1200.0,2,2,45.0,1,2.0
Super built-up  Area,Other,2000.0,4,0,130.0,1,3.0
Plot  Area,Other,1350.0,4,2,140.0,1,4.0
Super built-up  Area,Other,995.0,2,2,34.82,1,3.0
Plot  Area,Other,2400.0,7,0,460.0,1,6.0
Super built-up  Area,Other,1000.0,2,1,44.0,1,2.0
Super built-up  Area,Other,1175.0,2,2,79.0,0,2.0
Built-up  Area,Other,1200.0,2,0,43.0,1,2.0
Super built-up  Area,Other,1112.0,2,3,68.0,1,2.0
Super built-up  Area,Other,990.0,2,3,35.0,1,2.0
Built-up  Area,Other,1107.0,2,2,40.0,1,2.0
Built-up  Area,Other,1158.0,2,3,75.0,1,2.0
Plot  Area,Other,3200.0,4,2,200.0,1,4.0
Built-up  Area,Other,1125.0,2,1,32.49,0,2.0
Super built-up  Area,Other,1200.0,2,0,90.0,1,2.0
Super built-up  Area,Other,1266.67,2,0,69.0,1,2.0
Super built-up  Area,Other,1800.0,3,2,90.0,1,3.0
Plot  Area,Other,2000.0,2,1,160.0,1,2.0
Super built-up  Area,Other,1800.0,3,3,95.0,1,3.0
Super built-up  Area,Other,1410.0,3,2,65.0,1,3.0
Plot  Area,Other,2679.0,5,2,280.0,1,4.0
Plot  Area,Other,1230.0,2,0,75.0,0,2.0
Built-up  Area,Other,1080.0,2,2,44.8,1,2.0
Carpet  Area,Other,3150.0,5,2,145.0,1,8.0
Plot  Area,Other,2400.0,2,2,135.0,1,2.0
Plot  Area,Other,880.0,2,1,48.0,1,2.0
Super built-up  Area,Other,1150.0,2,2,45.0,1,2.0
Super built-up  Area,Other,1194.0,2,0,55.0,1,2.0
Built-up  Area,Other,2000.0,3,1,90.0,1,3.0
Built-up  Area,Other,1025.0,2,0,42.5,1,2.0
Super built-up  Area,Other,1022.0,2,2,57.0,1,2.0
Plot  Area,Other,1200.0,2,1,76.0,1,2.0
Super built-up  Area,Other,1200.0,1,1,54.0,1,2.0
Super built-up  Area,Other,950.0,2,2,38.0,1,2.0
Super built-up  Area,Other,1605.0,3,2,100.0,1,3.0
Built-up  Area,Other,1542.0,3,2,98.0,1,3.0
Built-up  Area,Other,1012.0,2,0,42.0,1,2.0
Built-up  Area,Other,3600.0,5,0,110.0,1,5.0
Super built-up  Area,Other,1333.0,2,2,77.27,1,2.0
Built-up  Area,Other,1100.0,3,1,110.0,1,3.0
Built-up  Area,Other,1050.0,2,1,70.0,1,2.0
Built-up  Area,Other,1140.0,2,1,32.92,0,2.0
Super built-up  Area,Other,2000.0,3,2,105.0,1,3.0
Super built-up  Area,Other,1075.0,2,1,55.0,1,2.0
Plot  Area,Other,1200.0,4,2,165.0,1,4.0
Built-up  Area,Other,1100.0,2,1,145.0,1,3.0
Built-up  Area,Other,1069.0,2,1,55.0,1,2.0
Plot  Area,Other,1200.0,3,2,99.0,1,3.0
Built-up  Area,Other,1007.0,2,2,43.0,1,2.0
Super built-up  Area,Other,4250.0,6,3,150.0,1,6.0
Super built-up  Area,Other,3761.0,3,2,650.0,1,3.0
Super built-up  Area,Other,1000.0,2,1,60.0,1,2.0
Built-up  Area,Other,5720.0,3,0,350.0,1,3.0
Super built-up  Area,Other,675.0,1,1,15.0,1,2.0
Super built-up  Area,Other,1012.0,2,1,59.0,1,2.0
Built-up  Area,Other,1150.0,2,0,250.0,1,2.0
Built-up  Area,Other,1800.0,2,0,300.0,1,2.0
Super built-up  Area,Other,1280.0,2,2,49.0,1,3.0
Super built-up  Area,Other,925.0,2,2,35.0,1,2.0
Built-up  Area,Other,1200.0,4,1,140.0,1,4.0
Plot  Area,Other,600.0,2,2,39.0,1,2.0
Super built-up  Area,Other,1240.0,2,2,65.0,1,3.0
Super built-up  Area,Other,1700.0,3,2,111.0,0,3.0
Super built-up  Area,Other,1340.0,2,1,65.0,1,2.0
Super built-up  Area,Other,1600.0,2,1,31.0,1,2.0
Built-up  Area,Other,1780.0,3,0,110.0,1,3.0
Plot  Area,Other,1800.0,4,1,68.0,1,5.0
Plot  Area,Other,1080.0,3,2,149.0,1,3.0
Built-up  Area,Other,900.0,2,0,65.0,1,3.0
Super built-up  Area,Other,946.0,2,2,45.0,1,2.0
Plot  Area,Other,1200.0,3,2,160.0,1,4.0
Super built-up  Area,Other,1540.0,3,3,85.0,1,3.0
Plot  Area,Other,1200.0,3,1,190.0,1,3.0
Super built-up  Area,Other,2456.0,3,3,220.0,1,3.0
Super built-up  Area,Other,1610.0,2,2,64.4,0,3.0
Plot  Area,Other,1530.0,2,1,185.0,1,2.0
Plot  Area,Other,840.0,1,1,150.0,1,1.0
Super built-up  Area,Other,1439.0,3,1,57.23,1,3.0
Super built-up  Area,Other,1435.0,2,1,60.0,1,3.0
Super built-up  Area,Other,1717.0,3,3,120.0,1,3.0
Super built-up  Area,Other,1409.0,2,3,62.0,1,3.0
Super built-up  Area,Other,1250.0,2,1,50.0,1,2.0
Built-up  Area,Other,1475.0,2,2,171.0,1,2.0
Plot  Area,Other,1225.0,2,0,65.0,1,2.0
Built-up  Area,Other,650.0,1,0,16.0,1,1.0
Super built-up  Area,Other,1750.0,3,3,75.0,1,3.0
Super built-up  Area,Other,1504.0,2,2,102.0,1,3.0
Super built-up  Area,Other,1116.0,2,1,49.8,1,2.0
Super built-up  Area,Other,1800.0,4,1,145.0,1,4.0
Super built-up  Area,Other,3000.0,4,0,240.0,1,4.0
Super built-up  Area,Other,1150.0,2,1,60.0,1,2.0
Carpet  Area,Other,1625.0,3,3,92.0,1,3.0
Super built-up  Area,Other,2400.0,4,3,250.0,1,4.0
Super built-up  Area,Other,1180.0,2,2,50.0,1,2.0
Super built-up  Area,Other,1272.0,2,2,51.5,1,2.0
Super built-up  Area,Other,1490.0,2,1,92.0,1,3.0
Plot  Area,Other,2400.0,5,0,140.0,0,4.0
Super built-up  Area,Other,1044.0,2,1,60.0,0,2.0
Super built-up  Area,Other,1595.0,3,2,70.39,1,3.0
Super built-up  Area,Other,1640.0,3,3,84.0,1,3.0
Super built-up  Area,Other,1200.0,2,2,54.0,1,2.0
Super built-up  Area,Other,1567.2,2,0,190.0,1,3.0
Built-up  Area,Other,959.0,2,1,42.5,1,2.0
Super built-up  Area,Other,1141.0,2,1,55.0,1,2.0
Built-up  Area,Other,1200.0,2,2,43.2,1,2.0
Super built-up  Area,Other,1293.0,2,2,75.0,1,2.0
Super built-up  Area,Other,1885.0,3,3,90.0,1,3.0
Built-up  Area,Other,860.0,2,2,65.5,1,2.0
Super built-up  Area,Other,1374.0,2,2,88.0,1,3.0
Super built-up  Area,Other,1250.0,2,2,60.0,1,2.0
Super built-up  Area,Other,1110.0,2,2,52.0,0,2.0
Plot  Area,Other,11000.0,5,3,2000.0,0,4.0
Built-up  Area,Other,1350.0,3,2,48.6,0,3.0
Plot  Area,Other,1200.0,3,1,205.0,1,3.0
Built-up  Area,Other,2000.0,2,1,160.0,0,4.0
Super built-up  Area,Other,834.0,1,1,62.0,1,1.0
Plot  Area,Other,600.0,1,0,52.0,1,1.0
Super built-up  Area,Other,2000.0,4,1,135.0,1,4.0
Super built-up  Area,Other,2750.0,3,0,260.0,1,3.0
Plot  Area,Other,2400.0,4,2,480.0,1,4.0
Built-up  Area,Other,900.0,2,3,35.0,1,2.0
Super built-up  Area,Other,1000.0,2,1,46.0,0,2.0
Super built-up  Area,Other,1200.0,2,2,52.0,1,2.0
Super built-up  Area,Other,1280.0,2,2,90.0,1,2.0
Built-up  Area,Other,1190.0,2,1,55.0,1,2.0
Super built-up  Area,Other,2075.0,3,1,175.0,1,3.0
Super built-up  Area,Other,1900.0,3,0,65.0,1,3.0
Plot  Area,Other,1240.0,4,1,180.0,1,3.0
Super built-up  Area,Other,1578.0,3,1,73.9,0,3.0
Super built-up  Area,Other,1475.0,2,1,70.0,1,2.0
Super built-up  Area,Other,2400.0,2,3,125.0,1,2.0
Plot  Area,Other,1200.0,2,1,200.0,1,2.0
Super built-up  Area,Other,1427.0,2,3,70.0,1,3.0
Super built-up  Area,Other,1350.0,3,2,68.0,1,3.0
Super built-up  Area,Other,2274.24,4,1,160.0,1,3.0
Super built-up  Area,Other,4900.0,5,0,980.0,1,5.0
Plot  Area,Other,900.0,3,1,105.0,1,2.0
Built-up  Area,Other,1570.0,3,2,80.0,1,3.0
Super built-up  Area,Other,1495.0,2,2,65.0,1,3.0
Super built-up  Area,Other,1350.0,3,0,75.0,1,3.0
Super built-up  Area,Other,470.0,2,1,10.0,1,1.0
Built-up  Area,Other,2300.0,7,0,160.0,1,6.0
Plot  Area,Other,1313.0,4,0,150.0,1,3.0
Super built-up  Area,Other,2515.0,4,3,155.0,1,3.0
Super built-up  Area,Other,1440.0,3,2,72.0,1,3.0
Super built-up  Area,Other,1200.0,2,1,56.0,1,2.0
Super built-up  Area,Other,2665.0,3,1,350.0,0,3.0
Super built-up  Area,Other,1670.0,3,2,75.0,1,3.0
Super built-up  Area,Other,3500.0,5,0,450.0,0,4.0
Super built-up  Area,Other,700.0,2,1,29.0,1,2.0
Built-up  Area,Other,1300.0,2,1,67.0,1,3.0
Super built-up  Area,Other,1215.0,2,2,49.75,0,3.0
Built-up  Area,Other,1050.0,2,1,55.0,1,2.0
Built-up  Area,Other,1258.0,2,0,58.0,0,2.0
Plot  Area,Other,2400.0,5,2,300.0,1,6.0
Super built-up  Area,Other,3000.0,4,3,130.0,1,8.0
Super built-up  Area,Other,1235.0,2,1,140.0,0,2.0
Super built-up  Area,Other,3301.8,5,2,570.0,0,4.0
Built-up  Area,Other,3200.0,3,0,260.0,0,3.0
Built-up  Area,Other,1450.0,3,2,90.0,1,3.0
Super built-up  Area,Other,3754.0,6,2,480.0,1,4.0
Super built-up  Area,Other,1893.0,3,2,115.0,1,3.0
Super built-up  Area,Other,2400.0,6,0,98.0,1,6.0
Super built-up  Area,Other,1250.0,2,1,43.0,1,2.0
Built-up  Area,Other,1200.0,2,2,100.0,1,3.0
Built-up  Area,Other,1205.0,2,1,70.0,1,2.0
Plot  Area,Other,1500.0,3,2,90.0,0,3.0
Plot  Area,Other,1200.0,3,2,200.0,1,3.0
Super built-up  Area,Other,1190.0,2,2,41.0,1,2.0
Super built-up  Area,Other,1250.0,2,1,67.0,1,2.0
Plot  Area,Other,2260.0,3,1,80.0,1,2.0
Plot  Area,Other,2700.0,3,2,90.0,1,4.0
Built-up  Area,Other,375.0,1,0,26.0,1,1.0
Super built-up  Area,Other,1000.0,2,0,150.0,1,2.0
Plot  Area,Other,800.0,3,1,59.5,1,2.0
Built-up  Area,Other,909.0,2,1,43.0,1,3.0
Super built-up  Area,Other,1400.0,2,3,85.0,1,2.0
Built-up  Area,Other,1800.0,2,2,100.0,1,3.0
Super built-up  Area,Other,925.0,2,2,70.0,1,2.0
Built-up  Area,Other,850.0,1,0,35.5,1,2.0
Super built-up  Area,Other,1100.0,2,2,32.0,1,2.0
Plot  Area,Other,2400.0,3,2,480.0,1,4.0
Built-up  Area,Other,3500.0,2,1,350.0,1,4.0
Super built-up  Area,Other,1200.0,2,2,55.0,0,2.0
Built-up  Area,Other,1480.0,3,2,74.0,1,3.0
Super built-up  Area,Other,2100.0,4,2,255.0,1,3.0
Built-up  Area,Other,400.0,1,0,35.0,1,1.0
Super built-up  Area,Other,1310.0,2,1,55.0,1,3.0
Super built-up  Area,Other,993.0,2,3,45.5,1,2.0
Super built-up  Area,Other,985.0,2,1,156.0,1,2.0
Built-up  Area,Other,2400.0,5,3,180.0,1,4.0
Super built-up  Area,Other,6000.0,1,1,276.0,1,1.0
Super built-up  Area,Other,825.0,2,1,40.0,1,1.0
Super built-up  Area,Other,1320.0,2,3,60.0,1,3.0
Built-up  Area,Other,5000.0,5,0,600.0,1,4.0
Plot  Area,Other,2400.0,4,2,420.0,0,6.0
Super built-up  Area,Other,1050.0,2,2,50.0,1,2.0
Plot  Area,Other,4800.0,5,2,420.0,1,4.0
Super built-up  Area,Other,3400.0,3,3,400.0,1,3.0
Plot  Area,Other,600.0,1,0,33.0,1,1.0
Built-up  Area,Other,1569.0,3,0,70.0,1,3.0
Built-up  Area,Other,2600.0,3,2,147.0,0,3.0
Plot  Area,Other,1200.0,3,1,180.0,1,4.0
Built-up  Area,Other,800.0,1,0,72.0,1,1.0
Super built-up  Area,Other,1020.0,2,1,49.0,1,2.0
Super built-up  Area,Other,1225.0,2,2,82.0,0,3.0
Plot  Area,Other,2400.0,5,3,625.0,1,5.0
Super built-up  Area,Other,655.0,1,2,27.0,1,1.0
Super built-up  Area,Other,1196.0,2,1,96.0,1,2.0
Carpet  Area,Other,927.0,2,1,50.0,1,2.0
Plot  Area,Other,2400.0,5,2,395.0,1,4.0
Super built-up  Area,Other,600.0,1,0,18.0,0,1.0
Super built-up  Area,Other,1175.0,2,1,48.72,1,2.0
Built-up  Area,Other,2800.0,4,1,200.0,1,4.0
Super built-up  Area,Other,750.0,2,1,28.0,1,2.0
Super built-up  Area,Other,1000.0,2,1,45.0,1,2.0
Super built-up  Area,Other,800.0,2,1,85.0,1,2.0
Super built-up  Area,Other,985.0,2,2,57.0,1,2.0
Plot  Area,Other,1200.0,4,1,200.0,1,4.0
Super built-up  Area,Other,6000.0,12,0,150.0,1,11.0
Built-up  Area,Other,3600.0,7,3,160.0,1,7.0
Plot  Area,Other,600.0,2,1,80.0,1,2.0
Plot  Area,Other,2400.0,4,3,600.0,1,4.0
Built-up  Area,Other,1503.0,2,2,93.0,1,3.0
Plot  Area,Other,1200.0,2,1,61.0,1,2.0
Super built-up  Area,Other,2500.0,2,1,60.0,1,3.0
Super built-up  Area,Other,1500.0,2,2,52.0,1,3.0
Super built-up  Area,Other,1765.0,3,2,77.27,0,3.0
Built-up  Area,Other,1768.0,3,3,95.0,1,3.0
Plot  Area,Other,3500.0,5,1,800.0,0,4.0
Super built-up  Area,Other,3060.0,4,2,350.0,0,4.0
Super built-up  Area,Other,800.0,1,2,32.0,1,1.0
Plot  Area,Other,3000.0,6,3,145.0,1,7.0
Plot  Area,Other,1200.0,4,1,235.0,1,4.0
Plot  Area,Other,600.0,1,1,35.0,1,1.0
Super built-up  Area,Other,1010.0,2,2,55.0,1,2.0
Super built-up  Area,Other,650.0,1,1,20.0,1,2.0
Super built-up  Area,Other,1080.0,2,1,37.8,1,2.0
Built-up  Area,Other,3978.0,4,3,428.0,1,4.0
Plot  Area,Other,1500.0,2,1,45.0,1,2.0
Super built-up  Area,Other,1800.0,3,3,85.0,1,3.0
Super built-up  Area,Other,2008.0,3,2,170.0,1,3.0
Super built-up  Area,Other,2095.0,3,2,142.0,1,3.0
Super built-up  Area,Other,1190.0,2,1,48.6,1,2.0
Built-up  Area,Other,1600.0,2,2,88.0,1,3.0
Plot  Area,Other,1350.0,4,2,160.0,1,4.0
Super built-up  Area,Other,500.0,1,1,20.0,1,1.0
Super built-up  Area,Other,1280.0,2,1,100.0,0,3.0
Super built-up  Area,Other,11000.0,4,1,1600.0,0,4.0
Built-up  Area,Other,1650.0,3,1,110.0,1,3.0
Super built-up  Area,Other,1500.0,2,2,75.0,1,3.0
Super built-up  Area,Other,1176.0,2,1,45.0,1,3.0
Plot  Area,Other,1044.0,2,2,85.0,1,2.0
Super built-up  Area,Other,1425.0,3,2,55.0,1,3.0
Plot  Area,Other,1830.0,4,2,325.0,1,4.0
Built-up  Area,Other,900.0,1,0,130.0,1,2.0
Plot  Area,Other,840.0,1,1,99.0,1,2.0
Super built-up  Area,Other,1285.0,2,2,45.0,0,2.0
Plot  Area,Other,2000.0,2,2,95.0,0,3.0
Super built-up  Area,Other,3870.0,4,2,411.0,1,4.0
Super built-up  Area,Other,1320.0,2,2,55.0,1,3.0
Super built-up  Area,Other,1835.0,3,3,175.0,1,3.0
Super built-up  Area,Other,1322.0,2,1,61.99,0,2.0
Super built-up  Area,Other,1450.0,2,1,65.0,1,3.0
Super built-up  Area,Other,425.0,1,1,15.0,1,1.0
Built-up  Area,Other,820.0,2,2,30.0,1,2.0
Carpet  Area,Other,1450.0,3,2,68.0,0,3.0
Super built-up  Area,Other,2380.0,4,3,242.0,1,4.0
Plot  Area,Other,900.0,1,0,70.0,1,2.0
Super built-up  Area,Other,1517.0,2,2,125.0,1,2.0
Built-up  Area,Other,1277.0,2,0,150.0,1,3.0
Super built-up  Area,Other,1000.0,2,2,35.0,1,2.0
Super built-up  Area,Other,3144.0,3,1,455.0,0,3.0
Super built-up  Area,Other,3602.0,4,0,280.0,0,4.0
Built-up  Area,Other,2159.0,3,2,120.0,1,3.0
Built-up  Area,Other,1850.0,3,0,175.0,1,6.0
Built-up  Area,Other,510.0,1,0,34.0,1,1.0
Super built-up  Area,Other,1166.0,2,3,65.0,1,2.0
Built-up  Area,Other,2700.0,2,1,260.0,1,3.0
Plot  Area,Other,1350.0,2,0,175.0,1,3.0
Plot  Area,Other,2100.0,6,3,100.0,1,4.0
Super built-up  Area,Other,2251.0,4,2,370.0,1,3.0
Built-up  Area,Other,940.0,2,1,56.0,1,2.0
Super built-up  Area,Other,1015.0,2,1,40.1,0,2.0
Super built-up  Area,Other,1400.0,3,3,69.0,1,3.0
Built-up  Area,Other,1645.0,3,0,95.0,1,3.0
Built-up  Area,Other,1600.0,4,2,90.0,1,4.0
Built-up  Area,Other,1000.0,2,1,63.0,1,2.0
Super built-up  Area,Other,1350.0,2,2,65.0,1,2.0
Super built-up  Area,Other,1998.0,3,2,117.0,1,3.0
Super built-up  Area,Other,1300.0,2,0,60.0,1,2.0
Built-up  Area,Other,950.0,2,1,33.0,0,2.0
Super built-up  Area,Other,1804.0,3,2,150.0,1,3.0
Super built-up  Area,Other,1350.0,3,2,81.0,1,3.0
Super built-up  Area,Other,826.0,2,2,36.0,1,2.0
Super built-up  Area,Other,3000.0,3,3,300.0,0,4.0
Super built-up  Area,Other,935.0,2,2,35.0,1,2.0
Super built-up  Area,Other,1180.0,2,1,39.0,1,2.0
Built-up  Area,Other,2200.0,3,0,115.0,1,4.0
Plot  Area,Other,1200.0,4,1,110.0,1,4.0
Super built-up  Area,Other,1500.0,2,1,50.0,1,2.0
Super built-up  Area,Other,1217.0,2,1,164.0,0,2.0
Built-up  Area,Other,2400.0,4,1,170.0,1,6.0
Built-up  Area,Other,1650.0,3,0,52.0,1,3.0
Super built-up  Area,Other,600.0,1,0,45.0,1,1.0
Super built-up  Area,Other,4110.0,4,2,590.0,0,4.0
Plot  Area,Other,672.0,1,1,27.0,1,1.0
Plot  Area,Other,1280.0,3,0,87.0,1,3.0
Super built-up  Area,Other,1850.0,3,3,95.0,1,3.0
Super built-up  Area,Other,1567.0,3,1,100.0,1,3.0
Built-up  Area,Other,2350.0,3,2,210.0,0,3.0
Super built-up  Area,Other,1125.0,2,1,48.0,1,2.0
Super built-up  Area,Other,1365.0,3,2,54.0,1,3.0
Super built-up  Area,Other,560.0,1,0,19.0,1,1.0
Super built-up  Area,Other,1471.0,2,3,75.0,1,3.0
Plot  Area,Other,900.0,2,0,128.0,1,2.0
Plot  Area,Other,520.0,2,0,29.0,1,1.0
Built-up  Area,Other,1950.0,3,3,230.0,1,3.0
Plot  Area,Other,600.0,1,0,58.0,1,1.0
Super built-up  Area,Other,1000.0,1,1,19.0,1,1.0
Built-up  Area,Other,1300.0,2,2,60.0,1,2.0
Plot  Area,Other,375.0,1,0,40.0,1,1.0
Plot  Area,Other,7800.0,3,2,2000.0,1,3.0
Plot  Area,Other,1200.0,5,2,270.0,1,4.0
Super built-up  Area,Other,1477.0,2,2,75.0,1,3.0
Plot  Area,Other,2000.0,2,0,120.0,0,3.0
Super built-up  Area,Other,1220.0,2,1,65.0,1,2.0
Super built-up  Area,Other,850.0,2,1,32.5,1,2.0
Super built-up  Area,Other,1256.0,2,1,65.0,0,2.0
Super built-up  Area,Other,7400.0,5,0,1850.0,1,4.0
Super built-up  Area,Other,1428.0,2,1,70.0,1,3.0
Super built-up  Area,Other,1130.0,2,0,74.0,1,2.0
Super built-up  Area,Other,1407.0,2,1,83.87,1,2.0
Built-up  Area,Other,900.0,2,3,45.0,1,2.0
Super built-up  Area,Other,2375.0,3,0,260.0,1,4.0
Super built-up  Area,Other,1200.0,2,1,67.0,1,2.0
Built-up  Area,Other,1872.0,3,2,152.0,1,3.0
Super built-up  Area,Other,1400.0,3,2,90.0,1,3.0
Plot  Area,Other,812.0,1,1,26.0,1,1.0
Super built-up  Area,Other,829.0,2,1,22.8,0,2.0
Super built-up  Area,Other,600.0,2,1,35.0,1,1.0
Built-up  Area,Other,700.0,2,1,35.0,0,2.0
Super built-up  Area,Other,1105.0,2,2,50.0,1,2.0
Super built-up  Area,Other,1000.0,2,1,51.0,1,2.0
Super built-up  Area,Other,1240.0,2,1,63.0,0,3.0
Super built-up  Area,Other,1393.0,3,2,54.0,1,3.0
Built-up  Area,Other,1640.0,3,2,70.0,1,3.0
Plot  Area,Other,1200.0,2,0,62.0,1,2.0
Plot  Area,Other,8400.0,5,2,1675.0,1,4.0
Super built-up  Area,Other,1495.0,3,2,55.0,1,3.0
Plot  Area,Other,1200.0,2,1,300.0,1,3.0
Built-up  Area,Other,1400.0,3,2,53.0,1,3.0
Super built-up  Area,Other,1054.0,2,1,53.0,1,2.0
Super built-up  Area,Other,1275.0,2,2,47.0,0,2.0
Super built-up  Area,Other,1394.0,2,3,52.0,1,2.0
Super built-up  Area,Other,1075.0,2,1,57.0,1,2.0
Built-up  Area,Other,1800.0,4,3,115.0,1,3.0
Super built-up  Area,Other,1220.0,2,2,54.89,1,2.0
Super built-up  Area,Other,1499.0,3,2,89.0,1,3.0
Super built-up  Area,Other,1280.0,2,3,55.0,1,3.0
Super built-up  Area,Other,1161.0,2,3,36.69,0,2.0
Built-up  Area,Other,1050.0,2,2,65.0,1,2.0
Super built-up  Area,Other,905.0,2,2,50.0,1,2.0
Super built-up  Area,Other,2736.0,4,0,130.0,1,4.0
Super built-up  Area,Other,1056.0,2,2,55.0,1,2.0
Built-up  Area,Other,1770.0,3,2,90.0,1,3.0
Super built-up  Area,Other,3155.0,3,2,315.0,1,3.0
Built-up  Area,Other,6500.0,7,1,104.0,1,7.0
Super built-up  Area,Other,1152.0,2,1,57.0,1,2.0
Super built-up  Area,Other,1200.0,2,2,39.0,1,2.0
Super built-up  Area,Other,1464.0,2,1,135.0,1,3.0
Super built-up  Area,Other,1300.0,2,3,32.0,1,2.0
Super built-up  Area,Other,1200.0,2,2,75.0,0,2.0
Super built-up  Area,Other,1707.0,3,2,171.0,1,3.0
Super built-up  Area,Other,565.0,1,1,33.0,1,1.0
Plot  Area,Other,630.0,2,1,70.0,1,1.0
Plot  Area,Other,1000.0,2,1,55.0,0,2.0
Super built-up  Area,Other,1250.0,2,1,62.4,1,2.0
Plot  Area,Other,2400.0,4,1,130.0,1,3.0
Built-up  Area,Other,1720.0,3,3,83.0,1,3.0
Carpet  Area,Other,1100.0,2,2,70.0,1,2.0
Built-up  Area,Other,420.0,1,1,23.5,1,1.0
Built-up  Area,Other,1675.0,3,2,65.0,1,3.0
Super built-up  Area,Other,1225.0,2,2,71.05,1,2.0
Plot  Area,Other,1350.0,4,1,90.0,1,4.0
Super built-up  Area,Other,1732.5,3,0,91.855,1,3.0
Plot  Area,Other,3760.0,2,0,280.0,1,2.0
Super built-up  Area,Other,3071.0,4,0,300.0,1,3.0
Built-up  Area,Other,850.0,2,0,34.0,1,2.0
Super built-up  Area,Other,1260.0,2,1,49.0,1,3.0
Built-up  Area,Other,1450.0,3,1,65.0,1,3.0
Plot  Area,Other,2100.0,3,0,70.0,1,3.0
Super built-up  Area,Other,1620.0,3,3,95.0,1,3.0
Built-up  Area,Other,560.0,1,1,21.0,1,1.0
Super built-up  Area,Other,1156.0,2,2,46.0,1,2.0
Super built-up  Area,Other,3850.0,3,3,650.0,1,3.0
Super built-up  Area,Other,1140.0,2,2,56.0,1,2.0
Built-up  Area,Other,2250.0,3,0,180.0,1,3.0
Super built-up  Area,Other,1485.0,3,2,78.0,1,3.0
Plot  Area,Other,1350.0,2,0,45.0,1,1.0
Super built-up  Area,Other,1209.0,2,2,100.0,1,2.0
Super built-up  Area,Other,1500.0,3,1,95.0,0,3.0
Super built-up  Area,Other,1000.0,2,2,60.0,1,2.0
Built-up  Area,Other,1488.0,2,2,65.0,1,3.0
Plot  Area,Other,1200.0,4,2,130.0,1,4.0
Built-up  Area,Other,2250.0,3,2,199.0,1,3.0
Super built-up  Area,Other,3700.0,4,2,314.0,1,4.0
Super built-up  Area,Other,1190.0,2,3,42.25,0,2.0
Built-up  Area,Other,1405.0,3,0,169.0,1,3.0
Plot  Area,Other,4800.0,6,2,420.0,1,4.0
Super built-up  Area,Other,1050.0,2,1,43.5,1,2.0
Super built-up  Area,Other,1800.0,3,2,53.0,1,3.0
Super built-up  Area,Other,500.0,1,1,16.0,1,1.0
Super built-up  Area,Other,3500.0,4,0,700.0,1,4.0
Built-up  Area,Other,1600.0,3,2,180.0,1,3.0
Super built-up  Area,Other,1140.0,2,2,49.0,1,2.0
Super built-up  Area,Other,648.0,1,1,34.0,0,1.0
Super built-up  Area,Other,1720.0,2,2,126.0,1,3.0
Super built-up  Area,Other,1756.0,3,2,307.0,1,3.0
Built-up  Area,Other,1100.0,2,2,45.0,1,2.0
Super built-up  Area,Other,825.0,2,1,35.0,1,2.0
Built-up  Area,Other,1080.0,2,3,64.0,1,2.0
Plot  Area,Other,2600.0,4,2,523.0,1,4.0
Super built-up  Area,Other,800.0,1,1,29.0,1,2.0
Super built-up  Area,Other,1225.0,2,1,47.0,1,2.0
Plot  Area,Other,3000.0,3,1,550.0,1,3.0
Super built-up  Area,Other,535.0,1,1,35.0,1,1.0
Super built-up  Area,Other,1067.0,2,3,33.99,1,2.0
Super built-up  Area,Other,1152.0,2,1,42.0,1,2.0
Super built-up  Area,Other,1465.0,2,2,88.0,1,3.0
Super built-up  Area,Other,1145.0,2,1,63.0,1,2.0
Built-up  Area,Other,3420.0,3,2,410.0,1,4.0
Super built-up  Area,Other,1280.0,2,2,75.0,1,2.0
Plot  Area,Other,680.0,3,2,60.0,0,2.0
Super built-up  Area,Other,1450.0,3,2,75.0,1,3.0
Built-up  Area,Other,1738.0,3,0,110.0,1,3.0
Plot  Area,Other,1500.0,3,1,90.0,1,3.0
Super built-up  Area,Other,982.0,2,1,25.0,0,2.0
Built-up  Area,Other,2015.0,4,0,325.0,1,2.0
Plot  Area,Other,1050.0,2,1,110.0,1,2.0
Super built-up  Area,Other,1541.0,2,1,181.0,1,2.0
Super built-up  Area,Other,1275.0,2,1,105.0,1,2.0
Super built-up  Area,Other,2048.0,3,2,206.0,0,3.0
Super built-up  Area,Other,1119.0,2,1,48.5,1,3.0
Super built-up  Area,Other,1355.0,2,3,58.25,1,3.0
Super built-up  Area,Other,1095.0,2,2,55.85,0,2.0
Plot  Area,Other,2320.0,2,0,160.0,1,3.0
Super built-up  Area,Other,1237.0,3,2,78.0,1,3.0
Plot  Area,Other,588.0,1,0,88.2,0,1.0
Plot  Area,Other,1840.0,1,0,95.0,1,2.0
Plot  Area,Other,2400.0,4,2,89.0,1,4.0
Plot  Area,Other,10961.0,4,1,80.0,1,4.0
Plot  Area,Other,1200.0,2,1,140.0,1,4.0
Super built-up  Area,Other,1639.0,3,1,77.89,0,3.0
Built-up  Area,Other,1700.0,3,1,250.0,1,3.0
Super built-up  Area,Other,1160.0,2,2,75.0,1,2.0
Super built-up  Area,Other,2500.0,3,2,400.0,1,3.0
Super built-up  Area,Other,1294.0,2,2,52.0,1,3.0
Super built-up  Area,Other,1095.0,2,1,45.0,1,2.0
Super built-up  Area,Other,1040.0,2,2,36.84,0,2.0
Super built-up  Area,Other,1325.0,2,1,47.0,1,3.0
Super built-up  Area,Other,1108.0,2,1,48.0,1,2.0
Super built-up  Area,Other,1155.0,2,1,65.0,1,2.0
Super built-up  Area,Other,1500.0,3,3,67.49,1,3.0
Super built-up  Area,Other,1060.0,2,1,42.5,1,2.0
Built-up  Area,Other,984.0,2,2,125.0,1,2.0
Super built-up  Area,Other,1148.0,2,2,69.0,1,2.0
Super built-up  Area,Other,1719.0,3,2,110.0,1,3.0
Super built-up  Area,Other,1420.0,3,3,70.0,1,3.0
Plot  Area,Other,3000.0,4,3,264.0,0,4.0
Super built-up  Area,Other,1398.0,3,0,51.0,1,3.0
Built-up  Area,Other,1320.0,2,3,90.0,1,2.0
Super built-up  Area,Other,1285.0,2,2,45.0,1,3.0
Built-up  Area,Other,1161.0,2,1,59.0,0,2.0
Built-up  Area,Other,1504.0,3,2,67.0,1,3.0
Plot  Area,Other,1230.0,2,0,68.0,1,2.0
Super built-up  Area,Other,1260.0,2,1,62.0,0,2.0
Plot  Area,Other,4560.0,5,0,430.0,1,4.0
Super built-up  Area,Other,849.0,2,2,25.4,0,2.0
Built-up  Area,Other,799.0,2,1,35.0,1,2.0
Super built-up  Area,Other,2700.0,4,0,170.0,1,5.0
Super built-up  Area,Other,1077.0,2,1,34.46,1,2.0
Built-up  Area,Other,3000.0,4,0,300.0,1,5.0
Super built-up  Area,Other,1560.0,2,2,125.0,1,3.0
Super built-up  Area,Other,1290.0,3,2,45.33,0,3.0
Super built-up  Area,Other,7500.0,5,2,1500.0,1,5.0
Built-up  Area,Other,1012.0,2,2,59.0,1,2.0
Plot  Area,Other,1245.0,2,1,120.0,1,2.0
Super built-up  Area,Other,1485.0,2,3,110.0,1,3.0
Super built-up  Area,Other,2400.0,4,1,88.0,1,4.0
Super built-up  Area,Other,1115.0,2,1,50.0,1,2.0
Carpet  Area,Other,1489.0,2,0,101.0,1,2.0
Super built-up  Area,Other,2800.0,4,3,365.0,1,4.0
Super built-up  Area,Other,1600.0,2,1,90.0,1,3.0
Super built-up  Area,Other,1508.0,3,1,75.0,0,3.0
Built-up  Area,Other,1500.0,1,1,300.0,1,1.0
Built-up  Area,Other,3000.0,6,3,300.0,1,6.0
Super built-up  Area,Other,1903.0,3,2,165.0,1,3.0
Super built-up  Area,Other,1200.0,2,2,38.0,1,2.0
Super built-up  Area,Other,2996.0,4,3,200.0,1,4.0
Built-up  Area,Other,3400.0,4,0,200.0,1,4.0
Built-up  Area,Other,1602.0,2,1,75.0,1,3.0
Super built-up  Area,Other,551.0,1,1,30.0,0,1.0
Super built-up  Area,Other,1400.0,2,1,44.8,0,2.0
Built-up  Area,Other,2850.0,4,3,460.0,1,3.0
Plot  Area,Other,10000.0,5,0,1950.0,1,5.0
Super built-up  Area,Other,1780.0,3,1,100.0,1,3.0
Built-up  Area,Other,1050.0,2,1,49.5,1,2.0
Plot  Area,Other,1200.0,4,1,175.0,1,4.0
Built-up  Area,Other,1310.0,3,3,90.0,1,3.0
Built-up  Area,Other,900.0,2,1,24.0,1,2.0
Built-up  Area,Other,1603.0,2,0,125.0,1,3.0
Super built-up  Area,Other,2180.0,3,0,285.0,1,3.0
Plot  Area,Other,450.0,1,0,30.0,1,1.0
Super built-up  Area,Other,3000.0,4,2,301.0,1,4.0
Super built-up  Area,Other,1160.0,2,1,40.53,1,2.0
Built-up  Area,Other,1200.0,3,2,52.0,1,2.0
Built-up  Area,Other,1275.0,2,3,69.0,1,2.0
Super built-up  Area,Other,1300.0,2,1,51.0,0,3.0
Super built-up  Area,Other,1623.0,3,3,155.0,1,3.0
Super built-up  Area,Other,1275.0,3,2,55.0,0,3.0
Plot  Area,Other,2400.0,3,0,408.0,1,3.0
Built-up  Area,Other,900.0,1,1,52.3,1,1.0
Super built-up  Area,Other,1075.0,2,1,48.38,1,2.0
Super built-up  Area,Other,780.0,2,1,31.0,1,2.0
Super built-up  Area,Other,1088.0,2,2,43.5,1,2.0
Super built-up  Area,Other,1070.0,2,2,32.99,1,2.0
Super built-up  Area,Other,1000.0,2,1,31.0,1,2.0
Built-up  Area,Other,1200.0,2,1,110.0,1,2.0
Plot  Area,Other,1400.0,2,1,78.0,0,3.0
Super built-up  Area,Other,2648.0,3,3,238.0,1,3.0
Built-up  Area,Other,1455.0,2,1,45.0,1,3.0
Super built-up  Area,Other,1475.0,3,1,80.0,0,3.0
Super built-up  Area,Other,1721.0,3,2,93.0,1,3.0
Built-up  Area,Other,1480.0,3,2,75.0,1,3.0
Built-up  Area,Other,4800.0,4,3,420.0,1,4.0
Built-up  Area,Other,1163.0,2,2,68.0,1,2.0
Super built-up  Area,Other,801.0,1,0,33.645,0,1.0
Built-up  Area,Other,1300.0,2,1,80.0,1,3.0
Super built-up  Area,Other,1540.0,3,2,65.0,1,3.0
Super built-up  Area,Other,1215.0,2,2,46.8,0,3.0
Built-up  Area,Other,2400.0,4,3,135.0,1,4.0
Super built-up  Area,Other,998.0,2,2,65.0,1,2.0
Plot  Area,Other,3300.0,9,0,450.0,1,10.0
Built-up  Area,Other,1040.0,2,2,78.0,1,2.0
Super built-up  Area,Other,1215.0,2,3,50.0,1,3.0
Super built-up  Area,Other,975.0,2,2,45.0,1,2.0
Built-up  Area,Other,1907.0,2,1,200.0,1,3.0
Super built-up  Area,Other,1330.0,2,2,80.0,1,2.0
Plot  Area,Other,4446.0,3,2,410.0,1,3.0
Plot  Area,Other,1320.0,2,1,95.0,1,3.0
Plot  Area,Other,8000.0,5,3,550.0,1,5.0
Super built-up  Area,Other,1400.0,3,2,45.0,0,3.0
Carpet  Area,Other,4500.0,3,0,225.0,1,4.0
Super built-up  Area,Other,3500.0,4,2,500.0,1,3.0
Plot  Area,Other,2200.0,2,0,150.0,1,4.0
Plot  Area,Other,1092.0,3,1,95.0,1,3.0
Built-up  Area,Other,1100.0,3,2,53.0,0,3.0
Super built-up  Area,Other,1170.0,2,3,50.0,1,2.0
Super built-up  Area,Other,1075.0,2,2,50.0,1,2.0
Super built-up  Area,Other,935.0,2,1,45.9,1,2.0
Built-up  Area,Other,2000.0,6,3,300.0,1,6.0
Super built-up  Area,Other,1120.0,2,3,36.0,1,2.0
Built-up  Area,Other,1130.0,2,1,75.0,1,2.0
Built-up  Area,Other,1334.0,2,1,62.0,0,2.0
Super built-up  Area,Other,1900.0,3,2,190.0,1,3.0
Super built-up  Area,Other,966.0,2,2,50.0,0,2.0
Super built-up  Area,Other,1630.0,3,2,131.0,0,3.0
Plot  Area,Other,1200.0,4,2,250.0,1,4.0
Built-up  Area,Other,1050.0,2,2,41.0,1,1.0
Super built-up  Area,Other,1427.0,2,2,52.0,1,2.0
Plot  Area,Other,3210.0,4,2,380.0,0,3.0
Super built-up  Area,Other,5425.0,13,0,275.0,1,13.0
Plot  Area,Other,1200.0,4,2,135.0,1,4.0
Built-up  Area,Other,1050.0,2,1,48.0,1,2.0
Plot  Area,Other,900.0,2,1,48.0,1,2.0
Built-up  Area,Other,4041.0,4,2,345.0,1,4.0
Super built-up  Area,Other,620.0,1,1,25.0,0,1.0
Built-up  Area,Other,1210.0,2,0,75.0,1,2.0
Super built-up  Area,Other,1180.0,2,3,41.94,0,2.0
Built-up  Area,Other,1430.0,3,2,70.0,1,3.0
Plot  Area,Other,1200.0,1,0,70.0,1,2.0
Super built-up  Area,Other,1950.0,4,3,95.0,1,3.0
Plot  Area,Other,1200.0,3,1,70.0,1,2.0
Built-up  Area,Other,1130.0,2,2,68.0,1,2.0
Super built-up  Area,Other,1245.0,1,3,60.0,1,2.0
Super built-up  Area,Other,1390.0,2,1,50.0,1,3.0
Super built-up  Area,Other,2750.0,5,2,275.0,1,3.0
Built-up  Area,Other,800.0,2,2,55.0,1,2.0
Super built-up  Area,Other,1244.0,2,2,95.0,1,2.0
Plot  Area,Other,1500.0,4,2,180.0,1,3.0
Built-up  Area,Other,1200.0,2,1,75.0,1,2.0
Plot  Area,Other,400.0,2,1,50.0,1,1.0
Super built-up  Area,Other,1100.0,2,2,57.6,1,2.0
Super built-up  Area,Other,2159.0,3,2,120.0,1,3.0
Plot  Area,Other,1200.0,4,2,180.0,1,3.0
Built-up  Area,Other,3100.0,6,1,165.0,1,5.0
Built-up  Area,Other,1200.0,1,0,48.0,1,1.0
Super built-up  Area,Other,1340.0,2,1,71.0,1,2.0
Super built-up  Area,Other,1675.0,3,3,62.0,1,3.0
Super built-up  Area,Other,1190.0,2,2,59.9,1,2.0
Super built-up  Area,Other,1250.0,2,1,55.0,1,2.0
Built-up  Area,Other,1450.0,2,2,90.0,1,2.0
Super built-up  Area,Other,1275.0,2,2,49.5,1,2.0
Plot  Area,Other,10030.0,1,1,150.0,1,1.0
Built-up  Area,Other,3600.0,4,0,225.0,1,4.0
Super built-up  Area,Other,2300.0,3,2,280.0,1,3.0
Built-up  Area,Other,3200.0,8,1,130.0,1,9.0
Plot  Area,Other,1900.0,2,0,92.0,1,3.0
Super built-up  Area,Other,1250.0,3,3,40.0,0,3.0
Super built-up  Area,Other,925.0,2,1,55.0,1,2.0
Plot  Area,Other,3900.0,3,3,250.0,1,3.0
Plot  Area,Other,1400.0,2,2,160.0,1,2.0
Super built-up  Area,Other,1715.0,3,2,95.0,1,3.0
Super built-up  Area,Other,703.0,2,1,60.0,1,2.0
Super built-up  Area,Other,1400.0,2,2,56.0,1,3.0
Super built-up  Area,Other,1270.0,2,2,57.15,1,3.0
Plot  Area,Other,600.0,1,0,20.0,1,1.0
Plot  Area,Other,4382.0,4,3,400.0,1,4.0
Plot  Area,Other,2400.0,3,0,360.0,1,3.0
Super built-up  Area,Other,1030.0,2,2,77.25,1,3.0
Super built-up  Area,Other,1254.0,2,1,70.0,0,3.0
Super built-up  Area,Other,1669.0,3,2,298.0,1,3.0
Super built-up  Area,Other,1820.0,3,2,79.5,1,3.0
Super built-up  Area,Other,1293.0,2,2,80.0,1,2.0
Super built-up  Area,Other,1050.0,2,1,36.0,1,2.0
Super built-up  Area,Other,1500.0,3,2,56.0,1,3.0
Plot  Area,Other,1000.0,2,0,66.0,0,2.0
Super built-up  Area,Other,1864.0,3,3,115.0,1,3.0
Plot  Area,Other,1200.0,2,3,135.0,1,2.0
Super built-up  Area,Other,1950.0,2,0,89.5,1,3.0
Built-up  Area,Other,2400.0,4,1,150.0,1,4.0
Super built-up  Area,Other,1263.0,2,1,51.5,1,2.0
Built-up  Area,Other,4400.0,5,3,240.0,1,5.0
Super built-up  Area,Other,1050.0,2,2,38.0,1,2.0
Super built-up  Area,Other,1525.0,2,2,91.48,1,3.0
Super built-up  Area,Other,975.0,2,1,60.0,1,2.0
Super built-up  Area,Other,2000.0,3,2,100.0,1,3.0
Built-up  Area,Other,1220.0,2,0,56.0,1,2.0
Plot  Area,Other,1500.0,2,0,85.0,1,1.0
Plot  Area,Other,5000.0,5,3,300.0,1,4.0
Built-up  Area,Other,1000.0,2,0,50.0,1,2.0
Plot  Area,Other,1200.0,4,1,138.0,1,2.0
Built-up  Area,Other,1100.0,2,2,68.0,1,2.0
Plot  Area,Other,4000.0,6,2,460.0,1,6.0
Super built-up  Area,Other,1105.0,2,2,28.18,0,2.0
Super built-up  Area,Other,2950.0,4,2,250.0,1,4.0
Built-up  Area,Other,1464.0,2,2,115.0,1,3.0
Super built-up  Area,Other,1385.0,3,3,90.0,1,3.0
Super built-up  Area,Other,1205.0,2,1,47.0,1,2.0
Super built-up  Area,Other,1070.0,2,2,33.43,1,2.0
Super built-up  Area,Other,1070.0,2,1,52.0,1,2.0
Super built-up  Area,Other,1415.0,2,2,120.0,1,2.0
Built-up  Area,Other,1750.0,3,2,58.0,0,3.0
Super built-up  Area,Other,1537.0,3,2,81.0,0,3.0
Built-up  Area,Other,1050.0,2,2,45.0,1,2.0
Plot  Area,Other,10624.0,4,2,2340.0,1,4.0
Built-up  Area,Other,1255.0,2,1,60.0,1,3.0
Plot  Area,Other,2400.0,2,2,185.0,1,3.0
Super built-up  Area,Other,1170.0,2,1,45.51,1,2.0
Built-up  Area,Other,1080.0,2,2,38.0,1,2.0
Super built-up  Area,Other,1025.0,2,1,65.0,1,2.0
Built-up  Area,Other,1020.0,2,1,70.0,1,2.0
Super built-up  Area,Other,1155.0,2,2,69.0,1,2.0
Plot  Area,Other,2600.0,5,3,370.0,1,5.0
Super built-up  Area,Other,2030.0,2,1,182.0,1,3.0
Super built-up  Area,Other,1555.0,2,1,67.0,1,3.0
Super built-up  Area,Other,2900.0,3,2,325.0,1,3.0
Super built-up  Area,Other,2180.0,4,3,115.0,1,4.0
Super built-up  Area,Other,1050.0,2,2,35.0,0,2.0
Super built-up  Area,Other,1610.0,3,3,85.0,1,3.0
Built-up  Area,Other,1500.0,2,0,145.0,1,2.0
Plot  Area,Other,3150.0,3,1,135.0,1,4.0
Super built-up  Area,Other,1255.0,2,1,56.7,1,2.0
Plot  Area,Other,600.0,2,2,29.5,0,2.0
Built-up  Area,Other,2597.0,4,3,189.0,1,4.0
Super built-up  Area,Other,1410.0,2,2,73.0,1,2.0
Built-up  Area,Other,1150.0,2,1,42.0,1,2.0
Super built-up  Area,Other,1170.0,2,2,53.11,0,2.0
Super built-up  Area,Other,1201.0,2,1,65.0,1,2.0
Super built-up  Area,Other,660.0,1,0,30.0,1,1.0
Plot  Area,Other,1050.0,2,0,40.0,1,2.0
Super built-up  Area,Other,933.4454079999999,2,2,40.0,1,2.0
Super built-up  Area,Other,2735.0,4,2,340.0,1,3.0
Built-up  Area,Other,950.0,2,0,65.0,1,2.0
Plot  Area,Other,980.0,3,1,80.0,1,3.0
Super built-up  Area,Other,1200.0,2,2,35.0,1,3.0
Built-up  Area,Other,750.0,2,0,20.0,1,2.0
Super built-up  Area,Other,1535.0,3,1,72.0,1,3.0
Super built-up  Area,Other,1265.0,2,2,68.0,1,2.0
Built-up  Area,Other,3500.0,4,0,150.0,1,4.0
Plot  Area,Other,5400.0,4,0,250.0,1,4.0
Super built-up  Area,Other,660.0,1,1,35.0,0,1.0
Super built-up  Area,Other,1140.0,2,3,60.0,1,2.0
Super built-up  Area,Other,1458.0,2,2,87.0,1,3.0
Super built-up  Area,Other,1081.0,2,1,39.0,1,2.0
Super built-up  Area,Other,1178.0,2,1,80.0,1,2.0
Super built-up  Area,Other,4000.0,8,1,150.0,1,7.0
Built-up  Area,Other,2700.0,4,3,295.0,1,4.0
Super built-up  Area,Other,1175.0,2,2,52.86,1,2.0
Super built-up  Area,Other,1426.0,2,3,71.0,1,3.0
Plot  Area,Other,1300.0,2,2,95.0,1,2.0
Built-up  Area,Other,936.0,1,0,53.0,0,1.0
Super built-up  Area,Other,1277.0,2,2,92.0,1,2.0
Plot  Area,Other,1600.0,2,1,160.0,1,2.0
Built-up  Area,Other,1350.0,3,2,60.0,1,3.0
Plot  Area,Other,1575.0,2,0,31.11,0,3.0
Plot  Area,Other,2400.0,5,1,150.0,1,5.0
Plot  Area,Other,2400.0,4,2,595.0,1,4.0
Plot  Area,Other,500.0,2,0,80.0,1,1.0
Super built-up  Area,Other,1092.0,2,1,49.0,1,2.0
Super built-up  Area,Other,827.0,2,0,34.0,1,2.0
Super built-up  Area,Other,800.0,2,1,32.0,1,2.0
Super built-up  Area,Other,1055.0,2,1,43.0,1,2.0
Super built-up  Area,Other,2214.0,3,2,350.0,0,3.0
Super built-up  Area,Other,1839.0,3,3,160.0,1,3.0
Built-up  Area,Other,2760.0,5,0,140.0,1,5.0
Super built-up  Area,Other,993.0,2,2,42.0,1,2.0
Super built-up  Area,Other,925.0,2,1,100.0,1,2.0
Super built-up  Area,Other,650.0,1,1,50.0,0,1.0
Plot  Area,Other,2260.0,3,1,90.0,1,2.0
Super built-up  Area,Other,720.0,1,0,32.39,0,1.0
Super built-up  Area,Other,2400.0,5,2,75.0,1,6.0
Super built-up  Area,Other,1600.0,3,2,130.0,1,3.0
Super built-up  Area,Other,1296.0,2,2,70.0,1,2.0
Super built-up  Area,Other,1125.0,2,1,55.0,1,2.0
Super built-up  Area,Other,1194.0,2,1,51.0,1,2.0
Built-up  Area,Other,3000.0,4,3,170.0,1,5.0
Built-up  Area,Other,2200.0,3,1,225.0,1,4.0
Super built-up  Area,Other,1300.0,2,2,63.0,1,2.0
Built-up  Area,Other,1626.6,3,1,133.0,0,3.0
Built-up  Area,Other,1007.0,2,2,48.0,1,2.0
Plot  Area,Other,1348.0,2,0,100.0,1,2.0
Built-up  Area,Other,1298.0,2,1,65.0,0,2.0
Plot  Area,Other,1350.0,4,0,175.0,1,4.0
Super built-up  Area,Other,1312.0,2,1,56.5,1,3.0
Super built-up  Area,Other,760.0,2,2,38.5,1,2.0
Super built-up  Area,Other,1182.0,2,1,60.1,1,3.0
Super built-up  Area,Other,1053.0,2,1,46.29,1,2.0
Super built-up  Area,Other,1035.0,2,2,52.79,0,2.0
Super built-up  Area,Other,1410.0,3,3,90.0,1,3.0
Super built-up  Area,Other,1460.0,2,2,87.0,1,3.0
Super built-up  Area,Other,3000.0,3,1,265.0,1,3.0
Super built-up  Area,Other,1200.0,2,2,120.0,1,3.0
Super built-up  Area,Other,1800.0,3,2,150.0,1,3.0
Plot  Area,Other,1000.0,2,1,35.0,1,2.0
Built-up  Area,Other,967.0,2,1,47.8,1,2.0
Super built-up  Area,Other,1798.0,3,3,73.0,1,3.0
Super built-up  Area,Other,2098.0,3,1,210.0,1,3.0
Super built-up  Area,Other,2400.0,3,1,270.0,1,3.0
Super built-up  Area,Other,1800.0,3,3,192.0,1,3.0
Super built-up  Area,Other,509.0,1,1,20.0,0,1.0
Super built-up  Area,Other,3535.0,4,2,215.0,1,4.0
Super built-up  Area,Other,1800.0,3,2,82.0,1,4.0
Super built-up  Area,Other,1397.0,2,0,52.0,1,3.0
Plot  Area,Other,2350.0,5,0,325.0,1,5.0
Carpet  Area,Other,2050.0,3,2,135.0,1,3.0
Plot  Area,Other,2100.0,1,1,200.0,1,2.0
Super built-up  Area,Other,1276.0,2,0,146.0,1,2.0
Super built-up  Area,Other,1339.0,2,1,53.56,0,2.0
Built-up  Area,Other,1305.0,2,2,52.0,1,2.0
Super built-up  Area,Other,1600.0,3,2,100.0,1,3.0
Built-up  Area,Other,2100.0,3,2,280.0,1,4.0
Super built-up  Area,Other,2300.0,2,0,69.0,1,3.0
Super built-up  Area,Other,1235.0,2,2,52.76,0,2.0
Super built-up  Area,Other,2100.0,3,1,270.0,1,3.0
Super built-up  Area,Other,850.0,2,1,42.5,1,2.0
Built-up  Area,Other,1150.0,2,1,39.0,0,2.0
Built-up  Area,Other,3500.0,4,3,320.0,1,4.0
Super built-up  Area,Other,1545.0,3,2,65.0,1,3.0
Super built-up  Area,Other,1540.0,3,2,150.0,1,3.0
Built-up  Area,Other,3200.0,4,0,270.0,1,4.0
Plot  Area,Other,900.0,2,2,160.0,1,2.0
Built-up  Area,Other,1050.0,2,2,45.0,0,2.0
Super built-up  Area,Other,1165.0,2,1,65.0,1,2.0
Built-up  Area,Other,4000.0,4,2,630.0,1,4.0
Plot  Area,Other,1200.0,1,0,42.0,1,2.0
Built-up  Area,Other,1300.0,2,1,58.0,1,2.0
Super built-up  Area,Other,1645.0,3,2,87.0,1,3.0
Built-up  Area,Other,2700.0,7,3,110.0,1,6.0
Super built-up  Area,Other,1305.0,2,1,45.68,1,3.0
Super built-up  Area,Other,1255.0,2,3,65.0,1,2.0
Built-up  Area,Other,800.0,1,3,95.0,1,2.0
Plot  Area,Other,1650.0,2,1,140.0,1,4.0
Super built-up  Area,Other,1451.0,3,1,68.0,1,3.0
Plot  Area,Other,4395.0,3,3,240.0,1,3.0
Super built-up  Area,Other,1100.0,2,2,38.5,1,2.0
Built-up  Area,Other,1936.0,3,2,139.0,1,3.0
Super built-up  Area,Other,3500.0,3,1,630.0,0,3.0
Built-up  Area,Other,935.0,2,0,40.0,1,2.0
Built-up  Area,Other,1220.0,2,3,65.0,1,2.0
Built-up  Area,Other,1400.0,2,1,40.43,0,3.0
Super built-up  Area,Other,1200.0,1,0,65.0,1,1.0
Plot  Area,Other,1800.0,3,0,95.0,1,3.0
Built-up  Area,Other,2045.0,3,2,108.0,1,3.0
Super built-up  Area,Other,1410.0,2,1,54.0,1,3.0
Super built-up  Area,Other,1310.0,2,1,88.0,1,2.0
Super built-up  Area,Other,1250.0,2,2,55.0,1,2.0
Built-up  Area,Other,2000.0,5,2,240.0,1,5.0
Built-up  Area,Other,4500.0,4,3,345.0,1,4.0
Built-up  Area,Other,3155.0,4,0,316.0,1,3.0
Super built-up  Area,Other,1441.0,2,1,115.0,1,2.0
Super built-up  Area,Other,418.0,1,1,17.0,1,1.0
Plot  Area,Other,1200.0,3,1,80.0,1,3.0
Plot  Area,Other,1500.0,2,1,200.0,1,3.0
Super built-up  Area,Other,675.0,2,2,13.5,1,2.0
Super built-up  Area,Other,610.0,1,0,28.0,0,1.0
Plot  Area,Other,2400.0,7,2,107.0,1,6.0
Built-up  Area,Other,1864.0,3,2,120.0,1,3.0
Built-up  Area,Other,950.0,2,3,57.0,1,2.0
Built-up  Area,Other,985.0,2,1,45.0,1,2.0
Super built-up  Area,Other,1100.0,2,1,62.0,0,2.0
Super built-up  Area,Other,1530.0,3,3,87.0,1,4.0
Plot  Area,Other,1200.0,2,0,190.0,1,3.0
Super built-up  Area,Other,2400.0,3,1,108.0,1,4.0
Plot  Area,Other,1200.0,2,0,90.0,1,3.0
Built-up  Area,Other,3600.0,6,1,170.0,1,6.0
Super built-up  Area,Other,1279.0,2,3,100.0,1,2.0
Super built-up  Area,Other,1525.0,3,2,68.63,0,3.0
Built-up  Area,Other,900.0,2,0,25.0,1,2.0
Built-up  Area,Other,1200.0,2,2,35.0,1,4.0
Built-up  Area,Other,1185.0,2,1,42.66,1,2.0
Plot  Area,Other,1550.0,3,1,250.0,1,5.0
Plot  Area,Other,3600.0,4,2,300.0,1,4.0
Super built-up  Area,Other,3730.0,6,2,430.0,1,4.0
Plot  Area,Other,1600.0,4,1,120.0,1,3.0
Plot  Area,Other,1120.0,2,0,60.0,1,2.0
Super built-up  Area,Other,5100.0,7,0,225.0,1,6.0
Built-up  Area,Other,1308.0,2,1,86.0,1,2.0
Built-up  Area,Other,2170.0,3,2,265.0,1,4.0
Plot  Area,Other,1500.0,5,2,210.0,1,5.0
Super built-up  Area,Other,1100.0,2,2,55.0,1,2.0
Super built-up  Area,Other,1347.0,2,2,55.0,0,3.0
Built-up  Area,Other,4000.0,7,0,90.0,0,7.0
Super built-up  Area,Other,1919.0,3,0,300.0,1,3.0
Plot  Area,Other,1200.0,3,0,78.0,0,2.0
Super built-up  Area,Other,2180.0,3,3,273.0,1,3.0
Super built-up  Area,Other,1449.0,3,1,72.0,1,3.0
Plot  Area,Other,1200.0,4,2,180.0,1,4.0
Super built-up  Area,Other,1100.0,2,2,38.68,0,2.0
Super built-up  Area,Other,1100.0,2,3,55.0,1,2.0
Super built-up  Area,Other,3300.0,8,3,310.0,1,8.0
Plot  Area,Other,1200.0,4,1,190.0,1,4.0
Built-up  Area,Other,1300.0,2,3,95.0,1,2.0
Super built-up  Area,Other,1350.0,2,2,89.5,1,2.0
Built-up  Area,Other,2312.0,3,2,156.0,1,3.0
Built-up  Area,Other,1175.0,2,1,70.0,1,2.0
Super built-up  Area,Other,1145.0,2,2,51.0,1,2.0
Built-up  Area,Other,2150.0,3,3,240.0,1,3.0
Super built-up  Area,Other,1690.0,3,3,50.0,1,3.0
Plot  Area,Other,1386.0,3,2,93.0,1,4.0
Super built-up  Area,Other,1090.0,2,2,32.0,1,2.0
Super built-up  Area,Other,2400.0,2,3,50.0,1,3.0
Plot  Area,Other,2800.0,3,1,400.0,1,3.0
Super built-up  Area,Other,1559.0,3,2,62.0,1,3.0
Super built-up  Area,Other,6652.0,6,1,510.0,1,4.0
Plot  Area,Other,1350.0,4,3,240.0,1,4.0
Super built-up  Area,Other,1060.0,2,1,52.0,1,2.0
Plot  Area,Other,2500.0,2,1,300.0,1,3.0
Super built-up  Area,Other,1500.0,2,2,120.0,1,3.0
Built-up  Area,Other,1700.0,3,2,55.0,1,4.0
Super built-up  Area,Other,3150.0,4,3,180.0,1,4.0
Built-up  Area,Other,1200.0,1,0,39.82,1,1.0
Built-up  Area,Other,3520.0,6,1,460.0,1,5.0
Super built-up  Area,Other,1330.0,2,2,68.0,1,3.0
Super built-up  Area,Other,927.0,2,2,37.0,0,2.0
Built-up  Area,Other,1200.0,3,1,68.0,1,3.0
Built-up  Area,Other,760.0,2,1,37.49,1,2.0
Super built-up  Area,Other,3800.0,6,0,390.0,1,6.0
Plot  Area,Other,410.0,1,1,48.0,1,1.0
Super built-up  Area,Other,1717.0,3,2,200.0,1,3.0
Plot  Area,Other,880.0,1,0,90.0,1,2.0
Super built-up  Area,Other,1250.0,3,2,42.0,0,3.0
Built-up  Area,Other,1280.0,2,2,68.48,1,2.0
Plot  Area,Other,1065.0,3,1,72.0,1,3.0
Super built-up  Area,Other,3200.0,4,2,140.0,1,3.0
Built-up  Area,Other,1250.0,2,1,77.13,1,3.0
Super built-up  Area,Other,1475.0,3,3,75.0,1,3.0
Carpet  Area,Other,2100.0,3,0,210.0,1,4.0
Super built-up  Area,Other,1330.0,3,2,65.0,1,3.0
Built-up  Area,Other,1065.0,2,2,45.0,0,2.0
Plot  Area,Other,7000.0,6,2,560.0,1,6.0
Super built-up  Area,Other,1525.0,3,3,65.0,1,3.0
Built-up  Area,Other,1220.0,2,2,72.0,1,2.0
Super built-up  Area,Other,1500.0,2,2,60.0,1,2.0
Built-up  Area,Other,2500.0,4,0,65.0,1,3.0
Built-up  Area,Other,1884.0,3,2,95.0,1,3.0
Built-up  Area,Other,1100.0,2,2,75.0,1,2.0
Plot  Area,Other,4800.0,5,2,350.0,1,4.0
Built-up  Area,Other,1700.0,3,2,74.0,1,3.0
Plot  Area,Other,1200.0,3,2,110.0,1,3.0
Super built-up  Area,Other,705.0,1,1,65.0,1,1.0
Super built-up  Area,Other,1495.0,2,1,63.0,1,3.0
Built-up  Area,Other,1250.0,2,3,75.0,1,2.0
Super built-up  Area,Other,1230.0,2,1,50.0,1,2.0
Super built-up  Area,Other,1275.0,2,2,59.0,1,2.0
Super built-up  Area,Other,1040.0,2,2,36.4,1,2.0
Plot  Area,Other,4304.0,4,2,699.0,0,4.0
Super built-up  Area,Other,648.0,1,1,40.0,0,1.0
Super built-up  Area,Other,4209.0,4,2,602.0,0,4.0
Super built-up  Area,Other,1320.0,2,1,58.0,1,3.0
Plot  Area,Other,1200.0,5,1,150.0,1,4.0
Super built-up  Area,Other,1480.0,3,1,75.48,0,3.0
Super built-up  Area,Other,500.0,1,1,13.0,1,1.0
Plot  Area,Other,2400.0,4,1,325.0,1,5.0
Super built-up  Area,Other,1128.0,2,2,48.4,1,2.0
Super built-up  Area,Other,1180.0,2,2,65.0,1,2.0
Built-up  Area,Other,1200.0,2,1,60.0,1,2.0
Super built-up  Area,Other,1250.0,3,2,39.5,0,3.0
Built-up  Area,Other,1000.0,2,1,45.0,1,2.0
Super built-up  Area,Other,975.0,2,1,55.0,1,2.0
Built-up  Area,Other,1190.0,2,2,42.0,1,2.0
Super built-up  Area,Other,1275.0,2,3,55.0,1,2.0
Built-up  Area,Other,1115.0,2,1,115.0,1,2.0
Super built-up  Area,Other,1080.0,2,2,38.0,0,2.0
Super built-up  Area,Other,1170.0,2,1,39.0,1,2.0
Super built-up  Area,Other,1070.0,2,1,50.0,1,2.0
Super built-up  Area,Other,1532.0,3,2,59.75,1,3.0
Super built-up  Area,Other,1150.0,2,1,46.0,1,2.0
Super built-up  Area,Other,1495.0,3,2,90.0,1,3.0
Built-up  Area,Other,1053.0,2,0,51.0,1,2.0
Plot  Area,Other,1200.0,2,1,75.0,1,4.0
Built-up  Area,Other,1000.0,2,2,60.0,1,2.0
Super built-up  Area,Other,830.0,2,2,26.0,1,2.0
Plot  Area,Other,2750.0,6,3,200.0,1,6.0
Built-up  Area,Other,660.0,2,0,76.0,1,2.0
Built-up  Area,Other,1470.0,2,3,60.0,1,3.0
Built-up  Area,Other,1275.0,2,1,76.0,1,2.0
Super built-up  Area,Other,1602.0,3,2,56.0,0,3.0
Built-up  Area,Other,793.0,1,1,40.0,0,1.0
Super built-up  Area,Other,1100.0,2,2,38.0,0,2.0
Super built-up  Area,Other,1555.0,3,3,73.0,1,3.0
Super built-up  Area,Other,1630.0,2,2,130.0,1,3.0
Plot  Area,Other,2360.0,4,2,601.0,0,4.0
Super built-up  Area,Other,1563.0,3,2,63.0,1,3.0
Plot  Area,Other,1344.0,4,1,84.0,1,4.0
Super built-up  Area,Other,3000.0,3,2,400.0,1,3.0
Plot  Area,Other,1200.0,2,0,82.0,1,2.0
Super built-up  Area,Other,1419.0,3,2,85.0,1,3.0
Super built-up  Area,Other,1195.0,2,0,42.4,0,2.0
Built-up  Area,Other,2020.0,3,3,270.0,1,3.0
Built-up  Area,Other,850.0,1,0,50.0,1,1.0
Built-up  Area,Other,933.0,2,0,55.0,1,2.0
Super built-up  Area,Other,865.0,2,2,33.0,1,2.0
Super built-up  Area,Other,1145.0,2,2,60.0,1,3.0
Plot  Area,Other,400.0,1,1,75.0,1,1.0
Super built-up  Area,Other,823.0,2,1,80.0,1,2.0
Built-up  Area,Other,1025.0,2,1,48.0,1,2.0
Plot  Area,Other,1750.0,3,2,120.0,1,3.0
Super built-up  Area,Other,750.0,2,0,40.0,1,2.0
Super built-up  Area,Other,1300.0,3,2,46.0,0,3.0
Built-up  Area,Other,2750.0,5,2,550.0,1,3.0
Super built-up  Area,Other,2150.0,3,0,170.0,1,3.0
Plot  Area,Other,1500.0,1,0,218.0,1,2.0
Super built-up  Area,Other,2200.0,2,1,190.0,1,3.0
Super built-up  Area,Other,1368.0,2,3,87.0,1,2.0
Built-up  Area,Other,1507.0,3,1,80.0,1,3.0
Super built-up  Area,Other,1160.0,2,2,57.0,1,2.0
Plot  Area,Other,1200.0,3,1,70.0,1,3.0
Super built-up  Area,Other,1175.0,2,2,83.0,1,2.0
Super built-up  Area,Other,6729.0,4,0,900.0,1,3.0
Plot  Area,Other,1350.0,4,1,310.0,0,4.0
Super built-up  Area,Other,893.0,2,2,34.5,1,2.0
Built-up  Area,Other,1400.0,3,2,98.0,1,3.0
Super built-up  Area,Other,1138.0,2,1,32.0,0,2.0
Built-up  Area,Other,1495.0,2,2,70.0,1,3.0
Built-up  Area,Other,1410.0,2,2,43.71,0,3.0
Built-up  Area,Other,1052.0,2,2,52.0,1,2.0
Super built-up  Area,Other,1000.0,2,2,45.0,1,2.0
Super built-up  Area,Other,2240.0,3,2,300.0,0,3.0
Super built-up  Area,Other,1300.0,3,2,42.25,1,3.0
Built-up  Area,Other,1300.0,2,2,60.0,1,3.0
Plot  Area,Other,1520.0,3,1,165.0,1,3.0
Super built-up  Area,Other,1050.0,2,2,45.0,1,2.0
Super built-up  Area,Other,1567.0,2,3,62.0,1,3.0
Plot  Area,Other,1524.0,4,2,400.0,1,3.0
Super built-up  Area,Other,2360.0,3,2,185.0,1,4.0
Built-up  Area,Other,1760.0,3,3,90.0,1,3.0
Super built-up  Area,Other,1100.0,2,1,58.5,1,2.0
Built-up  Area,Other,1236.0,2,1,50.0,1,2.0
Plot  Area,Other,1440.0,4,1,240.0,1,4.0
Super built-up  Area,Other,600.0,4,1,70.0,1,2.0
Plot  Area,Other,800.0,1,0,45.0,1,2.0
Plot  Area,Other,1200.0,4,0,120.0,0,4.0
Plot  Area,Other,1892.0,3,2,200.0,1,3.0
Built-up  Area,Other,1095.0,2,1,39.0,1,2.0
Super built-up  Area,Other,1050.0,2,2,65.0,1,2.0
Plot  Area,Other,1200.0,3,1,56.53,0,3.0
Super built-up  Area,Other,1625.0,3,3,92.0,1,3.0
Built-up  Area,Other,2100.0,3,0,145.0,1,5.0
Super built-up  Area,Other,1269.0,2,2,97.0,1,2.0
Super built-up  Area,Other,1025.0,2,1,39.98,1,2.0
Super built-up  Area,Other,1353.0,2,2,110.0,1,3.0
Plot  Area,Other,1200.0,2,1,68.0,0,2.0
Super built-up  Area,Other,1250.0,2,1,70.0,1,3.0
Super built-up  Area,Other,1950.2,3,2,261.0,0,3.0
Super built-up  Area,Other,2171.66,3,2,298.0,0,3.0
Super built-up  Area,Other,900.0,2,1,40.0,1,2.0
Super built-up  Area,Other,1600.0,3,1,100.0,0,3.0
Plot  Area,Other,540.0,1,0,22.0,1,1.0
Super built-up  Area,Other,1950.2,3,2,193.0,0,3.0
Super built-up  Area,Other,1125.0,2,2,55.0,1,2.0
Super built-up  Area,Other,1563.0,2,2,52.0,1,3.0
Super built-up  Area,Other,1013.0,2,2,60.0,1,2.0
Super built-up  Area,Other,2100.0,3,3,220.0,1,3.0
Carpet  Area,Other,1600.0,3,2,77.0,1,3.0
Super built-up  Area,Other,1190.0,2,1,48.0,1,2.0
Super built-up  Area,Other,1625.0,3,2,95.0,1,3.0
Super built-up  Area,Other,1210.0,2,2,53.0,1,2.0
Built-up  Area,Other,1160.0,2,3,55.0,1,2.0
Super built-up  Area,Other,930.0,1,1,55.0,1,2.0
Super built-up  Area,Other,3000.0,5,3,500.0,1,4.0
Super built-up  Area,Other,1053.0,2,3,44.0,1,2.0
Super built-up  Area,Other,1325.0,2,3,56.0,1,3.0
Super built-up  Area,Other,1169.0,2,1,50.11,0,2.0
Built-up  Area,Other,2400.0,3,0,185.0,1,4.0
Super built-up  Area,Other,1070.0,2,2,38.0,0,2.0
Built-up  Area,Other,1427.0,2,0,85.0,1,3.0
Super built-up  Area,Other,2031.0,2,2,200.0,1,2.0
Plot  Area,Other,2000.0,3,1,180.0,1,4.0
Super built-up  Area,Other,1062.0,2,1,50.0,1,2.0
Super built-up  Area,Other,700.0,1,1,25.5,1,1.0
Plot  Area,Other,1200.0,3,2,120.0,1,3.0
Super built-up  Area,Other,1200.0,2,1,115.0,1,2.0
Super built-up  Area,Other,1450.0,3,3,65.0,1,3.0
Plot  Area,Other,1650.0,6,0,200.0,1,5.0
Super built-up  Area,Other,2000.0,3,3,200.0,1,3.0
Super built-up  Area,Other,1150.0,2,2,90.0,1,2.0
Super built-up  Area,Other,595.0,1,1,40.0,0,1.0
Plot  Area,Other,3750.0,4,0,190.0,1,4.0
Plot  Area,Other,5480.0,4,2,400.0,1,3.0
Built-up  Area,Other,1500.0,3,2,75.0,1,3.0
Plot  Area,Other,5656.0,5,0,499.0,1,3.0
Super built-up  Area,Other,1300.0,2,1,33.0,1,2.0
Super built-up  Area,Other,1250.0,3,2,54.0,0,3.0
Super built-up  Area,Other,1425.0,2,2,65.0,1,3.0
Plot  Area,Other,1200.0,1,0,50.0,1,2.0
Plot  Area,Other,3700.0,4,2,400.0,1,4.0
Carpet  Area,Other,1625.0,3,1,150.0,1,3.0
Built-up  Area,Other,1300.0,3,1,65.0,1,2.0
Super built-up  Area,Other,1150.0,2,2,47.0,1,2.0
Super built-up  Area,Other,1515.0,3,3,80.5,1,3.0
Super built-up  Area,Other,1115.0,3,1,39.14,0,3.0
Super built-up  Area,Other,2505.0,3,0,165.0,1,3.0
Super built-up  Area,Other,1705.0,2,1,86.96,0,3.0
Super built-up  Area,Other,1650.0,3,2,135.0,1,3.0
Super built-up  Area,Other,925.0,2,1,68.0,1,2.0
Super built-up  Area,Other,1190.0,2,2,46.41,1,2.0
Built-up  Area,Other,1750.0,3,2,100.0,1,3.0
Super built-up  Area,Other,16335.0,4,2,149.0,1,4.0
Super built-up  Area,Other,747.0,1,2,27.0,1,1.0
Super built-up  Area,Other,1113.0,2,1,52.0,1,2.0
Super built-up  Area,Other,1738.0,3,2,110.0,1,3.0
Built-up  Area,Other,3500.0,6,0,115.0,1,6.0
Super built-up  Area,Other,900.0,2,2,27.0,1,2.0
Super built-up  Area,Other,1720.0,3,1,95.0,1,3.0
Super built-up  Area,Other,500.0,1,2,51.0,1,1.0
Built-up  Area,Other,850.0,2,2,45.0,1,2.0
Super built-up  Area,Other,1020.0,2,2,52.0,0,2.0
Plot  Area,Other,2400.0,2,1,360.0,1,3.0
Plot  Area,Other,1350.0,4,3,235.0,1,4.0
Super built-up  Area,Other,1005.0,2,2,40.0,1,2.0
Super built-up  Area,Other,1290.0,2,2,71.95,1,2.0
Built-up  Area,Other,1650.0,3,2,140.0,1,3.0
Built-up  Area,Other,1220.0,2,2,52.0,1,2.0
Built-up  Area,Other,3150.0,4,2,150.0,1,4.0
Built-up  Area,Other,2000.0,5,0,75.0,1,5.0
Super built-up  Area,Other,2559.0,1,1,55.0,1,1.0
Super built-up  Area,Other,720.0,1,2,28.0,1,1.0
Built-up  Area,Other,1100.0,2,1,90.0,1,2.0
Super built-up  Area,Other,1220.0,2,2,60.0,1,2.0
Built-up  Area,Other,1500.0,3,2,50.0,0,3.0
Super built-up  Area,Other,5000.0,5,0,250.0,1,4.0
Super built-up  Area,Other,600.0,1,1,22.8,1,1.0
Super built-up  Area,Other,540.0,1,2,24.0,1,1.0
Super built-up  Area,Other,1650.0,3,2,78.0,1,3.0
Super built-up  Area,Other,1250.0,3,2,44.0,0,3.0
Built-up  Area,Other,1154.0,2,1,57.0,1,2.0
Super built-up  Area,Other,1057.0,2,1,42.0,1,2.0
Plot  Area,Other,1200.0,4,1,85.0,0,4.0
Super built-up  Area,Other,980.0,2,3,35.0,1,2.0
Plot  Area,Other,2400.0,4,1,500.0,1,4.0
Super built-up  Area,Other,1270.0,2,1,35.56,0,3.0
Super built-up  Area,Other,2400.0,3,2,185.0,1,3.0
Plot  Area,Other,1277.0,2,2,150.0,1,2.0
Super built-up  Area,Other,1432.0,3,2,79.0,0,3.0
Super built-up  Area,Other,1500.0,3,3,90.0,1,3.0
Super built-up  Area,Other,3500.0,3,3,425.0,1,4.0
Built-up  Area,Other,3100.0,5,0,425.0,1,4.0
Super built-up  Area,Other,1100.0,2,2,45.0,1,3.0
Super built-up  Area,Other,1260.0,2,1,55.0,1,2.0
Plot  Area,Other,600.0,1,0,24.0,1,1.0
Super built-up  Area,Other,1770.0,3,2,99.0,1,3.0
Super built-up  Area,Other,1800.0,3,1,130.0,1,3.0
Super built-up  Area,Other,1375.0,2,1,45.0,1,2.0
Super built-up  Area,Other,4750.0,6,1,948.0,0,4.0
Super built-up  Area,Other,1570.0,2,2,95.0,1,3.0
Super built-up  Area,Other,2777.29,5,2,649.0,0,3.0
Super built-up  Area,Other,2250.0,3,0,180.0,1,3.0
Built-up  Area,Other,1270.0,2,0,172.0,1,2.0
Super built-up  Area,Other,1145.0,2,2,44.0,1,2.0
Built-up  Area,Other,2700.0,5,2,150.0,1,5.0
Built-up  Area,Other,3210.0,2,0,353.0,0,5.0
Super built-up  Area,Other,1165.0,2,2,45.0,0,2.0
Super built-up  Area,Other,1340.0,2,2,47.0,1,3.0
Super built-up  Area,Other,1210.0,2,1,60.0,1,2.0
Super built-up  Area,Other,1684.0,3,2,86.0,1,3.0
Super built-up  Area,Other,1686.0,3,3,77.0,1,3.0
Super built-up  Area,Other,1654.0,3,3,82.0,1,3.0
Super built-up  Area,Other,1950.0,3,3,132.0,1,3.0
Plot  Area,Other,1200.0,2,2,130.0,1,3.0
Super built-up  Area,Other,1600.0,3,2,102.0,1,3.0
Built-up  Area,Other,3290.0,4,0,460.0,1,3.0
Super built-up  Area,Other,1088.0,2,2,46.0,0,2.0
Super built-up  Area,Other,1200.0,2,2,45.0,1,2.0
Built-up  Area,Other,1800.0,6,2,101.0,1,6.0
Carpet  Area,Other,1100.0,2,0,65.0,1,2.0
Super built-up  Area,Other,1035.0,2,2,55.0,0,2.0
Super built-up  Area,Other,600.0,3,2,72.0,1,2.0
Super built-up  Area,Other,1200.0,3,3,75.0,1,3.0
Super built-up  Area,Other,450.0,1,1,20.0,1,1.0
Super built-up  Area,Other,4000.0,5,0,680.0,1,5.0
Super built-up  Area,Other,1495.0,2,2,52.33,1,3.0
Super built-up  Area,Other,1719.0,3,3,95.0,1,3.0
Super built-up  Area,Other,1190.0,2,1,55.0,1,2.0
Super built-up  Area,Other,1162.0,2,1,48.0,1,2.0
Super built-up  Area,Other,540.0,1,1,22.5,1,1.0
Built-up  Area,Other,970.0,2,0,45.0,1,2.0
Super built-up  Area,Other,1084.0,2,1,51.0,1,2.0
Super built-up  Area,Other,1500.0,3,2,85.0,1,3.0
Super built-up  Area,Other,1360.0,2,2,73.0,1,3.0
Built-up  Area,Other,1182.0,2,1,64.0,1,2.0
Plot  Area,Other,1350.0,1,0,120.0,1,3.0
Super built-up  Area,Other,1500.0,3,1,90.0,1,3.0
Super built-up  Area,Other,2292.0,2,1,285.0,1,3.0
Plot  Area,Other,1750.0,4,2,263.0,1,4.0
Super built-up  Area,Other,1945.0,3,2,135.0,1,3.0
Super built-up  Area,Other,2710.0,5,3,142.0,0,4.0
Super built-up  Area,Other,1075.0,2,2,58.0,1,2.0
Built-up  Area,Other,1410.0,3,3,68.0,1,3.0
Super built-up  Area,Other,1786.0,3,2,79.99,1,3.0
Super built-up  Area,Other,1369.0,2,3,72.0,1,3.0
Super built-up  Area,Other,1418.0,2,1,62.0,1,2.0
Super built-up  Area,Other,1035.0,2,2,60.0,1,2.0
Super built-up  Area,Other,5665.84,7,0,988.0,1,5.0
Super built-up  Area,Other,1232.0,2,1,94.28,0,2.0
Super built-up  Area,Other,980.0,2,1,41.0,1,2.0
Super built-up  Area,Other,6652.0,6,1,660.0,1,4.0
Super built-up  Area,Other,1307.0,2,2,59.0,1,2.0
Super built-up  Area,Other,1215.0,2,2,49.86,0,3.0
Super built-up  Area,Other,1025.0,2,2,43.04,1,2.0
Built-up  Area,Other,2920.0,4,3,536.0,0,4.0
Built-up  Area,Other,2700.0,3,2,230.0,1,4.0
Super built-up  Area,Other,1125.0,2,2,46.0,1,2.0
Plot  Area,Other,6688.0,6,1,700.0,1,4.0
Super built-up  Area,Other,1830.0,3,2,95.0,1,3.0
Built-up  Area,Other,2872.0,4,3,183.0,1,4.0
Super built-up  Area,Other,1486.0,2,2,65.0,1,3.0
Built-up  Area,Other,4600.0,9,0,150.0,1,9.0
Super built-up  Area,Other,1100.0,2,2,64.08,0,2.0
Super built-up  Area,Other,1975.0,3,3,90.0,1,3.0
Built-up  Area,Other,1600.0,2,1,90.0,1,2.0
Super built-up  Area,Other,1100.0,2,2,32.0,0,2.0
Super built-up  Area,Other,530.0,1,1,18.0,1,1.0
Built-up  Area,Other,1010.0,2,1,41.0,1,2.0
Plot  Area,Other,1800.0,5,1,140.0,1,6.0
Super built-up  Area,Other,1012.0,2,1,62.0,1,2.0
Super built-up  Area,Other,1090.0,2,2,55.0,1,2.0
Built-up  Area,Other,1490.0,3,0,140.0,1,3.0
Super built-up  Area,Other,1330.0,2,1,56.0,1,2.0
Built-up  Area,Other,1650.0,1,1,130.0,1,2.0
Super built-up  Area,Other,1480.0,2,0,75.0,1,3.0
Super built-up  Area,Other,1500.0,2,3,78.0,1,3.0
Super built-up  Area,Other,745.0,2,1,36.0,1,2.0
Super built-up  Area,Other,1155.0,2,1,64.0,1,2.0
Super built-up  Area,Other,1508.0,3,1,77.0,1,3.0
Built-up  Area,Other,1903.0,2,1,293.0,1,3.0
Carpet  Area,Other,1200.0,2,3,70.0,0,2.0
Super built-up  Area,Other,1800.0,1,1,200.0,1,1.0
Plot  Area,Other,2000.0,2,2,360.0,1,3.0
Built-up  Area,Other,1140.0,1,1,185.0,1,2.0
Super built-up  Area,Other,1095.0,2,1,57.0,1,2.0
Built-up  Area,Other,1256.0,2,1,65.0,1,2.0
Plot  Area,Other,812.0,1,0,26.0,0,1.0
Super built-up  Area,Other,1440.0,2,2,63.93,0,3.0
Super built-up  Area,Other,1075.0,2,2,48.0,1,2.0
Super built-up  Area,Other,3600.0,5,0,400.0,1,4.0
Built-up  Area,Padmanabhanagar,1020.0,2,2,63.0,1,2.0
Built-up  Area,Padmanabhanagar,1176.0,2,0,62.0,1,2.0
Super built-up  Area,Padmanabhanagar,1258.0,2,2,115.0,1,2.0
Super built-up  Area,Padmanabhanagar,1708.0,2,1,90.5,0,3.0
Super built-up  Area,Padmanabhanagar,1100.0,2,2,65.0,1,2.0
Built-up  Area,Padmanabhanagar,3400.0,3,1,210.0,1,4.0
Super built-up  Area,Padmanabhanagar,1531.0,2,0,75.0,1,3.0
Super built-up  Area,Padmanabhanagar,1400.0,3,0,65.0,1,3.0
Super built-up  Area,Padmanabhanagar,1360.0,2,3,75.0,1,3.0
Built-up  Area,Padmanabhanagar,4500.0,4,2,360.0,1,3.0
Super built-up  Area,Padmanabhanagar,1200.0,2,1,60.0,1,2.0
Super built-up  Area,Padmanabhanagar,1710.0,2,2,90.63,0,3.0
Super built-up  Area,Padmanabhanagar,1000.0,1,0,90.0,1,2.0
Super built-up  Area,Padmanabhanagar,1067.0,2,2,52.0,1,2.0
Super built-up  Area,Padmanabhanagar,1250.0,2,2,70.0,1,3.0
Super built-up  Area,Padmanabhanagar,1350.0,3,1,71.55,0,3.0
Super built-up  Area,Padmanabhanagar,1360.0,3,1,75.0,1,3.0
Super built-up  Area,Padmanabhanagar,1100.0,2,1,60.0,1,2.0
Super built-up  Area,Padmanabhanagar,2051.0,3,1,180.0,0,3.0
Super built-up  Area,Padmanabhanagar,2051.0,3,2,170.0,0,3.0
Super built-up  Area,Pai Layout,1006.0,2,2,35.0,1,2.0
Super built-up  Area,Pai Layout,1550.0,2,2,90.0,1,3.0
Super built-up  Area,Pai Layout,1050.0,2,2,40.0,1,2.0
Super built-up  Area,Pai Layout,1400.0,2,3,67.0,1,3.0
Built-up  Area,Pai Layout,1100.0,2,2,50.0,1,2.0
Super built-up  Area,Pai Layout,1255.0,2,1,80.0,1,2.0
Super built-up  Area,Pai Layout,1075.0,2,2,35.0,1,2.0
Super built-up  Area,Pai Layout,1400.0,2,2,57.5,1,2.0
Super built-up  Area,Pai Layout,1175.0,2,2,60.0,1,2.0
Super built-up  Area,Pai Layout,810.0,2,2,34.5,1,2.0
Built-up  Area,Pai Layout,1000.0,2,2,34.0,1,2.0
Super built-up  Area,Pai Layout,1000.0,2,3,42.0,1,2.0
Built-up  Area,Pai Layout,3800.0,6,0,175.0,1,6.0
Built-up  Area,Pai Layout,1068.0,2,3,48.0,1,2.0
Super built-up  Area,Pai Layout,1510.0,2,2,65.0,1,3.0
Super built-up  Area,Pai Layout,1500.0,2,2,58.0,1,3.0
Super built-up  Area,Pai Layout,1600.0,2,1,65.0,1,3.0
Super built-up  Area,Panathur,1359.0,2,1,87.0,1,2.0
Super built-up  Area,Panathur,1438.0,2,3,100.0,1,2.0
Super built-up  Area,Panathur,1688.0,3,1,118.0,0,3.0
Super built-up  Area,Panathur,1695.0,3,1,90.0,1,3.0
Super built-up  Area,Panathur,1198.0,2,1,77.0,0,2.0
Super built-up  Area,Panathur,1180.0,2,1,70.0,1,2.0
Super built-up  Area,Panathur,1546.0,3,2,99.0,1,3.0
Super built-up  Area,Panathur,1370.0,2,2,75.0,1,3.0
Super built-up  Area,Panathur,1000.0,2,1,65.3,0,2.0
Super built-up  Area,Panathur,1109.0,2,1,63.0,1,2.0
Built-up  Area,Panathur,1000.0,2,1,68.0,1,2.0
Super built-up  Area,Panathur,1255.0,2,2,79.0,1,2.0
Super built-up  Area,Panathur,1205.0,2,2,62.9,0,2.0
Super built-up  Area,Panathur,1198.0,2,1,82.0,1,2.0
Super built-up  Area,Panathur,1235.0,2,3,65.0,1,2.0
Super built-up  Area,Panathur,1210.0,2,1,80.0,0,2.0
Super built-up  Area,Panathur,1210.0,2,1,77.0,0,2.0
Built-up  Area,Panathur,661.0,1,1,40.0,0,1.0
Super built-up  Area,Panathur,1210.0,2,1,78.0,0,2.0
Super built-up  Area,Panathur,1861.0,3,3,92.0,1,3.0
Built-up  Area,Panathur,1050.0,2,2,60.0,1,2.0
Super built-up  Area,Panathur,1398.0,2,1,97.0,0,2.0
Built-up  Area,Panathur,1065.0,2,1,58.0,1,2.0
Super built-up  Area,Panathur,1007.0,2,1,64.0,0,2.0
Super built-up  Area,Panathur,1210.0,2,1,77.93,0,2.0
Super built-up  Area,Panathur,1230.0,2,1,80.0,1,2.0
Super built-up  Area,Panathur,980.0,2,1,57.0,1,2.0
Super built-up  Area,Panathur,1075.0,2,2,60.0,1,2.0
Super built-up  Area,Panathur,1210.0,2,2,69.0,1,2.0
Super built-up  Area,Panathur,1343.0,2,1,76.0,0,2.0
Super built-up  Area,Parappana Agrahara,1194.0,2,2,47.0,1,2.0
Super built-up  Area,Parappana Agrahara,1194.0,2,2,46.0,1,2.0
Super built-up  Area,Parappana Agrahara,1092.0,2,2,43.0,1,2.0
Super built-up  Area,Parappana Agrahara,1194.0,2,2,45.0,1,2.0
Plot  Area,Parappana Agrahara,1200.0,1,0,45.0,1,1.0
Super built-up  Area,Pattandur Agrahara,1550.0,2,3,80.0,1,3.0
Super built-up  Area,Pattandur Agrahara,1025.0,2,1,44.5,1,2.0
Super built-up  Area,Pattandur Agrahara,1247.0,2,1,59.8,1,2.0
Super built-up  Area,Pattandur Agrahara,900.0,2,2,42.0,1,2.0
Super built-up  Area,Pattandur Agrahara,1302.0,2,1,66.0,1,2.0
Super built-up  Area,Pattandur Agrahara,1247.0,2,2,62.35,1,2.0
Super built-up  Area,Pattandur Agrahara,1350.0,2,3,68.0,1,2.0
Super built-up  Area,Poorna Pragna Layout,920.0,2,2,39.55,1,2.0
Super built-up  Area,Poorna Pragna Layout,1475.0,2,2,58.99,1,3.0
Super built-up  Area,Poorna Pragna Layout,1270.0,2,2,50.79,1,3.0
Super built-up  Area,Poorna Pragna Layout,1160.0,2,1,46.39,1,2.0
Built-up  Area,Poorna Pragna Layout,965.0,2,2,48.0,1,2.0
Super built-up  Area,Poorna Pragna Layout,1355.0,2,3,58.25,1,3.0
Super built-up  Area,Poorna Pragna Layout,1355.0,2,3,58.27,1,3.0
Super built-up  Area,Poorna Pragna Layout,1270.0,2,1,50.79,1,3.0
Super built-up  Area,Poorna Pragna Layout,1160.0,2,2,46.39,1,2.0
Super built-up  Area,Poorna Pragna Layout,1270.0,2,3,50.79,1,3.0
Built-up  Area,Poorna Pragna Layout,960.0,2,3,50.0,1,2.0
Plot  Area,Prithvi Layout,2028.0,4,3,162.0,1,4.0
Super built-up  Area,Prithvi Layout,1352.0,2,2,87.5,1,2.0
Built-up  Area,Prithvi Layout,1190.0,2,2,68.0,1,2.0
Super built-up  Area,Prithvi Layout,1352.0,2,2,85.0,1,2.0
Super built-up  Area,Prithvi Layout,1352.0,2,2,75.0,1,2.0
Plot  Area,Prithvi Layout,2273.0,4,3,220.0,1,3.0
Super built-up  Area,Prithvi Layout,1352.0,3,1,93.0,1,2.0
Built-up  Area,Prithvi Layout,2273.0,4,2,192.0,1,3.0
Super built-up  Area,Prithvi Layout,1352.0,2,2,72.0,1,2.0
Super built-up  Area,Prithvi Layout,2100.0,3,3,125.0,1,3.0
Built-up  Area,R.T. Nagar,1500.0,4,1,70.0,1,4.0
Plot  Area,R.T. Nagar,1200.0,2,1,120.0,1,2.0
Super built-up  Area,R.T. Nagar,1560.0,3,2,85.0,1,3.0
Super built-up  Area,R.T. Nagar,1040.0,2,2,46.0,1,2.0
Super built-up  Area,R.T. Nagar,1235.0,2,2,65.0,1,2.0
Plot  Area,R.T. Nagar,1140.0,3,1,130.0,1,3.0
Super built-up  Area,R.T. Nagar,970.0,2,1,55.0,1,2.0
Built-up  Area,R.T. Nagar,1560.0,3,3,125.0,1,3.0
Built-up  Area,R.T. Nagar,1200.0,2,2,60.0,1,2.0
Built-up  Area,R.T. Nagar,1680.0,3,2,72.0,1,3.0
Super built-up  Area,R.T. Nagar,1400.0,2,3,78.0,1,3.0
Plot  Area,R.T. Nagar,1200.0,3,0,140.0,1,3.0
Built-up  Area,R.T. Nagar,1100.0,3,0,125.0,1,2.0
Super built-up  Area,R.T. Nagar,1150.0,2,2,72.0,1,2.0
Plot  Area,R.T. Nagar,1500.0,4,3,185.0,1,4.0
Built-up  Area,R.T. Nagar,3600.0,8,2,165.0,1,9.0
Super built-up  Area,R.T. Nagar,1080.0,2,1,48.0,1,2.0
Built-up  Area,R.T. Nagar,1800.0,3,0,120.0,1,4.0
Plot  Area,R.T. Nagar,1300.0,3,0,145.0,1,3.0
Super built-up  Area,R.T. Nagar,1500.0,2,1,70.0,1,3.0
Super built-up  Area,R.T. Nagar,1100.0,2,2,85.0,1,2.0
Super built-up  Area,R.T. Nagar,1667.0,3,0,130.0,1,3.0
Super built-up  Area,Rachenahalli,1050.0,2,2,52.07,1,2.0
Super built-up  Area,Rachenahalli,1530.0,2,2,74.5,1,3.0
Super built-up  Area,Rachenahalli,1050.0,2,2,55.5,1,2.0
Super built-up  Area,Rachenahalli,1530.0,2,2,74.4,1,3.0
Super built-up  Area,Rachenahalli,1050.0,2,2,53.5,1,2.0
Super built-up  Area,Rachenahalli,1530.0,2,2,74.39,1,3.0
Super built-up  Area,Rachenahalli,1220.0,2,2,59.5,1,2.0
Super built-up  Area,Rachenahalli,1050.0,2,2,52.5,1,2.0
Super built-up  Area,Rachenahalli,1550.0,3,3,73.5,1,3.0
Super built-up  Area,Rachenahalli,1050.0,2,2,52.1,1,2.0
Super built-up  Area,Rachenahalli,1113.0,2,1,55.0,1,2.0
Super built-up  Area,Rachenahalli,3657.0,5,0,220.0,1,4.0
Super built-up  Area,Rachenahalli,1550.0,3,2,74.5,1,3.0
Super built-up  Area,Rachenahalli,680.0,1,0,32.64,0,1.0
Super built-up  Area,Rachenahalli,412.5,1,0,19.8,0,1.0
Super built-up  Area,Rachenahalli,1550.0,3,2,72.5,1,3.0
Super built-up  Area,Rachenahalli,690.0,1,1,39.8,0,1.0
Super built-up  Area,Rachenahalli,1200.0,2,2,50.0,1,2.0
Super built-up  Area,Rachenahalli,1050.0,2,2,47.25,1,2.0
Super built-up  Area,Rachenahalli,1100.0,2,1,68.0,1,2.0
Super built-up  Area,Rachenahalli,985.0,2,1,49.97,0,2.0
Super built-up  Area,Rachenahalli,1050.0,2,2,52.08,1,2.0
Super built-up  Area,Rachenahalli,1550.0,3,3,72.5,1,3.0
Super built-up  Area,Rachenahalli,2710.0,3,2,170.0,1,3.0
Super built-up  Area,Rachenahalli,1856.0,3,3,106.0,1,3.0
Super built-up  Area,Rachenahalli,985.0,2,1,50.17,0,2.0
Built-up  Area,Rachenahalli,2600.0,3,2,160.0,1,3.0
Built-up  Area,Rachenahalli,1756.0,3,2,110.0,1,3.0
Super built-up  Area,Rachenahalli,1550.0,3,2,68.5,1,3.0
Super built-up  Area,Rachenahalli,1550.0,2,2,73.5,1,3.0
Super built-up  Area,Rachenahalli,1050.0,2,2,52.71,1,2.0
Super built-up  Area,Raja Rajeshwari Nagar,1540.0,3,3,60.0,1,3.0
Super built-up  Area,Raja Rajeshwari Nagar,1693.0,3,3,57.39,1,3.0
Super built-up  Area,Raja Rajeshwari Nagar,1295.0,2,2,43.9,1,2.0
Super built-up  Area,Raja Rajeshwari Nagar,1145.0,2,2,45.79,1,2.0
Super built-up  Area,Raja Rajeshwari Nagar,1419.0,2,2,48.1,1,2.0
Super built-up  Area,Raja Rajeshwari Nagar,1295.0,2,1,55.47,1,2.0
Super built-up  Area,Raja Rajeshwari Nagar,1133.0,2,1,49.07,1,2.0
Super built-up  Area,Raja Rajeshwari Nagar,1090.0,2,1,42.0,1,2.0
Super built-up  Area,Raja Rajeshwari Nagar,1260.0,2,1,67.39,1,2.0
Super built-up  Area,Raja Rajeshwari Nagar,1141.0,2,2,38.55,1,2.0
Super built-up  Area,Raja Rajeshwari Nagar,1140.0,2,1,49.39,1,2.0
Super built-up  Area,Raja Rajeshwari Nagar,1303.0,2,2,55.79,1,2.0
Super built-up  Area,Raja Rajeshwari Nagar,600.0,1,1,22.0,1,1.0
Super built-up  Area,Raja Rajeshwari Nagar,1278.0,2,1,53.76,1,3.0
Super built-up  Area,Raja Rajeshwari Nagar,500.0,1,1,25.0,1,1.0
Super built-up  Area,Raja Rajeshwari Nagar,1143.0,2,2,38.65,1,2.0
Built-up  Area,Raja Rajeshwari Nagar,1610.0,3,2,74.0,1,3.0
Super built-up  Area,Raja Rajeshwari Nagar,1105.0,2,1,65.0,1,2.0
Built-up  Area,Raja Rajeshwari Nagar,1258.0,2,1,63.53,1,2.0
Super built-up  Area,Raja Rajeshwari Nagar,1128.0,2,2,38.24,1,2.0
Super built-up  Area,Raja Rajeshwari Nagar,1157.0,2,1,53.8,0,2.0
Super built-up  Area,Raja Rajeshwari Nagar,1185.0,2,2,47.39,1,2.0
Super built-up  Area,Raja Rajeshwari Nagar,1530.0,3,2,57.0,1,3.0
Super built-up  Area,Raja Rajeshwari Nagar,1530.0,3,3,61.2,1,3.0
Built-up  Area,Raja Rajeshwari Nagar,1030.0,2,1,50.0,1,2.0
Super built-up  Area,Raja Rajeshwari Nagar,1144.0,2,2,38.55,1,2.0
Super built-up  Area,Raja Rajeshwari Nagar,1196.0,2,2,51.51,1,2.0
Built-up  Area,Raja Rajeshwari Nagar,1570.0,3,2,88.0,1,3.0
Super built-up  Area,Raja Rajeshwari Nagar,1168.0,2,1,61.0,0,2.0
Super built-up  Area,Raja Rajeshwari Nagar,1306.0,2,1,55.91,1,2.0
Super built-up  Area,Raja Rajeshwari Nagar,1608.0,3,1,67.98,1,3.0
Super built-up  Area,Raja Rajeshwari Nagar,1530.0,3,3,51.87,1,3.0
Super built-up  Area,Raja Rajeshwari Nagar,1575.0,2,2,78.0,1,3.0
Super built-up  Area,Raja Rajeshwari Nagar,1200.0,2,1,35.0,1,2.0
Super built-up  Area,Raja Rajeshwari Nagar,1151.0,2,2,39.02,1,2.0
Built-up  Area,Raja Rajeshwari Nagar,1570.0,2,2,65.0,1,3.0
Super built-up  Area,Raja Rajeshwari Nagar,1580.0,3,3,53.56,1,3.0
Super built-up  Area,Raja Rajeshwari Nagar,1196.0,2,2,51.15,1,2.0
Super built-up  Area,Raja Rajeshwari Nagar,1419.0,2,2,48.0,1,2.0
Super built-up  Area,Raja Rajeshwari Nagar,1560.0,2,2,62.4,1,3.0
Super built-up  Area,Raja Rajeshwari Nagar,1295.0,2,2,70.0,1,2.0
Super built-up  Area,Raja Rajeshwari Nagar,648.0,1,1,31.75,0,1.0
Super built-up  Area,Raja Rajeshwari Nagar,1100.0,2,1,55.0,1,2.0
Super built-up  Area,Raja Rajeshwari Nagar,1140.0,2,2,38.55,1,2.0
Super built-up  Area,Raja Rajeshwari Nagar,1090.0,2,2,43.59,1,2.0
Super built-up  Area,Raja Rajeshwari Nagar,1530.0,3,3,51.77,1,3.0
Built-up  Area,Raja Rajeshwari Nagar,1023.0,2,2,42.0,1,2.0
Super built-up  Area,Raja Rajeshwari Nagar,1070.0,2,1,50.0,1,2.0
Super built-up  Area,Raja Rajeshwari Nagar,1510.0,2,3,59.0,1,3.0
Plot  Area,Raja Rajeshwari Nagar,4800.0,8,0,225.0,1,8.0
Super built-up  Area,Raja Rajeshwari Nagar,1128.0,2,1,48.79,1,2.0
Super built-up  Area,Raja Rajeshwari Nagar,1267.0,2,2,42.85,1,2.0
Super built-up  Area,Raja Rajeshwari Nagar,550.0,1,0,21.0,1,1.0
Super built-up  Area,Raja Rajeshwari Nagar,1120.0,2,2,37.95,1,2.0
Super built-up  Area,Raja Rajeshwari Nagar,1608.0,2,2,85.0,0,2.0
Super built-up  Area,Raja Rajeshwari Nagar,1210.0,2,2,45.0,1,2.0
Super built-up  Area,Raja Rajeshwari Nagar,1240.0,2,1,53.27,1,2.0
Built-up  Area,Raja Rajeshwari Nagar,1395.0,2,2,72.0,1,3.0
Super built-up  Area,Raja Rajeshwari Nagar,1165.0,2,1,45.0,1,2.0
Super built-up  Area,Raja Rajeshwari Nagar,1288.0,2,1,70.0,1,3.0
Super built-up  Area,Raja Rajeshwari Nagar,1120.0,2,2,37.97,1,2.0
Super built-up  Area,Raja Rajeshwari Nagar,1140.0,2,2,38.65,1,2.0
Super built-up  Area,Raja Rajeshwari Nagar,1095.0,2,1,38.33,1,2.0
Super built-up  Area,Raja Rajeshwari Nagar,1420.0,2,2,60.0,1,3.0
Super built-up  Area,Raja Rajeshwari Nagar,1303.0,2,2,44.17,1,2.0
Super built-up  Area,Raja Rajeshwari Nagar,1185.0,2,1,40.17,1,2.0
Super built-up  Area,Raja Rajeshwari Nagar,1140.0,2,1,49.27,1,2.0
Super built-up  Area,Raja Rajeshwari Nagar,1430.0,2,1,50.0,1,3.0
Super built-up  Area,Raja Rajeshwari Nagar,1095.0,2,2,38.33,1,2.0
Super built-up  Area,Raja Rajeshwari Nagar,1235.0,2,1,75.0,1,2.0
Super built-up  Area,Raja Rajeshwari Nagar,1280.0,3,2,57.6,0,3.0
Super built-up  Area,Raja Rajeshwari Nagar,1303.0,2,1,55.79,1,2.0
Super built-up  Area,Raja Rajeshwari Nagar,1162.0,2,0,65.0,0,2.0
Super built-up  Area,Raja Rajeshwari Nagar,1133.0,2,2,38.41,1,2.0
Super built-up  Area,Raja Rajeshwari Nagar,1151.0,2,1,49.0,1,2.0
Super built-up  Area,Raja Rajeshwari Nagar,1267.0,2,1,54.35,1,2.0
Super built-up  Area,Raja Rajeshwari Nagar,1550.0,3,3,52.45,1,3.0
Built-up  Area,Raja Rajeshwari Nagar,1100.0,2,1,50.0,1,2.0
Super built-up  Area,Raja Rajeshwari Nagar,1185.0,2,2,40.17,1,2.0
Super built-up  Area,Raja Rajeshwari Nagar,1751.0,3,3,72.0,1,3.0
Super built-up  Area,Raja Rajeshwari Nagar,1306.0,2,2,44.17,1,2.0
Super built-up  Area,Raja Rajeshwari Nagar,1196.0,2,2,40.44,1,2.0
Super built-up  Area,Raja Rajeshwari Nagar,1178.0,2,1,75.0,0,2.0
Super built-up  Area,Raja Rajeshwari Nagar,1128.0,2,2,40.0,1,2.0
Super built-up  Area,Raja Rajeshwari Nagar,1151.0,2,2,39.0,1,2.0
Super built-up  Area,Raja Rajeshwari Nagar,1375.0,2,1,54.99,1,3.0
Super built-up  Area,Raja Rajeshwari Nagar,1525.0,2,2,99.13,1,3.0
Super built-up  Area,Raja Rajeshwari Nagar,1060.0,2,1,48.0,1,2.0
Plot  Area,Raja Rajeshwari Nagar,3900.0,6,0,195.0,1,6.0
Super built-up  Area,Raja Rajeshwari Nagar,1400.0,2,2,48.0,1,3.0
Super built-up  Area,Raja Rajeshwari Nagar,1170.0,2,3,50.0,1,2.0
Super built-up  Area,Raja Rajeshwari Nagar,1625.0,2,2,54.0,1,3.0
Super built-up  Area,Raja Rajeshwari Nagar,1185.0,2,1,51.15,1,2.0
Super built-up  Area,Raja Rajeshwari Nagar,1255.0,2,1,53.87,1,2.0
Super built-up  Area,Raja Rajeshwari Nagar,1419.0,2,1,60.42,1,2.0
Super built-up  Area,Raja Rajeshwari Nagar,1693.0,3,1,71.38,1,3.0
Built-up  Area,Raja Rajeshwari Nagar,3600.0,9,3,240.0,1,9.0
Super built-up  Area,Raja Rajeshwari Nagar,1196.0,2,2,40.54,1,2.0
Super built-up  Area,Raja Rajeshwari Nagar,1630.0,3,2,60.65,1,3.0
Super built-up  Area,Raja Rajeshwari Nagar,1531.0,3,3,51.77,1,3.0
Super built-up  Area,Raja Rajeshwari Nagar,1160.0,2,1,70.0,0,2.0
Built-up  Area,Raja Rajeshwari Nagar,1133.0,2,1,38.37,1,2.0
Super built-up  Area,Raja Rajeshwari Nagar,1140.0,2,1,48.7,1,2.0
Built-up  Area,Raja Rajeshwari Nagar,1140.0,2,2,38.65,1,2.0
Super built-up  Area,Raja Rajeshwari Nagar,1295.0,2,2,55.47,1,2.0
Super built-up  Area,Raja Rajeshwari Nagar,1133.0,2,2,40.0,1,2.0
Super built-up  Area,Raja Rajeshwari Nagar,1510.0,2,2,55.0,1,3.0
Super built-up  Area,Raja Rajeshwari Nagar,1550.0,3,1,86.8,1,3.0
Super built-up  Area,Raja Rajeshwari Nagar,1400.0,2,2,45.0,1,2.0
Super built-up  Area,Raja Rajeshwari Nagar,1110.0,2,1,52.0,1,2.0
Super built-up  Area,Raja Rajeshwari Nagar,1580.0,3,1,83.74,1,3.0
Super built-up  Area,Raja Rajeshwari Nagar,1608.0,3,3,54.51,1,3.0
Super built-up  Area,Raja Rajeshwari Nagar,1640.0,3,1,86.8,1,3.0
Super built-up  Area,Raja Rajeshwari Nagar,1500.0,3,3,51.04,1,3.0
Super built-up  Area,Raja Rajeshwari Nagar,1279.0,2,1,53.76,1,3.0
Super built-up  Area,Raja Rajeshwari Nagar,1240.0,2,2,40.54,1,2.0
Super built-up  Area,Raja Rajeshwari Nagar,1090.0,2,1,57.0,1,2.0
Super built-up  Area,Raja Rajeshwari Nagar,1240.0,2,2,42.04,1,2.0
Built-up  Area,Raja Rajeshwari Nagar,1757.0,3,3,98.0,1,3.0
Super built-up  Area,Raja Rajeshwari Nagar,1530.0,3,2,64.0,1,3.0
Super built-up  Area,Raja Rajeshwari Nagar,1587.0,3,1,73.8,0,3.0
Super built-up  Area,Raja Rajeshwari Nagar,1529.0,3,3,51.77,1,3.0
Super built-up  Area,Raja Rajeshwari Nagar,1450.0,2,1,67.0,1,3.0
Super built-up  Area,Raja Rajeshwari Nagar,1090.0,2,2,57.0,1,2.0
Super built-up  Area,Raja Rajeshwari Nagar,945.0,2,1,45.0,1,2.0
Super built-up  Area,Raja Rajeshwari Nagar,1303.0,2,2,55.78,1,2.0
Plot  Area,Raja Rajeshwari Nagar,3450.0,7,2,225.0,1,8.0
Super built-up  Area,Raja Rajeshwari Nagar,1700.0,2,2,86.0,1,3.0
Super built-up  Area,Raja Rajeshwari Nagar,1270.0,2,2,62.0,1,2.0
Super built-up  Area,Raja Rajeshwari Nagar,1250.0,2,2,68.0,1,2.0
Super built-up  Area,Raja Rajeshwari Nagar,1260.0,2,1,62.0,1,3.0
Super built-up  Area,Raja Rajeshwari Nagar,1580.0,2,2,66.85,1,3.0
Super built-up  Area,Raja Rajeshwari Nagar,1050.0,2,2,37.0,1,2.0
Built-up  Area,Raja Rajeshwari Nagar,1021.0,3,2,59.0,1,3.0
Super built-up  Area,Raja Rajeshwari Nagar,1500.0,3,2,88.0,1,3.0
Super built-up  Area,Raja Rajeshwari Nagar,1168.0,2,1,66.0,0,2.0
Built-up  Area,Raja Rajeshwari Nagar,1400.0,2,2,86.0,1,3.0
Super built-up  Area,Raja Rajeshwari Nagar,1157.0,2,1,65.0,0,2.0
Super built-up  Area,Raja Rajeshwari Nagar,1206.0,2,1,40.7,1,2.0
Built-up  Area,Raja Rajeshwari Nagar,1000.0,2,0,50.0,1,2.0
Super built-up  Area,Raja Rajeshwari Nagar,1485.0,2,2,63.0,1,3.0
Super built-up  Area,Raja Rajeshwari Nagar,1335.0,2,1,56.0,1,3.0
Super built-up  Area,Raja Rajeshwari Nagar,1571.0,3,3,53.12,1,3.0
Super built-up  Area,Raja Rajeshwari Nagar,1255.0,2,2,42.54,1,2.0
Super built-up  Area,Raja Rajeshwari Nagar,1530.0,3,3,64.86,1,3.0
Built-up  Area,Raja Rajeshwari Nagar,1850.0,3,1,98.0,1,3.0
Super built-up  Area,Raja Rajeshwari Nagar,1140.0,2,2,44.0,1,2.0
Built-up  Area,Raja Rajeshwari Nagar,6000.0,8,3,215.0,1,8.0
Super built-up  Area,Raja Rajeshwari Nagar,1140.0,2,2,39.0,1,2.0
Super built-up  Area,Raja Rajeshwari Nagar,510.0,1,1,22.0,1,1.0
Super built-up  Area,Raja Rajeshwari Nagar,1187.0,2,2,40.14,1,2.0
Built-up  Area,Raja Rajeshwari Nagar,1141.0,2,1,60.0,1,2.0
Super built-up  Area,Rajaji Nagar,3300.0,4,0,600.0,1,4.0
Built-up  Area,Rajaji Nagar,1640.0,3,2,229.0,1,3.0
Super built-up  Area,Rajaji Nagar,2390.0,3,2,415.0,1,3.0
Super built-up  Area,Rajaji Nagar,2390.0,3,2,410.0,1,3.0
Super built-up  Area,Rajaji Nagar,12000.0,6,3,2200.0,0,7.0
Super built-up  Area,Rajaji Nagar,1725.0,3,3,200.0,1,3.0
Super built-up  Area,Rajaji Nagar,3516.0,4,3,540.0,1,4.0
Super built-up  Area,Rajaji Nagar,1640.0,3,3,223.0,1,3.0
Super built-up  Area,Rajaji Nagar,3526.0,4,0,492.0,1,4.0
Plot  Area,Rajaji Nagar,1800.0,4,0,324.0,1,6.0
Super built-up  Area,Rajaji Nagar,3526.0,4,1,558.0,1,4.0
Super built-up  Area,Rajaji Nagar,3539.5,2,0,424.5,1,4.0
Super built-up  Area,Rajaji Nagar,2849.0,5,0,300.0,1,5.0
Super built-up  Area,Rajaji Nagar,1800.0,3,3,260.0,1,3.0
Super built-up  Area,Rajaji Nagar,3100.0,4,2,570.0,1,4.0
Super built-up  Area,Rajaji Nagar,1640.0,3,2,241.0,1,3.0
Super built-up  Area,Rajaji Nagar,1370.0,2,1,170.0,1,2.0
Super built-up  Area,Rajaji Nagar,2409.0,3,2,360.0,1,3.0
Super built-up  Area,Rajaji Nagar,3436.0,6,3,475.0,1,4.0
Super built-up  Area,Rajaji Nagar,1718.0,3,2,288.0,1,2.0
Super built-up  Area,Rajaji Nagar,2386.0,3,0,334.0,1,3.0
Super built-up  Area,Rajaji Nagar,3436.0,6,3,500.0,1,4.0
Plot  Area,Rajaji Nagar,1200.0,2,0,150.0,1,2.0
Plot  Area,Rajaji Nagar,1160.0,1,0,163.0,1,2.0
Built-up  Area,Rajaji Nagar,660.0,1,0,75.0,1,1.0
Built-up  Area,Rajaji Nagar,1440.0,2,2,170.0,1,2.0
Super built-up  Area,Rajaji Nagar,2448.0,3,2,400.0,1,3.0
Super built-up  Area,Rajaji Nagar,1440.0,2,2,185.0,1,2.0
Super built-up  Area,Rajaji Nagar,1640.0,3,3,230.0,1,3.0
Super built-up  Area,Rajaji Nagar,2648.0,5,0,251.5,0,4.0
Built-up  Area,Rajaji Nagar,3730.0,4,3,370.0,1,4.0
Super built-up  Area,Rajaji Nagar,1800.0,2,2,250.0,1,3.0
Super built-up  Area,Rajaji Nagar,3100.0,4,3,550.0,1,4.0
Super built-up  Area,Rajaji Nagar,3526.0,4,3,598.0,1,4.0
Super built-up  Area,Rajaji Nagar,1357.0,2,1,130.0,0,2.0
Built-up  Area,Rajaji Nagar,2300.0,3,3,369.0,1,3.0
Super built-up  Area,Rajaji Nagar,1640.0,3,2,220.0,1,3.0
Super built-up  Area,Rajaji Nagar,2500.0,3,3,350.0,1,3.0
Super built-up  Area,Rajaji Nagar,1615.0,3,1,175.0,0,3.0
Super built-up  Area,Rajaji Nagar,1776.0,3,1,190.0,0,3.0
Super built-up  Area,Rajaji Nagar,2559.0,3,2,403.0,1,3.0
Super built-up  Area,Rajaji Nagar,1763.0,3,2,262.0,1,2.0
Super built-up  Area,Rajaji Nagar,1640.0,3,3,220.0,1,3.0
Super built-up  Area,Rajaji Nagar,1613.0,3,0,150.0,0,3.0
Super built-up  Area,Rajaji Nagar,1380.0,3,3,130.0,1,3.0
Plot  Area,Rajaji Nagar,2400.0,3,1,320.0,1,5.0
Super built-up  Area,Rajaji Nagar,1800.0,3,2,240.0,1,3.0
Super built-up  Area,Rajaji Nagar,2533.0,3,3,425.0,1,3.0
Super built-up  Area,Rajaji Nagar,1268.0,2,1,127.0,0,2.0
Super built-up  Area,Rajaji Nagar,2450.0,3,3,330.0,1,3.0
Super built-up  Area,Rajaji Nagar,1640.0,3,2,262.0,1,3.0
Plot  Area,Rajaji Nagar,1200.0,1,1,200.0,1,2.0
Super built-up  Area,Rajaji Nagar,2367.0,3,3,375.0,1,3.0
Plot  Area,Rajaji Nagar,2440.0,2,0,415.0,1,4.0
Super built-up  Area,Rajaji Nagar,1640.0,3,2,251.0,1,3.0
Super built-up  Area,Rajaji Nagar,2733.0,5,2,259.0,0,4.0
Super built-up  Area,Rajaji Nagar,1640.0,3,2,268.0,1,3.0
Super built-up  Area,Rajaji Nagar,2367.0,4,3,340.0,1,3.0
Super built-up  Area,Rajaji Nagar,1720.0,3,2,224.0,1,3.0
Super built-up  Area,Rajaji Nagar,3600.0,5,0,510.0,1,5.0
Plot  Area,Rajaji Nagar,1350.0,4,1,230.0,1,4.0
Super built-up  Area,Rajaji Nagar,1700.0,3,2,200.0,1,3.0
Built-up  Area,Rajaji Nagar,2300.0,4,1,240.0,1,3.0
Plot  Area,Rajaji Nagar,2400.0,5,1,408.0,1,5.0
Super built-up  Area,Rajaji Nagar,2500.0,3,3,340.0,1,3.0
Super built-up  Area,Rajaji Nagar,2390.0,3,1,372.0,1,3.0
Super built-up  Area,Rajaji Nagar,2415.0,3,2,399.0,1,3.0
Super built-up  Area,Rajaji Nagar,1718.0,3,2,275.0,1,2.0
Super built-up  Area,Rajaji Nagar,1763.0,3,2,240.0,1,2.0
Super built-up  Area,Rajaji Nagar,2367.0,3,2,320.0,1,3.0
Super built-up  Area,Rajaji Nagar,2409.0,3,3,395.0,1,3.0
Plot  Area,Rajaji Nagar,1314.0,2,0,225.0,1,2.0
Super built-up  Area,Rajaji Nagar,1440.0,2,2,165.0,1,2.0
Super built-up  Area,Rajaji Nagar,1640.0,3,3,245.0,1,3.0
Super built-up  Area,Rajiv Nagar,1690.0,3,1,125.0,1,3.0
Super built-up  Area,Rajiv Nagar,1263.0,2,1,93.32,1,2.0
Super built-up  Area,Rajiv Nagar,2340.0,4,1,148.0,1,4.0
Super built-up  Area,Rajiv Nagar,2340.0,5,1,129.0,1,4.0
Super built-up  Area,Rajiv Nagar,1330.0,2,1,93.0,1,2.0
Super built-up  Area,Rajiv Nagar,1309.0,2,1,80.0,1,2.0
Super built-up  Area,Rajiv Nagar,2340.0,4,1,145.0,1,4.0
Super built-up  Area,Rajiv Nagar,2330.0,5,1,175.0,1,4.0
Super built-up  Area,Rajiv Nagar,2340.0,5,1,160.0,1,4.0
Super built-up  Area,Ramagondanahalli,1151.0,2,2,48.77,0,2.0
Super built-up  Area,Ramagondanahalli,1251.0,2,1,47.0,0,2.0
Super built-up  Area,Ramagondanahalli,1235.0,2,1,52.04,0,2.0
Super built-up  Area,Ramagondanahalli,1610.0,2,2,111.0,1,3.0
Plot  Area,Ramagondanahalli,540.0,1,0,30.0,1,1.0
Super built-up  Area,Ramagondanahalli,1635.0,3,1,62.0,0,3.0
Super built-up  Area,Ramagondanahalli,1235.0,2,1,46.8,0,2.0
Super built-up  Area,Ramagondanahalli,1215.0,2,1,51.26,0,2.0
Super built-up  Area,Ramagondanahalli,2257.0,4,2,157.0,1,3.0
Super built-up  Area,Ramagondanahalli,1251.0,2,1,47.4,0,2.0
Super built-up  Area,Ramagondanahalli,1610.0,2,2,115.0,1,3.0
Built-up  Area,Ramagondanahalli,920.0,2,3,65.0,1,2.0
Super built-up  Area,Ramagondanahalli,1215.0,2,1,45.5,0,2.0
Built-up  Area,Ramagondanahalli,2800.0,4,3,155.0,1,4.0
Super built-up  Area,Ramagondanahalli,1253.0,2,1,52.66,0,2.0
Super built-up  Area,Ramagondanahalli,1295.0,2,2,95.0,1,2.0
Super built-up  Area,Ramagondanahalli,1151.0,2,2,50.5,0,2.0
Super built-up  Area,Ramagondanahalli,1235.0,2,1,49.3,0,2.0
Super built-up  Area,Ramagondanahalli,2257.0,3,2,159.0,1,3.0
Super built-up  Area,Ramagondanahalli,1451.0,3,1,60.44,0,3.0
Built-up  Area,Ramagondanahalli,1910.0,3,2,142.0,1,3.0
Super built-up  Area,Ramagondanahalli,1215.0,2,1,46.1,0,2.0
Super built-up  Area,Ramagondanahalli,1475.0,2,2,63.0,0,3.0
Super built-up  Area,Ramagondanahalli,1251.0,2,1,50.0,0,2.0
Super built-up  Area,Ramagondanahalli,1151.0,2,2,43.6,0,2.0
Super built-up  Area,Ramagondanahalli,1635.0,3,1,61.0,0,3.0
Super built-up  Area,Ramagondanahalli,1251.0,2,1,53.0,0,2.0
Plot  Area,Ramagondanahalli,845.0,2,1,45.82,0,2.0
Super built-up  Area,Ramagondanahalli,1910.0,3,2,150.0,0,3.0
Super built-up  Area,Ramagondanahalli,1738.0,2,3,76.0,1,3.0
Built-up  Area,Ramagondanahalli,2040.0,3,2,114.0,1,3.0
Super built-up  Area,Ramagondanahalli,3350.0,3,3,150.0,1,3.0
Super built-up  Area,Ramagondanahalli,1251.0,2,1,46.0,0,2.0
Super built-up  Area,Ramagondanahalli,1635.0,3,1,57.0,0,3.0
Super built-up  Area,Ramagondanahalli,1151.0,2,2,46.0,0,2.0
Super built-up  Area,Ramagondanahalli,1610.0,2,1,112.0,1,3.0
Plot  Area,Ramagondanahalli,1200.0,3,1,56.1,0,3.0
Super built-up  Area,Ramagondanahalli,2787.0,5,2,220.0,1,4.0
Super built-up  Area,Ramagondanahalli,1475.0,2,2,55.0,0,3.0
Super built-up  Area,Ramagondanahalli,1125.0,2,2,75.0,1,2.0
Super built-up  Area,Ramagondanahalli,1151.0,2,2,42.5,0,2.0
Super built-up  Area,Ramagondanahalli,2257.0,3,2,155.0,1,3.0
Carpet  Area,Ramagondanahalli,1500.0,3,3,100.0,1,3.0
Super built-up  Area,Ramagondanahalli,1680.0,2,0,68.0,1,3.0
Super built-up  Area,Ramagondanahalli,1910.0,3,2,131.0,1,3.0
Built-up  Area,Ramamurthy Nagar,3700.0,4,1,225.0,1,4.0
Built-up  Area,Ramamurthy Nagar,3500.0,5,2,150.0,1,5.0
Built-up  Area,Ramamurthy Nagar,1050.0,2,0,37.0,1,2.0
Built-up  Area,Ramamurthy Nagar,1040.0,2,2,50.0,1,2.0
Built-up  Area,Ramamurthy Nagar,1600.0,3,2,75.0,1,3.0
Plot  Area,Ramamurthy Nagar,1200.0,3,1,72.0,1,2.0
Super built-up  Area,Ramamurthy Nagar,360.0,1,1,26.0,1,1.0
Built-up  Area,Ramamurthy Nagar,950.0,2,1,50.79,1,2.0
Plot  Area,Ramamurthy Nagar,1200.0,2,0,66.0,1,3.0
Built-up  Area,Ramamurthy Nagar,1525.0,3,1,100.0,1,3.0
Plot  Area,Ramamurthy Nagar,1200.0,2,0,80.0,1,2.0
Super built-up  Area,Ramamurthy Nagar,1200.0,2,3,42.0,1,2.0
Super built-up  Area,Ramamurthy Nagar,1515.0,3,3,65.0,1,3.0
Plot  Area,Ramamurthy Nagar,1100.0,2,0,68.0,1,2.0
Super built-up  Area,Ramamurthy Nagar,1185.0,2,1,45.5,1,2.0
Super built-up  Area,Ramamurthy Nagar,1170.0,2,2,46.8,0,2.0
Super built-up  Area,Ramamurthy Nagar,1150.0,2,2,51.0,0,2.0
Super built-up  Area,Ramamurthy Nagar,1200.0,2,1,48.0,0,2.0
Built-up  Area,Ramamurthy Nagar,3600.0,3,2,150.0,1,3.0
Plot  Area,Ramamurthy Nagar,600.0,3,2,45.0,1,2.0
Plot  Area,Ramamurthy Nagar,1110.0,2,0,65.0,1,2.0
Super built-up  Area,Ramamurthy Nagar,1410.0,2,1,56.4,0,3.0
Plot  Area,Ramamurthy Nagar,1200.0,2,1,78.0,0,2.0
Super built-up  Area,Ramamurthy Nagar,1000.0,2,1,41.0,1,3.0
Built-up  Area,Ramamurthy Nagar,600.0,1,1,43.0,1,1.0
Plot  Area,Ramamurthy Nagar,1006.0,2,1,57.0,1,2.0
Plot  Area,Ramamurthy Nagar,1200.0,2,1,76.0,0,2.0
Built-up  Area,Ramamurthy Nagar,1300.0,2,2,52.0,1,3.0
Built-up  Area,Ramamurthy Nagar,1600.0,3,0,75.0,1,3.0
Built-up  Area,Ramamurthy Nagar,700.0,2,1,33.0,1,2.0
Super built-up  Area,Ramamurthy Nagar,1125.0,2,1,47.0,0,2.0
Super built-up  Area,Ramamurthy Nagar,1000.0,2,1,62.0,1,2.0
Built-up  Area,Ramamurthy Nagar,1334.0,2,1,67.0,0,2.0
Super built-up  Area,Ramamurthy Nagar,1200.0,2,1,46.0,0,2.0
Super built-up  Area,Ramamurthy Nagar,1200.0,2,1,57.9,0,2.0
Super built-up  Area,Ramamurthy Nagar,1305.0,3,1,60.0,1,3.0
Built-up  Area,Ramamurthy Nagar,1360.0,2,0,45.0,1,2.0
Super built-up  Area,Ramamurthy Nagar,1170.0,2,2,44.0,0,2.0
Plot  Area,Ramamurthy Nagar,2200.0,4,2,130.0,1,4.0
Plot  Area,Ramamurthy Nagar,1900.0,4,2,185.0,1,4.0
Super built-up  Area,Ramamurthy Nagar,1050.0,2,1,51.66,0,2.0
Plot  Area,Ramamurthy Nagar,2916.0,5,1,230.0,1,4.0
Built-up  Area,Ramamurthy Nagar,2316.0,3,0,125.0,1,3.0
Super built-up  Area,Ramamurthy Nagar,1101.0,2,1,50.0,1,2.0
Super built-up  Area,Ramamurthy Nagar,1150.0,2,2,40.0,0,2.0
Super built-up  Area,Ramamurthy Nagar,1208.0,2,2,43.5,1,3.0
Super built-up  Area,Ramamurthy Nagar,1050.0,2,2,37.8,1,2.0
Super built-up  Area,Ramamurthy Nagar,935.0,2,2,39.0,1,2.0
Built-up  Area,Ramamurthy Nagar,1200.0,2,1,68.0,1,2.0
Built-up  Area,Ramamurthy Nagar,540.0,1,0,35.0,1,1.0
Built-up  Area,Ramamurthy Nagar,960.0,2,2,35.0,1,2.0
Super built-up  Area,Rayasandra,1314.0,2,2,63.0,1,3.0
Super built-up  Area,Rayasandra,1373.0,3,2,72.0,1,3.0
Super built-up  Area,Rayasandra,1639.0,3,1,83.0,0,3.0
Super built-up  Area,Rayasandra,1065.0,2,2,44.95,1,2.0
Super built-up  Area,Rayasandra,1708.0,3,2,75.0,0,3.0
Super built-up  Area,Rayasandra,1016.0,2,1,58.0,0,2.0
Built-up  Area,Rayasandra,1199.0,2,1,48.5,1,3.0
Super built-up  Area,Rayasandra,1577.0,3,2,67.0,1,3.0
Super built-up  Area,Rayasandra,1253.0,2,2,57.0,1,2.0
Super built-up  Area,Rayasandra,583.0,1,1,26.9,1,1.0
Super built-up  Area,Rayasandra,1198.0,2,1,54.0,1,2.0
Super built-up  Area,Rayasandra,1555.0,3,2,75.17,1,3.0
Super built-up  Area,Rayasandra,1458.0,3,2,60.0,1,3.0
Super built-up  Area,Rayasandra,1179.0,2,1,55.0,1,3.0
Super built-up  Area,Rayasandra,1601.0,3,3,70.0,1,3.0
Super built-up  Area,Rayasandra,1708.0,3,1,76.0,0,4.0
Built-up  Area,Rayasandra,470.0,1,1,21.0,1,1.0
Built-up  Area,Rayasandra,3600.0,5,3,145.0,1,5.0
Super built-up  Area,Rayasandra,1357.0,2,2,59.0,1,3.0
Super built-up  Area,Sahakara Nagar,2830.0,3,3,195.0,1,4.0
Super built-up  Area,Sahakara Nagar,1500.0,2,2,95.0,1,3.0
Super built-up  Area,Sahakara Nagar,1100.0,2,1,56.0,1,2.0
Super built-up  Area,Sahakara Nagar,1219.0,2,2,48.0,1,2.0
Plot  Area,Sahakara Nagar,1200.0,4,0,130.0,1,4.0
Super built-up  Area,Sahakara Nagar,1100.0,2,2,75.0,1,3.0
Built-up  Area,Sahakara Nagar,1655.0,3,1,115.0,0,3.0
Built-up  Area,Sahakara Nagar,1150.0,2,1,54.0,1,2.0
Super built-up  Area,Sahakara Nagar,1270.0,2,1,69.85,1,2.0
Super built-up  Area,Sahakara Nagar,960.0,2,3,56.0,1,2.0
Super built-up  Area,Sahakara Nagar,1048.0,2,3,50.0,1,2.0
Super built-up  Area,Sahakara Nagar,1160.0,2,1,55.0,1,2.0
Super built-up  Area,Sahakara Nagar,1200.0,2,2,75.0,1,3.0
Built-up  Area,Sahakara Nagar,2500.0,4,0,200.0,1,4.0
Super built-up  Area,Sahakara Nagar,1914.0,3,3,179.0,1,3.0
Super built-up  Area,Sahakara Nagar,1500.0,3,2,125.0,1,3.0
Built-up  Area,Sahakara Nagar,1100.0,2,1,55.0,1,2.0
Super built-up  Area,Sahakara Nagar,1914.0,3,2,149.0,1,3.0
Super built-up  Area,Sahakara Nagar,1000.0,2,1,60.0,1,2.0
Super built-up  Area,Sahakara Nagar,2200.0,3,2,98.0,1,3.0
Super built-up  Area,Sahakara Nagar,1175.0,2,3,49.0,1,2.0
Super built-up  Area,Sahakara Nagar,1370.0,2,2,90.0,1,3.0
Super built-up  Area,Sahakara Nagar,1180.0,2,2,72.0,1,2.0
Built-up  Area,Sahakara Nagar,1200.0,2,2,60.0,1,2.0
Built-up  Area,Sahakara Nagar,1032.0,2,2,45.0,1,2.0
Built-up  Area,Sahakara Nagar,1270.0,2,1,96.0,1,2.0
Built-up  Area,Sahakara Nagar,1201.0,2,3,80.0,1,2.0
Super built-up  Area,Sahakara Nagar,1200.0,2,1,54.0,1,2.0
Super built-up  Area,Sahakara Nagar,1291.0,2,2,72.3,1,2.0
Built-up  Area,Sanjay nagar,1000.0,2,2,70.0,1,2.0
Carpet  Area,Sanjay nagar,1100.0,2,2,98.0,1,2.0
Super built-up  Area,Sanjay nagar,1150.0,2,3,72.2,1,2.0
Built-up  Area,Sanjay nagar,1800.0,3,2,180.0,1,3.0
Built-up  Area,Sanjay nagar,630.0,1,1,35.0,1,2.0
Built-up  Area,Sanjay nagar,3300.0,3,0,250.0,1,5.0
Super built-up  Area,Sanjay nagar,1900.0,2,2,180.0,0,3.0
Built-up  Area,Sanjay nagar,1575.0,2,2,90.0,1,2.0
Super built-up  Area,Sanjay nagar,1450.0,3,2,75.0,1,3.0
Super built-up  Area,Sanjay nagar,1200.0,2,1,76.0,1,3.0
Super built-up  Area,Sanjay nagar,960.0,2,1,55.0,1,2.0
Super built-up  Area,Sanjay nagar,1050.0,2,0,59.0,1,2.0
Built-up  Area,Sanjay nagar,1150.0,2,0,70.0,1,2.0
Super built-up  Area,Sanjay nagar,1500.0,3,1,150.0,1,3.0
Super built-up  Area,Sanjay nagar,1180.0,2,3,80.0,1,2.0
Super built-up  Area,Sarakki Nagar,2121.0,4,3,253.0,1,3.0
Super built-up  Area,Sarakki Nagar,2289.0,3,2,260.0,0,3.0
Super built-up  Area,Sarakki Nagar,2500.0,4,2,325.0,1,3.0
Super built-up  Area,Sarakki Nagar,2145.0,4,1,270.0,1,3.0
Plot  Area,Sarakki Nagar,1200.0,3,2,128.0,1,3.0
Super built-up  Area,Sarakki Nagar,2663.0,4,1,338.0,1,3.0
Built-up  Area,Sarakki Nagar,1840.0,4,1,175.0,1,3.0
Super built-up  Area,Sarakki Nagar,3131.0,4,3,349.0,1,4.0
Super built-up  Area,Sarakki Nagar,3126.0,5,3,345.0,1,4.0
Super built-up  Area,Sarakki Nagar,3124.0,6,3,349.0,1,4.0
Plot  Area,Sarjapur,2250.0,3,2,148.0,1,3.0
Plot  Area,Sarjapur,1600.0,3,1,75.0,1,3.0
Super built-up  Area,Sarjapur,1242.5,2,0,43.49,0,2.0
Super built-up  Area,Sarjapur,913.0,2,1,32.0,1,2.0
Super built-up  Area,Sarjapur,1128.0,2,1,60.0,1,2.0
Super built-up  Area,Sarjapur,1185.0,2,2,47.0,1,2.0
Built-up  Area,Sarjapur,900.0,2,1,42.0,1,3.0
Super built-up  Area,Sarjapur,649.5,1,0,17.535,1,1.0
Built-up  Area,Sarjapur,1020.0,2,2,35.0,1,2.0
Built-up  Area,Sarjapur,1195.0,2,1,42.0,1,2.0
Super built-up  Area,Sarjapur,1240.0,2,1,44.0,1,2.0
Built-up  Area,Sarjapur,1550.0,2,2,65.0,1,4.0
Plot  Area,Sarjapur,1277.0,3,1,76.0,1,3.0
Super built-up  Area,Sarjapur,950.0,2,2,32.5,1,2.0
Built-up  Area,Sarjapur,1285.0,2,2,68.0,1,3.0
Super built-up  Area,Sarjapur,1525.0,2,2,48.0,1,3.0
Super built-up  Area,Sarjapur,925.0,2,1,25.0,0,2.0
Plot  Area,Sarjapur,3190.0,3,1,160.0,1,4.0
Built-up  Area,Sarjapur,1215.0,2,0,40.0,1,2.0
Plot  Area,Sarjapur,2540.0,4,1,115.0,1,4.0
Plot  Area,Sarjapur,1200.0,3,2,78.0,1,3.0
Super built-up  Area,Sarjapur,1000.0,2,2,30.0,1,2.0
Super built-up  Area,Sarjapur,1157.0,2,1,40.0,0,2.0
Plot  Area,Sarjapur,2238.0,3,1,140.0,0,3.0
Super built-up  Area,Sarjapur,2020.0,3,3,85.0,1,3.0
Built-up  Area,Sarjapur,2885.0,3,1,185.0,1,4.0
Built-up  Area,Sarjapur,1917.0,3,0,60.0,1,4.0
Super built-up  Area,Sarjapur,1240.0,2,1,44.3,1,2.0
Super built-up  Area,Sarjapur,625.0,1,1,19.0,0,1.0
Built-up  Area,Sarjapur,2585.5,4,0,139.5,0,4.0
Super built-up  Area,Sarjapur,940.0,2,1,25.38,1,2.0
Built-up  Area,Sarjapur,2100.0,3,1,125.0,1,4.0
Super built-up  Area,Sarjapur,913.0,2,1,36.0,1,2.0
Super built-up  Area,Sarjapur,1404.0,2,0,53.35,0,3.0
Built-up  Area,Sarjapur,1830.0,3,1,88.0,0,3.0
Super built-up  Area,Sarjapur,1364.0,2,2,56.0,1,3.0
Super built-up  Area,Sarjapur,1124.0,2,1,30.35,1,2.0
Super built-up  Area,Sarjapur,1044.0,2,2,32.0,1,2.0
Super built-up  Area,Sarjapur,650.0,1,2,19.87,1,1.0
Super built-up  Area,Sarjapur,1175.0,2,2,42.0,1,2.0
Super built-up  Area,Sarjapur,1240.0,2,2,43.1,1,2.0
Super built-up  Area,Sarjapur,1170.0,2,2,35.41,0,3.0
Super built-up  Area,Sarjapur,1032.0,2,1,42.0,1,2.0
Super built-up  Area,Sarjapur,2302.5,2,0,80.59,0,4.0
Super built-up  Area,Sarjapur,1044.0,2,2,34.0,1,2.0
Plot  Area,Sarjapur,1200.0,3,2,76.13,0,3.0
Super built-up  Area,Sarjapur,1200.0,2,2,62.0,1,2.0
Super built-up  Area,Sarjapur,900.0,2,2,27.98,0,2.0
Plot  Area,Sarjapur,2970.0,3,3,130.0,1,4.0
Super built-up  Area,Sarjapur,850.0,2,2,32.0,0,2.0
Super built-up  Area,Sarjapur,1175.0,2,1,41.68,1,2.0
Built-up  Area,Sarjapur,1575.0,3,3,55.0,1,3.0
Super built-up  Area,Sarjapur,920.0,2,2,33.0,1,2.0
Super built-up  Area,Sarjapur,1445.0,3,1,50.0,1,3.0
Super built-up  Area,Sarjapur,1150.0,2,1,41.0,1,2.0
Super built-up  Area,Sarjapur,1200.0,2,1,42.6,1,2.0
Super built-up  Area,Sarjapur,1333.0,3,1,50.0,1,3.0
Super built-up  Area,Sarjapur,1044.0,2,2,36.0,1,2.0
Built-up  Area,Sarjapur,950.0,2,2,35.0,1,2.0
Built-up  Area,Sarjapur,2585.5,4,0,115.0,0,4.0
Plot  Area,Sarjapur,2172.0,3,0,100.0,1,3.0
Super built-up  Area,Sarjapur,633.0,1,1,17.09,1,1.0
Plot  Area,Sarjapur,1500.0,5,2,95.0,1,3.0
Super built-up  Area,Sarjapur,1451.0,2,1,87.0,0,2.0
Plot  Area,Sarjapur,2400.0,3,3,140.0,1,4.0
Super built-up  Area,Sarjapur,1525.0,2,2,68.0,1,3.0
Super built-up  Area,Sarjapur,1095.0,2,1,45.0,1,2.0
Built-up  Area,Sarjapur,1425.0,3,2,57.0,1,3.0
Built-up  Area,Sarjapur  Road,2497.0,3,2,140.0,1,3.0
Super built-up  Area,Sarjapur  Road,1787.0,3,2,98.29,0,3.0
Super built-up  Area,Sarjapur  Road,1787.0,3,2,125.0,1,3.0
Super built-up  Area,Sarjapur  Road,984.0,2,1,44.28,0,2.0
Super built-up  Area,Sarjapur  Road,1035.0,2,2,49.2,1,2.0
Super built-up  Area,Sarjapur  Road,1863.0,3,2,104.0,1,4.0
Super built-up  Area,Sarjapur  Road,1000.0,2,1,67.0,0,2.0
Super built-up  Area,Sarjapur  Road,1346.0,2,1,74.03,0,2.0
Super built-up  Area,Sarjapur  Road,1195.0,2,1,70.0,0,2.0
Super built-up  Area,Sarjapur  Road,1550.0,3,3,100.0,1,3.0
Super built-up  Area,Sarjapur  Road,2100.0,3,2,125.0,1,3.0
Super built-up  Area,Sarjapur  Road,1210.0,2,2,58.0,1,2.0
Super built-up  Area,Sarjapur  Road,1691.0,3,2,113.0,1,3.0
Super built-up  Area,Sarjapur  Road,1278.0,2,2,95.0,1,2.0
Built-up  Area,Sarjapur  Road,2238.0,3,1,140.0,0,3.0
Super built-up  Area,Sarjapur  Road,1800.0,3,0,110.0,1,3.0
Super built-up  Area,Sarjapur  Road,1115.0,2,2,50.0,1,2.0
Super built-up  Area,Sarjapur  Road,1403.0,3,1,55.0,1,3.0
Super built-up  Area,Sarjapur  Road,1346.0,2,1,61.92,0,2.0
Super built-up  Area,Sarjapur  Road,1984.0,4,1,146.0,1,3.0
Super built-up  Area,Sarjapur  Road,1035.0,2,1,45.0,1,2.0
Super built-up  Area,Sarjapur  Road,1128.0,2,2,59.0,1,2.0
Built-up  Area,Sarjapur  Road,1495.0,2,0,64.0,1,3.0
Super built-up  Area,Sarjapur  Road,1700.0,3,3,110.0,1,3.0
Super built-up  Area,Sarjapur  Road,1157.0,2,1,75.0,0,3.0
Super built-up  Area,Sarjapur  Road,1282.0,2,2,72.0,1,2.0
Super built-up  Area,Sarjapur  Road,4111.0,4,1,310.0,1,4.0
Super built-up  Area,Sarjapur  Road,3430.0,6,0,228.5,1,4.0
Super built-up  Area,Sarjapur  Road,3900.0,4,3,300.0,1,4.0
Super built-up  Area,Sarjapur  Road,1300.0,2,2,60.0,1,2.0
Built-up  Area,Sarjapur  Road,1000.0,2,2,40.0,1,2.0
Super built-up  Area,Sarjapur  Road,1050.0,2,1,62.0,1,2.0
Super built-up  Area,Sarjapur  Road,1700.0,3,3,135.0,1,3.0
Super built-up  Area,Sarjapur  Road,1691.0,3,2,119.0,1,3.0
Super built-up  Area,Sarjapur  Road,1846.0,3,2,140.0,1,3.0
Plot  Area,Sarjapur  Road,1200.0,3,1,95.0,0,3.0
Super built-up  Area,Sarjapur  Road,1929.0,4,1,103.0,0,3.0
Super built-up  Area,Sarjapur  Road,1155.0,2,1,58.0,0,2.0
Super built-up  Area,Sarjapur  Road,1819.0,3,2,100.0,0,3.0
Super built-up  Area,Sarjapur  Road,1845.0,4,1,110.0,1,3.0
Super built-up  Area,Sarjapur  Road,1233.0,2,2,77.65,0,2.0
Super built-up  Area,Sarjapur  Road,1525.0,2,2,60.0,1,3.0
Super built-up  Area,Sarjapur  Road,4395.0,4,2,242.0,1,4.0
Super built-up  Area,Sarjapur  Road,1220.0,3,2,56.0,1,3.0
Plot  Area,Sarjapur  Road,3750.0,6,3,290.0,1,4.0
Super built-up  Area,Sarjapur  Road,1428.0,2,2,66.0,1,3.0
Super built-up  Area,Sarjapur  Road,1680.0,3,1,112.0,1,3.0
Super built-up  Area,Sarjapur  Road,1255.0,2,1,92.0,1,2.0
Super built-up  Area,Sarjapur  Road,1220.0,3,2,58.0,1,3.0
Super built-up  Area,Sarjapur  Road,1311.0,2,1,78.0,1,2.0
Super built-up  Area,Sarjapur  Road,1220.0,3,3,56.0,1,3.0
Super built-up  Area,Sarjapur  Road,1145.0,2,2,75.0,1,2.0
Built-up  Area,Sarjapur  Road,1300.0,2,2,70.0,1,3.0
Super built-up  Area,Sarjapur  Road,1390.0,2,2,62.0,1,2.0
Super built-up  Area,Sarjapur  Road,1725.0,3,3,90.0,1,3.0
Super built-up  Area,Sarjapur  Road,1476.0,2,0,98.94,0,3.0
Super built-up  Area,Sarjapur  Road,2180.0,3,2,170.0,1,3.0
Super built-up  Area,Sarjapur  Road,1084.0,2,3,55.0,1,2.0
Super built-up  Area,Sarjapur  Road,1220.0,3,2,62.0,1,3.0
Super built-up  Area,Sarjapur  Road,1750.0,3,2,110.0,1,3.0
Super built-up  Area,Sarjapur  Road,1888.0,4,1,95.0,1,3.0
Built-up  Area,Sarjapur  Road,1300.0,3,2,60.0,1,3.0
Plot  Area,Sarjapur  Road,1200.0,3,2,70.0,0,3.0
Plot  Area,Sarjapur  Road,2600.0,3,2,200.0,0,3.0
Super built-up  Area,Sarjapur  Road,5965.0,5,0,385.0,1,5.0
Super built-up  Area,Sarjapur  Road,685.0,1,1,40.0,0,1.0
Super built-up  Area,Sarjapur  Road,915.0,2,1,38.0,1,2.0
Super built-up  Area,Sarjapur  Road,2720.0,5,0,210.0,1,3.0
Super built-up  Area,Sarjapur  Road,1241.0,2,1,82.0,1,2.0
Super built-up  Area,Sarjapur  Road,984.0,2,1,45.91,0,2.0
Super built-up  Area,Sarjapur  Road,1400.0,2,2,68.0,1,2.0
Super built-up  Area,Sarjapur  Road,3785.0,6,0,280.0,1,4.0
Super built-up  Area,Sarjapur  Road,835.0,1,1,46.95,1,1.0
Super built-up  Area,Sarjapur  Road,1280.0,2,1,76.0,0,2.0
Super built-up  Area,Sarjapur  Road,1145.0,2,2,49.5,1,2.0
Built-up  Area,Sarjapur  Road,1470.0,3,0,62.0,1,3.0
Super built-up  Area,Sarjapur  Road,1263.0,2,1,78.0,1,2.0
Super built-up  Area,Sarjapur  Road,1691.0,3,1,98.0,1,3.0
Built-up  Area,Sarjapur  Road,3416.5,6,0,143.0,0,4.0
Super built-up  Area,Sarjapur  Road,1308.0,2,1,83.0,1,2.0
Super built-up  Area,Sarjapur  Road,1592.0,3,1,91.0,0,3.0
Super built-up  Area,Sarjapur  Road,1016.0,2,1,45.0,1,2.0
Super built-up  Area,Sarjapur  Road,1150.0,2,2,77.0,1,2.0
Built-up  Area,Sarjapur  Road,1965.0,3,3,120.0,1,3.0
Super built-up  Area,Sarjapur  Road,2275.0,4,2,180.0,1,3.0
Super built-up  Area,Sarjapur  Road,985.0,2,1,49.0,1,2.0
Super built-up  Area,Sarjapur  Road,1418.0,2,2,78.0,1,2.0
Built-up  Area,Sarjapur  Road,1200.0,2,1,93.0,1,2.0
Super built-up  Area,Sarjapur  Road,1586.0,3,3,70.0,1,3.0
Super built-up  Area,Sarjapur  Road,1260.0,2,2,53.0,1,2.0
Super built-up  Area,Sarjapur  Road,1115.0,2,1,60.0,1,2.0
Super built-up  Area,Sarjapur  Road,1525.0,2,2,87.0,1,3.0
Super built-up  Area,Sarjapur  Road,1346.0,2,1,71.32,0,2.0
Super built-up  Area,Sarjapur  Road,3905.0,7,0,290.0,1,5.0
Built-up  Area,Sarjapur  Road,915.0,2,2,37.0,1,2.0
Super built-up  Area,Sarjapur  Road,715.0,1,2,29.0,1,1.0
Super built-up  Area,Sarjapur  Road,1230.0,2,3,94.5,1,2.0
Built-up  Area,Sarjapur  Road,1750.0,3,3,99.0,1,3.0
Super built-up  Area,Sarjapur  Road,1145.0,2,1,62.0,0,2.0
Plot  Area,Sarjapur  Road,1500.0,3,2,88.0,1,3.0
Super built-up  Area,Sarjapur  Road,1190.0,2,1,50.0,0,2.0
Super built-up  Area,Sarjapur  Road,1846.0,3,3,145.0,1,3.0
Super built-up  Area,Sarjapur  Road,1846.0,3,2,155.0,1,3.0
Super built-up  Area,Sarjapur  Road,1067.0,2,1,60.0,0,2.0
Built-up  Area,Sarjapur  Road,3200.0,5,3,140.0,1,5.0
Super built-up  Area,Sarjapur  Road,1700.0,3,1,95.0,1,3.0
Super built-up  Area,Sarjapur  Road,1230.0,2,1,65.0,0,2.0
Built-up  Area,Sarjapur  Road,1939.0,3,0,98.0,0,3.0
Super built-up  Area,Sarjapur  Road,3785.0,5,0,280.0,1,4.0
Built-up  Area,Sarjapur  Road,2556.0,3,2,169.0,1,3.0
Super built-up  Area,Sarjapur  Road,1278.0,2,2,90.0,1,2.0
Super built-up  Area,Sarjapur  Road,1305.0,2,1,99.0,1,2.0
Super built-up  Area,Sarjapur  Road,1755.0,3,2,122.0,1,3.0
Super built-up  Area,Sarjapur  Road,1000.0,2,1,38.5,1,2.0
Super built-up  Area,Sarjapur  Road,4334.0,2,0,338.0,1,4.0
Super built-up  Area,Sarjapur  Road,1173.0,2,2,45.75,1,3.0
Super built-up  Area,Sarjapur  Road,3930.0,7,0,329.0,1,5.0
Built-up  Area,Sarjapur  Road,1120.0,2,2,50.0,1,2.0
Built-up  Area,Sarjapur  Road,1530.0,2,2,60.0,1,3.0
Super built-up  Area,Sarjapur  Road,1700.0,3,2,93.5,0,3.0
Super built-up  Area,Sarjapur  Road,1403.0,3,1,56.0,1,3.0
Super built-up  Area,Sarjapur  Road,1060.0,2,1,55.0,1,2.0
Super built-up  Area,Sarjapur  Road,1455.0,2,1,98.0,1,3.0
Built-up  Area,Sarjapur  Road,1850.0,3,3,140.0,1,3.0
Super built-up  Area,Sarjapur  Road,950.0,1,0,39.9,0,1.0
Super built-up  Area,Sarjapur  Road,1826.0,3,2,130.0,1,3.0
Super built-up  Area,Sarjapur  Road,1660.0,2,2,116.0,1,3.0
Super built-up  Area,Sarjapur  Road,1700.0,3,3,108.0,1,3.0
Super built-up  Area,Sarjapur  Road,1539.0,3,0,85.0,1,3.0
Super built-up  Area,Sarjapur  Road,1489.0,2,3,82.0,1,3.0
Super built-up  Area,Sarjapur  Road,1550.0,2,2,69.75,1,3.0
Super built-up  Area,Sarjapur  Road,539.0,1,1,45.0,1,1.0
Super built-up  Area,Sarjapur  Road,1200.0,2,2,75.0,1,2.0
Super built-up  Area,Sarjapur  Road,2145.0,3,3,180.0,1,3.0
Super built-up  Area,Sarjapur  Road,1308.0,2,1,58.86,1,2.0
Built-up  Area,Sarjapur  Road,920.0,2,1,40.0,1,2.0
Built-up  Area,Sarjapur  Road,3044.0,3,2,183.0,0,3.0
Super built-up  Area,Sarjapur  Road,1163.0,2,2,62.0,1,3.0
Built-up  Area,Sarjapur  Road,3004.0,4,0,158.0,1,3.0
Super built-up  Area,Sarjapur  Road,1877.0,4,2,150.0,1,3.0
Super built-up  Area,Sarjapur  Road,1115.0,2,2,43.0,1,2.0
Super built-up  Area,Sarjapur  Road,1229.0,2,2,70.0,1,2.0
Built-up  Area,Sarjapur  Road,1342.0,2,0,70.0,1,2.0
Super built-up  Area,Sarjapur  Road,1711.0,3,1,110.0,0,3.0
Super built-up  Area,Sarjapur  Road,1484.0,2,0,65.0,1,3.0
Super built-up  Area,Sarjapur  Road,1115.0,2,1,50.0,1,2.0
Super built-up  Area,Sarjapur  Road,1220.0,3,2,57.0,1,3.0
Super built-up  Area,Sarjapur  Road,1050.0,2,1,63.5,1,2.0
Super built-up  Area,Sarjapur  Road,1350.0,2,2,102.0,1,2.0
Super built-up  Area,Sarjapur  Road,2990.0,4,0,240.0,1,4.0
Super built-up  Area,Sarjapur  Road,1035.0,2,2,49.0,1,2.0
Super built-up  Area,Sarjapur  Road,1457.0,3,3,85.0,1,3.0
Super built-up  Area,Sarjapur  Road,1685.0,3,1,135.0,0,3.0
Super built-up  Area,Sarjapur  Road,1350.0,2,2,68.0,1,2.0
Super built-up  Area,Sarjapur  Road,1157.0,2,1,53.99,0,3.0
Super built-up  Area,Sarjapur  Road,1385.0,3,1,55.0,1,3.0
Super built-up  Area,Sarjapur  Road,1700.0,3,1,79.9,0,3.0
Super built-up  Area,Sarjapur  Road,984.0,2,1,55.0,0,2.0
Super built-up  Area,Sarjapur  Road,1864.0,3,2,105.0,1,4.0
Super built-up  Area,Sarjapur  Road,1157.0,2,1,57.84,0,3.0
Built-up  Area,Sarjapur  Road,3385.5,6,0,142.0,1,4.0
Super built-up  Area,Sarjapur  Road,1320.0,2,1,100.0,1,2.0
Super built-up  Area,Sarjapur  Road,1984.0,4,1,145.0,1,3.0
Super built-up  Area,Sarjapur  Road,1773.5,2,0,85.125,0,3.0
Super built-up  Area,Sarjapur  Road,1800.0,3,1,90.0,1,4.0
Super built-up  Area,Sarjapur  Road,7800.0,6,0,385.0,1,5.0
Super built-up  Area,Sarjapur  Road,1550.0,2,1,89.0,1,3.0
Super built-up  Area,Sarjapur  Road,2425.0,5,1,201.0,1,4.0
Built-up  Area,Sarjapur  Road,1400.0,3,2,55.0,1,3.0
Super built-up  Area,Sarjapur  Road,2070.0,4,2,160.0,1,3.0
Super built-up  Area,Sarjapur  Road,1435.0,3,2,90.0,1,3.0
Super built-up  Area,Sarjapur  Road,1194.0,2,1,51.0,1,2.0
Super built-up  Area,Sarjapur  Road,1262.0,2,2,67.0,1,2.0
Super built-up  Area,Sarjapur  Road,1693.0,3,2,125.0,1,3.0
Super built-up  Area,Sarjapur  Road,1826.0,3,2,125.0,1,3.0
Super built-up  Area,Sarjapur  Road,1660.0,3,2,116.0,1,3.0
Built-up  Area,Sarjapur  Road,1060.0,2,1,50.0,0,2.0
Built-up  Area,Sarjapur  Road,1830.0,3,1,119.0,0,3.0
Super built-up  Area,Sarjapur  Road,1929.0,4,1,101.0,0,3.0
Super built-up  Area,Sarjapur  Road,1525.0,2,2,65.0,1,3.0
Super built-up  Area,Sarjapur  Road,2900.0,4,2,240.0,1,4.0
Super built-up  Area,Sarjapur  Road,1059.0,2,2,68.0,1,2.0
Super built-up  Area,Sarjapur  Road,1577.0,3,2,65.0,1,3.0
Super built-up  Area,Sarjapur  Road,1157.0,2,1,74.0,0,3.0
Super built-up  Area,Sarjapur  Road,1700.0,3,1,118.0,0,3.0
Super built-up  Area,Sarjapur  Road,1691.0,3,3,120.0,1,3.0
Super built-up  Area,Sarjapur  Road,1929.0,3,1,103.0,0,3.0
Super built-up  Area,Sarjapur  Road,1308.0,2,1,75.0,0,2.0
Super built-up  Area,Sarjapur  Road,1580.0,3,3,125.0,1,3.0
Super built-up  Area,Sarjapur  Road,1797.0,4,1,95.0,0,3.0
Super built-up  Area,Sarjapur  Road,1763.25,3,3,98.0,0,3.0
Super built-up  Area,Sarjapur  Road,1550.0,2,2,98.0,1,3.0
Built-up  Area,Sarjapur  Road,1450.0,2,1,75.0,1,3.0
Super built-up  Area,Sarjapur  Road,984.0,2,1,59.0,0,2.0
Super built-up  Area,Sarjapur  Road,1489.0,3,2,88.0,1,3.0
Super built-up  Area,Sarjapur  Road,702.0,1,1,52.0,0,1.0
Super built-up  Area,Sarjapur  Road,1242.0,2,1,75.0,0,2.0
Super built-up  Area,Sarjapur  Road,2275.0,4,2,185.0,1,3.0
Super built-up  Area,Sarjapur  Road,2100.0,3,1,135.0,1,3.0
Super built-up  Area,Sarjapur  Road,1862.0,4,1,110.0,1,3.0
Super built-up  Area,Sarjapur  Road,2275.0,4,2,175.0,1,3.0
Super built-up  Area,Sarjapur  Road,1314.0,2,2,110.0,1,2.0
Super built-up  Area,Sarjapur  Road,1787.0,3,2,116.0,1,3.0
Super built-up  Area,Sarjapur  Road,1691.0,3,2,93.01,1,3.0
Super built-up  Area,Sarjapur  Road,1028.0,2,1,56.0,1,2.0
Super built-up  Area,Sarjapur  Road,4395.0,4,2,242.0,0,4.0
Super built-up  Area,Sarjapur  Road,1181.0,2,1,65.0,1,3.0
Super built-up  Area,Sarjapur  Road,1691.0,3,2,100.0,1,3.0
Super built-up  Area,Sarjapur  Road,1026.0,2,1,60.55,1,2.0
Super built-up  Area,Sarjapur  Road,1350.0,2,1,85.0,0,2.0
Super built-up  Area,Sarjapur  Road,1157.0,2,1,72.0,0,3.0
Super built-up  Area,Sarjapur  Road,1019.0,2,1,62.0,1,2.0
Super built-up  Area,Sarjapur  Road,3418.0,3,0,235.0,1,4.0
Super built-up  Area,Sarjapur  Road,691.0,1,1,31.1,0,1.0
Super built-up  Area,Sarjapur  Road,994.0,2,2,45.0,1,2.0
Built-up  Area,Sarjapur  Road,3913.0,5,0,176.0,0,4.0
Built-up  Area,Sarjapur  Road,1130.0,2,2,55.0,1,2.0
Super built-up  Area,Sarjapur  Road,1881.0,3,2,145.0,0,3.0
Super built-up  Area,Sarjapur  Road,2275.0,4,2,182.0,1,3.0
Super built-up  Area,Sarjapur  Road,1346.0,2,1,67.38,0,2.0
Super built-up  Area,Sarjapur  Road,1881.0,3,2,145.0,1,3.0
Built-up  Area,Sarjapur  Road,1045.0,2,2,42.15,1,2.0
Plot  Area,Sarjapur  Road,2880.0,3,2,211.0,1,4.0
Built-up  Area,Sarjapur  Road,3418.0,2,0,222.0,1,4.0
Built-up  Area,Sarjapur  Road,675.0,1,1,27.0,1,1.0
Super built-up  Area,Sarjapur  Road,1773.5,2,0,102.92,0,3.0
Super built-up  Area,Sarjapur  Road,3930.0,5,2,330.0,1,4.0
Super built-up  Area,Sarjapur  Road,1335.0,2,1,95.0,1,2.0
Super built-up  Area,Sarjapur  Road,1525.0,2,3,63.0,1,3.0
Built-up  Area,Sarjapur  Road,1680.0,3,2,126.0,1,3.0
Super built-up  Area,Sarjapur  Road,1222.0,2,1,68.0,1,3.0
Built-up  Area,Sarjapur  Road,3420.0,4,2,225.0,1,4.0
Super built-up  Area,Sarjapur  Road,1510.0,2,1,110.0,1,3.0
Super built-up  Area,Sarjapur  Road,1242.0,2,1,78.0,1,2.0
Super built-up  Area,Sarjapur  Road,1665.0,3,2,74.93,1,3.0
Super built-up  Area,Sarjapur  Road,1129.0,2,1,69.0,1,2.0
Super built-up  Area,Sarjapur  Road,1850.0,3,2,140.0,1,3.0
Super built-up  Area,Sarjapur  Road,1113.0,2,1,44.5,1,2.0
Super built-up  Area,Sarjapur  Road,1879.0,3,2,155.0,1,3.0
Super built-up  Area,Sarjapur  Road,2425.0,5,1,175.0,1,4.0
Super built-up  Area,Sarjapur  Road,1323.0,2,2,74.0,1,2.0
Super built-up  Area,Sarjapur  Road,2289.0,3,2,178.0,1,3.0
Super built-up  Area,Sarjapur  Road,1505.0,2,2,60.0,1,3.0
Built-up  Area,Sarjapur  Road,1314.0,2,2,70.44,1,3.0
Super built-up  Area,Sarjapur  Road,2100.0,3,2,130.0,1,3.0
Super built-up  Area,Sarjapur  Road,702.0,1,0,35.8,1,1.0
Super built-up  Area,Sarjapur  Road,1320.0,2,2,110.0,1,2.0
Super built-up  Area,Sarjapur  Road,1800.0,3,2,128.0,1,3.0
Super built-up  Area,Sarjapur  Road,2275.0,4,2,187.0,1,3.0
Super built-up  Area,Sarjapur  Road,1270.0,2,1,54.0,1,3.0
Super built-up  Area,Sarjapur  Road,1026.0,2,2,60.8,1,2.0
Super built-up  Area,Sarjapur  Road,1025.0,2,2,45.5,1,2.0
Built-up  Area,Sarjapur  Road,1216.0,2,2,70.0,0,2.0
Super built-up  Area,Sarjapur  Road,1112.0,2,1,62.0,0,2.0
Super built-up  Area,Sarjapur  Road,1273.0,2,2,60.0,1,2.0
Super built-up  Area,Sarjapur  Road,1157.0,2,1,69.0,0,3.0
Super built-up  Area,Sarjapur  Road,1026.0,2,1,60.8,1,2.0
Super built-up  Area,Sarjapur  Road,1150.0,2,1,48.5,1,2.0
Plot  Area,Sarjapur  Road,1600.0,3,1,120.0,1,3.0
Super built-up  Area,Sarjapur  Road,1370.0,2,1,70.0,0,2.0
Super built-up  Area,Sarjapur  Road,475.0,1,1,26.0,0,1.0
Super built-up  Area,Sarjapur  Road,1197.0,2,1,56.86,1,2.0
Super built-up  Area,Sarjapur  Road,3040.0,4,2,135.0,1,4.0
Built-up  Area,Sarjapur  Road,1857.0,4,3,155.0,1,3.0
Super built-up  Area,Sarjapur  Road,1194.0,2,1,57.0,0,2.0
Super built-up  Area,Sarjapur  Road,984.0,2,1,45.75,0,2.0
Super built-up  Area,Sarjapur  Road,1346.0,2,1,69.61,0,2.0
Super built-up  Area,Sarjapur  Road,2089.0,3,2,148.0,1,3.0
Super built-up  Area,Sarjapur  Road,1612.0,3,1,98.38,1,3.0
Super built-up  Area,Sarjapur  Road,1290.0,2,2,88.0,1,2.0
Super built-up  Area,Sarjapur  Road,1371.0,2,1,86.0,0,2.0
Super built-up  Area,Sarjapur  Road,2140.0,3,2,139.0,1,3.0
Super built-up  Area,Sarjapur  Road,1044.0,2,2,55.0,1,2.0
Super built-up  Area,Sarjapur  Road,1600.0,3,1,85.0,1,3.0
Super built-up  Area,Sarjapur  Road,2180.0,4,3,180.0,1,3.0
Super built-up  Area,Sarjapur  Road,2206.0,4,1,180.0,1,3.0
Super built-up  Area,Sarjapur  Road,1309.0,2,3,69.5,1,2.0
Super built-up  Area,Sarjapur  Road,1691.0,3,2,100.0,0,3.0
Built-up  Area,Sarjapur  Road,1367.0,2,0,80.0,1,2.0
Built-up  Area,Sarjapur  Road,1565.0,3,2,78.0,1,3.0
Super built-up  Area,Sarjapur  Road,1984.0,4,1,148.0,1,3.0
Super built-up  Area,Sarjapur  Road,1035.0,2,1,47.0,0,2.0
Super built-up  Area,Sarjapur  Road,1112.0,2,1,58.0,0,2.0
Super built-up  Area,Sarjapur  Road,1340.0,2,0,75.0,1,2.0
Plot  Area,Sarjapur  Road,3500.0,3,2,275.0,1,3.0
Super built-up  Area,Sarjapur  Road,1850.0,3,2,89.0,1,3.0
Super built-up  Area,Sarjapur  Road,1132.0,2,1,70.0,0,2.0
Built-up  Area,Sarjapur  Road,1380.0,2,2,55.0,1,3.0
Super built-up  Area,Sarjapur  Road,2425.0,5,1,195.0,1,4.0
Super built-up  Area,Sarjapura - Attibele Road,1330.0,2,1,48.0,1,3.0
Super built-up  Area,Sarjapura - Attibele Road,1329.0,2,2,45.95,1,3.0
Super built-up  Area,Sarjapura - Attibele Road,829.0,2,1,22.8,0,2.0
Plot  Area,Sarjapura - Attibele Road,2400.0,3,3,85.0,1,3.0
Super built-up  Area,Sarjapura - Attibele Road,1033.0,2,2,28.41,0,2.0
Super built-up  Area,Sarjapura - Attibele Road,1676.0,3,3,52.0,1,3.0
Plot  Area,Sarjapura - Attibele Road,1800.0,3,2,90.0,0,3.0
Built-up  Area,Sarjapura - Attibele Road,1308.0,2,2,37.0,1,2.0
Super built-up  Area,Sarjapura - Attibele Road,1073.0,2,2,31.77,1,2.0
Built-up  Area,Sarjapura - Attibele Road,1330.0,2,1,49.0,1,3.0
Super built-up  Area,Sarjapura - Attibele Road,1090.0,2,1,37.0,1,2.0
Super built-up  Area,Sarjapura - Attibele Road,1126.0,2,1,36.0,1,2.0
Super built-up  Area,Sarjapura - Attibele Road,740.0,1,1,23.65,1,1.0
Super built-up  Area,Sarjapura - Attibele Road,1555.0,3,3,52.0,1,3.0
Super built-up  Area,Sector 2 HSR Layout,1296.0,2,1,75.0,1,2.0
Super built-up  Area,Sector 2 HSR Layout,1450.0,2,2,135.0,1,3.0
Super built-up  Area,Sector 2 HSR Layout,794.0,1,1,60.0,1,1.0
Super built-up  Area,Sector 2 HSR Layout,1143.0,2,2,65.0,1,2.0
Super built-up  Area,Sector 2 HSR Layout,794.0,1,2,65.0,1,1.0
Super built-up  Area,Sector 2 HSR Layout,1146.0,2,3,55.0,1,2.0
Built-up  Area,Sector 2 HSR Layout,1600.0,3,2,70.0,1,3.0
Super built-up  Area,Sector 2 HSR Layout,1665.0,3,0,110.0,1,3.0
Super built-up  Area,Sector 2 HSR Layout,1512.0,3,0,80.0,1,3.0
Built-up  Area,Sector 2 HSR Layout,1332.0,2,2,101.0,1,2.0
Super built-up  Area,Sector 2 HSR Layout,1515.0,2,3,69.0,1,3.0
Super built-up  Area,Sector 2 HSR Layout,1600.0,3,2,90.0,1,3.0
Built-up  Area,Sector 2 HSR Layout,1095.0,2,1,85.41,1,2.0
Super built-up  Area,Sector 2 HSR Layout,1231.0,2,3,66.0,1,2.0
Plot  Area,Sector 7 HSR Layout,3000.0,5,1,275.0,1,4.0
Super built-up  Area,Sector 7 HSR Layout,1163.0,2,2,98.86,1,2.0
Super built-up  Area,Sector 7 HSR Layout,1760.0,3,2,145.0,1,3.0
Built-up  Area,Sector 7 HSR Layout,3900.0,3,2,300.0,1,3.0
Super built-up  Area,Sector 7 HSR Layout,1163.0,2,1,98.86,1,2.0
Super built-up  Area,Sector 7 HSR Layout,1342.0,2,2,115.0,1,2.0
Super built-up  Area,Sector 7 HSR Layout,1760.0,3,2,160.0,1,3.0
Super built-up  Area,Sector 7 HSR Layout,1760.0,3,2,142.0,1,3.0
Built-up  Area,Sector 7 HSR Layout,2400.0,2,3,195.0,1,3.0
Super built-up  Area,Sector 7 HSR Layout,1760.0,3,2,185.0,1,3.0
Super built-up  Area,Sector 7 HSR Layout,1162.0,2,2,98.77,1,2.0
Super built-up  Area,Seegehalli,901.0,2,1,35.14,0,2.0
Super built-up  Area,Seegehalli,1150.0,2,2,42.9,1,3.0
Plot  Area,Seegehalli,800.0,1,0,50.0,1,2.0
Super built-up  Area,Seegehalli,1525.0,3,2,65.0,1,3.0
Super built-up  Area,Seegehalli,1118.0,2,2,37.5,0,2.0
Plot  Area,Seegehalli,1200.0,2,0,62.0,1,3.0
Plot  Area,Seegehalli,1155.0,2,0,72.0,1,2.0
Super built-up  Area,Seegehalli,1830.0,4,2,82.0,1,3.0
Plot  Area,Seegehalli,4000.0,3,1,235.0,1,3.0
Built-up  Area,Seegehalli,3000.0,5,3,150.0,1,4.0
Super built-up  Area,Seegehalli,2800.0,4,3,140.0,1,4.0
Super built-up  Area,Seegehalli,1096.0,2,1,41.0,1,2.0
Super built-up  Area,Seegehalli,1420.0,2,2,46.0,1,3.0
Super built-up  Area,Seegehalli,920.0,2,1,27.0,0,2.0
Super built-up  Area,Seegehalli,1553.0,3,3,68.0,1,3.0
Super built-up  Area,Seegehalli,1639.0,3,3,120.0,1,3.0
Plot  Area,Seegehalli,3000.0,4,2,235.0,1,3.0
Super built-up  Area,Seegehalli,1134.0,2,2,45.0,0,2.0
Super built-up  Area,Seegehalli,1683.0,3,3,80.0,1,3.0
Super built-up  Area,Seegehalli,1176.0,2,2,50.0,1,2.0
Plot  Area,Seegehalli,3000.0,4,2,240.0,1,3.0
Built-up  Area,Shampura,2650.0,4,2,150.0,1,4.0
Built-up  Area,Shampura,375.0,2,0,26.0,1,1.0
Super built-up  Area,Shampura,1200.0,2,3,53.0,1,2.0
Super built-up  Area,Shampura,700.0,1,2,35.0,1,2.0
Built-up  Area,Shampura,1400.0,3,1,70.0,1,3.0
Built-up  Area,Shampura,1475.0,3,3,78.0,1,3.0
Super built-up  Area,Shampura,1700.0,3,3,75.0,1,3.0
Built-up  Area,Shivaji Nagar,850.0,2,2,55.0,1,2.0
Super built-up  Area,Shivaji Nagar,1554.0,3,3,130.0,1,2.0
Built-up  Area,Shivaji Nagar,2200.0,2,0,110.0,1,2.0
Plot  Area,Shivaji Nagar,3820.0,1,1,306.0,1,1.0
Super built-up  Area,Shivaji Nagar,703.0,2,1,49.5,1,2.0
Super built-up  Area,Shivaji Nagar,1460.0,2,1,90.0,1,3.0
Carpet  Area,Shivaji Nagar,600.0,1,1,65.0,1,2.0
Super built-up  Area,Shivaji Nagar,1226.0,2,2,60.0,1,3.0
Super built-up  Area,Singasandra,1010.0,2,1,29.5,1,2.0
Built-up  Area,Singasandra,1440.0,2,3,65.0,1,3.0
Super built-up  Area,Singasandra,1030.0,2,0,55.0,1,2.0
Built-up  Area,Singasandra,3850.0,6,3,195.0,1,4.0
Built-up  Area,Singasandra,600.0,2,1,36.5,1,2.0
Super built-up  Area,Singasandra,1100.0,2,1,52.0,1,2.0
Super built-up  Area,Singasandra,1306.0,2,2,58.0,1,3.0
Super built-up  Area,Singasandra,3366.0,4,0,120.0,1,4.0
Super built-up  Area,Singasandra,1300.0,2,2,65.0,1,2.0
Built-up  Area,Singasandra,3126.0,4,0,120.0,1,4.0
Super built-up  Area,Singasandra,1464.0,3,2,56.0,1,3.0
Super built-up  Area,Singasandra,1010.0,2,1,40.0,1,2.0
Built-up  Area,Singasandra,1375.0,2,3,58.0,1,2.0
Super built-up  Area,Singasandra,1120.0,2,1,60.0,1,2.0
Super built-up  Area,Singasandra,1099.0,2,1,37.5,1,2.0
Built-up  Area,Singasandra,600.0,1,0,45.0,1,1.0
Super built-up  Area,Singasandra,1510.0,3,2,75.0,1,3.0
Super built-up  Area,Singasandra,1179.0,2,2,56.0,1,2.0
Super built-up  Area,Singasandra,1416.0,2,2,67.0,1,2.0
Super built-up  Area,Singasandra,1476.0,2,1,73.0,1,3.0
Super built-up  Area,Singasandra,1139.7,2,1,45.0,1,2.0
Super built-up  Area,Singasandra,1465.0,2,3,60.0,1,2.0
Super built-up  Area,Singasandra,1653.0,3,2,85.0,1,3.0
Built-up  Area,Somasundara Palya,1255.0,2,2,67.0,1,2.0
Super built-up  Area,Somasundara Palya,1448.0,2,2,68.0,1,2.0
Super built-up  Area,Somasundara Palya,1570.0,3,3,68.0,1,3.0
Super built-up  Area,Somasundara Palya,1178.0,2,3,73.0,1,2.0
Super built-up  Area,Somasundara Palya,1260.0,2,1,60.0,1,2.0
Built-up  Area,Somasundara Palya,1033.0,2,2,48.0,1,2.0
Super built-up  Area,Somasundara Palya,1329.0,2,2,70.0,1,2.0
Built-up  Area,Somasundara Palya,2372.0,3,0,140.0,1,3.0
Super built-up  Area,Somasundara Palya,1185.0,2,3,70.0,1,2.0
Super built-up  Area,Somasundara Palya,1575.0,3,3,68.0,1,3.0
Super built-up  Area,Somasundara Palya,1600.0,3,3,68.0,1,3.0
Super built-up  Area,Somasundara Palya,1600.0,3,3,69.0,1,3.0
Built-up  Area,Somasundara Palya,2400.0,3,3,140.0,1,4.0
Super built-up  Area,Somasundara Palya,1650.0,3,0,95.0,1,3.0
Built-up  Area,Somasundara Palya,1186.0,2,3,72.0,1,2.0
Super built-up  Area,Sompura,825.0,2,1,33.0,1,2.0
Built-up  Area,Sompura,1025.0,2,0,37.0,1,3.0
Super built-up  Area,Sompura,1020.0,2,3,41.0,1,2.0
Built-up  Area,Sompura,1126.0,2,2,39.0,1,2.0
Built-up  Area,Sompura,825.0,2,1,32.0,1,2.0
Super built-up  Area,Sompura,1360.0,2,3,45.0,1,3.0
Super built-up  Area,Sompura,1350.0,2,2,47.0,1,3.0
Super built-up  Area,Sompura,2150.0,3,2,85.0,1,4.0
Super built-up  Area,Sonnenahalli,1415.0,2,1,55.0,1,3.0
Built-up  Area,Sonnenahalli,896.0,2,1,43.75,1,2.0
Super built-up  Area,Sonnenahalli,1120.0,2,2,43.0,1,2.0
Super built-up  Area,Sonnenahalli,1100.0,2,1,44.0,1,2.0
Super built-up  Area,Sonnenahalli,1011.0,2,1,50.53,0,2.0
Super built-up  Area,Sonnenahalli,614.5,1,0,30.715,1,1.0
Super built-up  Area,Sonnenahalli,1484.0,3,1,74.18,0,3.0
Super built-up  Area,Sonnenahalli,1610.0,3,2,80.48,0,3.0
Super built-up  Area,Sonnenahalli,1415.0,2,1,65.0,1,3.0
Super built-up  Area,Sonnenahalli,1268.0,2,1,58.0,1,2.0
Super built-up  Area,Sonnenahalli,1268.0,2,1,56.0,1,2.0
Super built-up  Area,Sonnenahalli,605.0,1,1,30.24,0,1.0
Built-up  Area,Sonnenahalli,1484.0,3,1,75.0,1,3.0
Super built-up  Area,Subramanyapura,929.0,2,0,50.17,1,2.0
Built-up  Area,Subramanyapura,1200.0,2,2,52.0,1,2.0
Super built-up  Area,Subramanyapura,975.0,2,1,65.0,1,2.0
Super built-up  Area,Subramanyapura,975.0,2,1,58.0,1,2.0
Built-up  Area,Subramanyapura,1277.0,2,2,55.0,1,2.0
Super built-up  Area,Subramanyapura,985.0,2,1,58.0,1,2.0
Super built-up  Area,Subramanyapura,1245.0,2,1,68.0,1,3.0
Super built-up  Area,Subramanyapura,1313.0,2,2,73.0,1,2.0
Super built-up  Area,Subramanyapura,1130.0,2,3,45.19,1,3.0
Super built-up  Area,Subramanyapura,1313.0,2,2,66.5,1,2.0
Super built-up  Area,Subramanyapura,1255.0,2,2,79.0,1,3.0
Built-up  Area,Subramanyapura,1050.0,2,3,41.0,1,2.0
Super built-up  Area,Subramanyapura,1330.0,3,2,72.0,1,3.0
Built-up  Area,Subramanyapura,929.0,2,1,48.0,1,2.0
Super built-up  Area,Subramanyapura,975.0,2,1,63.0,1,2.0
Super built-up  Area,Subramanyapura,950.0,2,1,55.0,1,2.0
Super built-up  Area,Subramanyapura,929.0,2,1,56.0,1,2.0
Super built-up  Area,Subramanyapura,1800.0,3,2,90.0,1,3.0
Built-up  Area,Subramanyapura,1260.0,2,2,76.0,1,3.0
Super built-up  Area,Subramanyapura,1278.0,2,2,59.0,1,3.0
Super built-up  Area,Subramanyapura,1400.0,2,1,55.0,1,3.0
Super built-up  Area,Subramanyapura,960.0,2,1,55.0,1,2.0
Super built-up  Area,Subramanyapura,1260.0,2,1,73.0,1,3.0
Super built-up  Area,Subramanyapura,1278.0,3,2,62.71,1,3.0
Super built-up  Area,Subramanyapura,1278.0,3,2,70.0,1,3.0
Super built-up  Area,Subramanyapura,929.0,2,2,49.0,1,2.0
Super built-up  Area,Subramanyapura,1260.0,2,1,75.0,1,3.0
Super built-up  Area,Subramanyapura,1000.0,2,1,45.0,1,2.0
Super built-up  Area,Subramanyapura,1260.0,2,1,80.0,1,3.0
Super built-up  Area,Subramanyapura,2495.0,3,3,130.0,1,3.0
Super built-up  Area,Subramanyapura,929.0,1,2,51.0,1,2.0
Super built-up  Area,Subramanyapura,1880.0,3,2,110.0,1,3.0
Super built-up  Area,Subramanyapura,1800.0,3,0,80.0,1,3.0
Super built-up  Area,Subramanyapura,985.0,2,1,62.5,1,2.0
Carpet  Area,Sultan Palaya,1700.0,3,3,120.0,1,3.0
Super built-up  Area,Sultan Palaya,1100.0,2,2,40.0,1,2.0
Plot  Area,Sultan Palaya,1800.0,8,1,175.0,1,6.0
Super built-up  Area,Sultan Palaya,1100.0,2,1,45.0,1,2.0
Built-up  Area,Sultan Palaya,900.0,2,2,45.0,1,2.0
Built-up  Area,Sultan Palaya,870.0,2,1,65.0,1,2.0
Built-up  Area,Sultan Palaya,1765.0,3,3,80.0,1,3.0
Super built-up  Area,Sultan Palaya,1713.0,3,3,125.0,1,3.0
Super built-up  Area,Sultan Palaya,1009.0,2,1,65.0,1,2.0
Built-up  Area,Sultan Palaya,5000.0,5,2,325.0,1,4.0
Super built-up  Area,Sultan Palaya,1070.0,2,2,49.0,1,2.0
Super built-up  Area,Sultan Palaya,2200.0,3,3,80.0,1,4.0
Plot  Area,TC Palaya,1475.0,3,1,98.0,0,3.0
Plot  Area,TC Palaya,1200.0,2,0,60.0,1,2.0
Plot  Area,TC Palaya,1200.0,2,0,66.0,1,3.0
Plot  Area,TC Palaya,1200.0,3,0,66.0,1,3.0
Plot  Area,TC Palaya,1350.0,2,1,75.0,1,3.0
Plot  Area,TC Palaya,1240.0,2,1,60.0,1,2.0
Plot  Area,TC Palaya,1500.0,2,1,100.0,1,3.0
Plot  Area,TC Palaya,1200.0,2,0,65.0,1,2.0
Plot  Area,TC Palaya,1200.0,2,0,70.0,1,2.0
Plot  Area,TC Palaya,900.0,2,0,55.0,1,2.0
Plot  Area,TC Palaya,1200.0,2,0,66.5,1,3.0
Plot  Area,TC Palaya,4800.0,3,3,302.0,1,4.0
Built-up  Area,TC Palaya,1000.0,2,0,64.0,1,2.0
Built-up  Area,TC Palaya,1100.0,3,1,50.0,1,3.0
Plot  Area,TC Palaya,1200.0,2,0,66.0,1,2.0
Super built-up  Area,TC Palaya,1200.0,2,0,66.5,0,3.0
Plot  Area,TC Palaya,1200.0,2,0,66.0,0,3.0
Plot  Area,TC Palaya,1500.0,3,0,83.0,0,3.0
Built-up  Area,TC Palaya,1350.0,3,1,60.0,1,3.0
Built-up  Area,TC Palaya,1200.0,2,0,65.0,1,2.0
Super built-up  Area,TC Palaya,1500.0,2,0,75.0,1,2.0
Super built-up  Area,TC Palaya,1200.0,2,0,66.0,0,3.0
Built-up  Area,TC Palaya,1000.0,2,0,70.0,1,2.0
Built-up  Area,TC Palaya,1100.0,2,0,65.0,1,2.0
Built-up  Area,TC Palaya,1800.0,2,2,80.0,1,2.0
Plot  Area,TC Palaya,1200.0,2,1,70.0,1,2.0
Plot  Area,TC Palaya,1350.0,1,0,55.0,1,1.0
Built-up  Area,TC Palaya,1082.0,2,2,64.0,1,2.0
Plot  Area,TC Palaya,1995.0,3,1,100.0,1,3.0
Super built-up  Area,TC Palaya,1152.0,2,2,55.0,1,2.0
Super built-up  Area,Talaghattapura,1868.0,3,2,131.0,0,3.0
Super built-up  Area,Talaghattapura,2038.5,3,0,120.0,0,3.0
Super built-up  Area,Talaghattapura,2106.0,3,2,126.0,1,3.0
Super built-up  Area,Talaghattapura,1868.0,3,1,121.0,0,3.0
Super built-up  Area,Talaghattapura,1868.0,3,1,135.0,0,3.0
Super built-up  Area,Talaghattapura,1856.0,3,2,135.0,0,3.0
Super built-up  Area,Talaghattapura,1868.0,3,1,120.0,0,3.0
Super built-up  Area,Talaghattapura,1804.0,3,1,115.0,0,3.0
Super built-up  Area,Talaghattapura,2254.0,3,2,153.0,0,3.0
Super built-up  Area,Talaghattapura,2106.0,3,3,148.0,0,3.0
Super built-up  Area,Talaghattapura,2273.0,3,3,159.0,0,3.0
Super built-up  Area,Talaghattapura,2099.0,3,3,147.0,0,3.0
Built-up  Area,Talaghattapura,1100.0,2,0,50.0,1,2.0
Super built-up  Area,Talaghattapura,1100.0,2,1,49.49,1,2.0
Super built-up  Area,Talaghattapura,1575.0,3,2,80.0,1,3.0
Super built-up  Area,Talaghattapura,2273.0,3,2,145.0,0,3.0
Super built-up  Area,Talaghattapura,1175.0,2,2,62.0,1,2.0
Super built-up  Area,Talaghattapura,1804.0,3,2,127.0,0,3.0
Super built-up  Area,Talaghattapura,1062.0,2,1,42.48,1,2.0
Super built-up  Area,Talaghattapura,2038.5,3,0,122.0,0,3.0
Built-up  Area,Talaghattapura,1800.0,3,1,84.0,0,3.0
Super built-up  Area,Talaghattapura,2265.0,3,3,159.0,0,3.0
Super built-up  Area,Talaghattapura,2099.0,3,2,134.0,0,3.0
Super built-up  Area,Thanisandra,510.0,1,0,25.25,0,1.0
Super built-up  Area,Thanisandra,1296.0,2,3,80.0,0,2.0
Super built-up  Area,Thanisandra,1436.0,3,1,74.75,0,3.0
Super built-up  Area,Thanisandra,2144.0,3,2,145.0,1,3.0
Super built-up  Area,Thanisandra,1075.0,2,2,45.8,1,2.0
Super built-up  Area,Thanisandra,445.0,1,0,28.0,1,1.0
Super built-up  Area,Thanisandra,1296.0,2,2,83.0,1,2.0
Super built-up  Area,Thanisandra,1825.0,3,2,100.0,1,3.0
Super built-up  Area,Thanisandra,2144.0,3,2,135.0,1,3.0
Built-up  Area,Thanisandra,1240.0,2,1,62.0,1,3.0
Super built-up  Area,Thanisandra,1093.0,2,2,70.0,1,2.0
Super built-up  Area,Thanisandra,1265.0,2,1,79.0,1,3.0
Super built-up  Area,Thanisandra,1651.0,3,3,97.38,1,3.0
Super built-up  Area,Thanisandra,1265.0,2,2,85.0,1,2.0
Super built-up  Area,Thanisandra,510.0,1,1,25.25,0,1.0
Super built-up  Area,Thanisandra,776.5,2,0,48.145,1,1.0
Super built-up  Area,Thanisandra,1564.0,3,1,101.0,1,3.0
Super built-up  Area,Thanisandra,1183.0,2,1,58.56,0,2.0
Super built-up  Area,Thanisandra,1847.0,3,2,123.0,1,3.0
Super built-up  Area,Thanisandra,1800.0,3,3,90.0,1,3.0
Super built-up  Area,Thanisandra,1697.0,3,2,114.0,1,3.0
Super built-up  Area,Thanisandra,1050.0,2,2,45.0,1,2.0
Built-up  Area,Thanisandra,3500.0,5,0,160.0,1,6.0
Super built-up  Area,Thanisandra,1573.0,3,2,95.0,0,3.0
Super built-up  Area,Thanisandra,1917.0,3,3,122.0,1,3.0
Super built-up  Area,Thanisandra,693.0,1,1,34.3,0,1.0
Super built-up  Area,Thanisandra,1098.0,2,1,68.0,1,2.0
Super built-up  Area,Thanisandra,760.0,1,2,50.3,1,1.0
Super built-up  Area,Thanisandra,1111.0,2,1,50.0,1,2.0
Super built-up  Area,Thanisandra,1185.5,2,0,58.68,0,2.0
Super built-up  Area,Thanisandra,2002.0,3,2,112.0,1,3.0
Super built-up  Area,Thanisandra,1634.0,3,3,78.0,0,3.0
Super built-up  Area,Thanisandra,2000.0,3,2,99.0,1,3.0
Super built-up  Area,Thanisandra,1050.0,2,2,46.0,1,2.0
Super built-up  Area,Thanisandra,1588.0,3,1,75.55,0,3.0
Super built-up  Area,Thanisandra,1697.0,3,2,115.0,1,3.0
Plot  Area,Thanisandra,1380.0,1,1,62.1,1,1.0
Super built-up  Area,Thanisandra,923.0,1,1,60.84,0,1.0
Super built-up  Area,Thanisandra,1743.0,3,2,93.25,1,3.0
Built-up  Area,Thanisandra,923.0,1,1,45.69,0,1.0
Super built-up  Area,Thanisandra,1183.0,2,1,59.74,0,2.0
Super built-up  Area,Thanisandra,1296.0,2,2,72.0,0,2.0
Super built-up  Area,Thanisandra,1020.0,2,1,44.5,0,2.0
Built-up  Area,Thanisandra,1874.0,4,1,130.0,1,3.0
Super built-up  Area,Thanisandra,1698.0,3,2,102.0,1,3.0
Super built-up  Area,Thanisandra,1411.0,3,1,93.04,0,3.0
Super built-up  Area,Thanisandra,1996.0,3,2,135.0,1,3.0
Super built-up  Area,Thanisandra,1801.0,3,1,115.0,1,3.0
Super built-up  Area,Thanisandra,1265.0,2,2,82.0,1,2.0
Built-up  Area,Thanisandra,1100.0,2,1,48.0,1,2.0
Super built-up  Area,Thanisandra,1917.0,4,2,113.0,0,3.0
Super built-up  Area,Thanisandra,662.0,1,1,42.0,1,1.0
Built-up  Area,Thanisandra,2100.0,4,1,95.0,1,4.0
Super built-up  Area,Thanisandra,1948.0,3,2,130.0,0,3.0
Super built-up  Area,Thanisandra,1922.0,3,3,106.0,1,3.0
Super built-up  Area,Thanisandra,965.0,2,1,67.0,1,2.0
Super built-up  Area,Thanisandra,1098.0,2,1,74.0,0,2.0
Super built-up  Area,Thanisandra,1437.0,2,1,71.13,0,2.0
Super built-up  Area,Thanisandra,1564.0,3,1,104.0,1,3.0
Built-up  Area,Thanisandra,1241.0,2,1,61.0,1,3.0
Super built-up  Area,Thanisandra,1200.0,2,1,65.0,1,3.0
Super built-up  Area,Thanisandra,1732.0,3,1,85.73,0,3.0
Super built-up  Area,Thanisandra,1917.0,4,2,100.0,1,3.0
Super built-up  Area,Thanisandra,1250.0,1,1,54.0,0,2.0
Super built-up  Area,Thanisandra,2127.0,3,2,135.0,1,3.0
Super built-up  Area,Thanisandra,2336.5,3,0,115.89,0,3.0
Super built-up  Area,Thanisandra,1276.0,2,2,75.0,1,2.0
Built-up  Area,Thanisandra,693.0,1,1,34.3,0,1.0
Super built-up  Area,Thanisandra,2259.0,5,2,135.0,0,4.0
Super built-up  Area,Thanisandra,1265.0,2,1,78.0,1,2.0
Super built-up  Area,Thanisandra,1732.0,3,3,85.73,0,3.0
Super built-up  Area,Thanisandra,934.0,2,2,55.0,1,2.0
Super built-up  Area,Thanisandra,1056.0,2,2,68.0,1,2.0
Built-up  Area,Thanisandra,1595.0,3,1,110.0,0,3.0
Super built-up  Area,Thanisandra,1411.0,3,1,93.15,0,3.0
Super built-up  Area,Thanisandra,1093.0,2,1,68.1,0,2.0
Super built-up  Area,Thanisandra,1370.0,2,1,61.0,0,3.0
Super built-up  Area,Thanisandra,1093.0,2,2,72.0,1,2.0
Super built-up  Area,Thanisandra,1200.0,2,1,53.5,1,2.0
Super built-up  Area,Thanisandra,1698.0,3,2,107.0,1,3.0
Super built-up  Area,Thanisandra,1564.0,3,1,105.0,1,3.0
Super built-up  Area,Thanisandra,1265.0,2,1,83.0,0,2.0
Super built-up  Area,Thanisandra,784.0,1,0,35.285,1,1.0
Super built-up  Area,Thanisandra,965.0,2,1,56.0,1,2.0
Super built-up  Area,Thanisandra,1546.0,3,1,95.0,0,3.0
Super built-up  Area,Thanisandra,777.0,1,0,38.535,0,1.0
Super built-up  Area,Thanisandra,1697.0,3,2,110.0,1,3.0
Built-up  Area,Thanisandra,1492.0,3,1,88.0,1,3.0
Built-up  Area,Thanisandra,2072.0,3,2,122.0,1,3.0
Super built-up  Area,Thanisandra,1880.0,3,3,120.0,1,3.0
Super built-up  Area,Thanisandra,760.0,1,2,50.0,1,1.0
Super built-up  Area,Thanisandra,1200.0,2,3,60.0,1,2.0
Built-up  Area,Thanisandra,1800.0,4,1,125.0,1,3.0
Super built-up  Area,Thanisandra,933.0,2,1,58.0,1,1.0
Super built-up  Area,Thanisandra,1917.0,3,2,110.0,1,3.0
Super built-up  Area,Thanisandra,1996.0,4,1,123.0,0,3.0
Super built-up  Area,Thanisandra,1183.0,2,1,77.25,0,2.0
Built-up  Area,Thanisandra,1491.0,3,1,88.0,1,3.0
Super built-up  Area,Thanisandra,1881.0,3,0,95.0,1,3.0
Super built-up  Area,Thanisandra,662.0,1,1,29.0,1,1.0
Super built-up  Area,Thanisandra,1183.0,2,2,58.56,0,2.0
Super built-up  Area,Thanisandra,1564.0,3,2,100.0,1,3.0
Super built-up  Area,Thanisandra,663.0,1,0,46.1,0,1.0
Built-up  Area,Thanisandra,662.0,1,0,45.0,1,1.0
Super built-up  Area,Thanisandra,1573.0,3,2,98.0,1,3.0
Super built-up  Area,Thanisandra,1262.0,2,1,83.0,1,3.0
Super built-up  Area,Thanisandra,1056.0,2,2,65.0,1,2.0
Super built-up  Area,Thanisandra,1131.0,2,0,55.975,0,2.0
Super built-up  Area,Thanisandra,1702.0,3,2,115.0,1,3.0
Super built-up  Area,Thanisandra,1343.0,2,2,75.0,1,2.0
Super built-up  Area,Thanisandra,1935.0,4,2,122.0,1,3.0
Super built-up  Area,Thanisandra,933.0,2,1,55.0,0,2.0
Super built-up  Area,Thanisandra,1183.0,2,1,77.3,0,2.0
Super built-up  Area,Thanisandra,662.0,1,0,38.0,1,1.0
Super built-up  Area,Thanisandra,1265.0,2,1,72.0,0,2.0
Super built-up  Area,Thanisandra,1595.0,3,1,105.0,1,3.0
Built-up  Area,Thanisandra,1241.0,2,1,65.0,1,3.0
Super built-up  Area,Thanisandra,580.0,1,1,27.5,0,1.0
Super built-up  Area,Thanisandra,2087.0,4,2,139.0,0,3.0
Super built-up  Area,Thanisandra,1340.0,2,1,66.33,0,2.0
Super built-up  Area,Thanisandra,1098.0,2,1,71.0,1,2.0
Super built-up  Area,Thanisandra,1411.0,3,1,93.25,0,3.0
Super built-up  Area,Thanisandra,1262.0,2,1,65.0,1,3.0
Built-up  Area,Thanisandra,1234.0,2,2,51.0,1,2.0
Super built-up  Area,Thanisandra,1732.0,3,1,112.0,0,3.0
Super built-up  Area,Thanisandra,933.0,1,1,61.0,0,1.0
Super built-up  Area,Thanisandra,1702.0,3,2,107.0,1,3.0
Super built-up  Area,Thanisandra,747.0,1,0,34.355,0,1.0
Super built-up  Area,Thanisandra,2030.0,4,1,125.0,0,3.0
Super built-up  Area,Thanisandra,1140.0,2,1,59.0,1,2.0
Super built-up  Area,Thanisandra,663.0,1,1,46.0,0,1.0
Built-up  Area,Thanisandra,1948.0,4,2,129.0,1,4.0
Built-up  Area,Thanisandra,1573.0,3,1,90.0,0,3.0
Super built-up  Area,Thanisandra,1056.0,2,2,70.0,1,2.0
Super built-up  Area,Thanisandra,1595.0,3,2,96.0,0,3.0
Super built-up  Area,Thanisandra,1226.0,2,1,65.0,1,2.0
Super built-up  Area,Thanisandra,1245.0,2,1,83.05,0,2.0
Super built-up  Area,Thanisandra,1261.0,2,1,80.0,1,3.0
Super built-up  Area,Thanisandra,1884.0,4,2,117.0,1,3.0
Super built-up  Area,Thanisandra,965.0,2,1,54.0,1,2.0
Super built-up  Area,Thanisandra,1930.0,4,2,122.0,1,3.0
Super built-up  Area,Thanisandra,777.0,1,0,38.46,0,1.0
Super built-up  Area,Thanisandra,1241.0,2,1,68.0,1,3.0
Super built-up  Area,Thanisandra,1930.0,4,2,120.0,1,3.0
Super built-up  Area,Thanisandra,760.0,1,2,50.4,1,1.0
Super built-up  Area,Thanisandra,663.0,1,0,32.82,0,1.0
Super built-up  Area,Thanisandra,1801.0,3,2,115.0,1,3.0
Built-up  Area,Thanisandra,3671.0,4,1,220.0,0,4.0
Super built-up  Area,Thanisandra,1110.0,2,2,46.5,1,2.0
Super built-up  Area,Thanisandra,1305.0,2,2,90.0,1,2.0
Super built-up  Area,Thanisandra,1965.0,4,2,125.0,1,3.0
Super built-up  Area,Thanisandra,1573.0,3,2,100.0,0,3.0
Super built-up  Area,Thanisandra,1533.0,3,0,75.885,0,3.0
Super built-up  Area,Thanisandra,2259.0,3,2,112.0,0,4.0
Built-up  Area,Thanisandra,1917.0,4,2,130.0,0,4.0
Super built-up  Area,Thanisandra,1226.0,2,1,65.59,1,2.0
Super built-up  Area,Thigalarapalya,3122.0,6,2,230.0,1,4.0
Super built-up  Area,Thigalarapalya,2072.0,4,2,142.0,1,3.0
Super built-up  Area,Thigalarapalya,1297.0,2,2,103.0,1,2.0
Super built-up  Area,Thigalarapalya,1418.0,2,2,95.0,1,2.0
Super built-up  Area,Thigalarapalya,3122.0,6,2,235.0,1,4.0
Super built-up  Area,Thigalarapalya,3122.0,6,2,245.0,1,4.0
Super built-up  Area,Thigalarapalya,2072.0,4,2,150.0,1,3.0
Super built-up  Area,Thigalarapalya,1418.0,2,2,103.0,1,2.0
Super built-up  Area,Thigalarapalya,1418.0,2,2,101.0,1,2.0
Super built-up  Area,Thigalarapalya,1418.0,2,2,104.0,1,2.0
Super built-up  Area,Thigalarapalya,2072.0,4,2,139.0,1,3.0
Super built-up  Area,Thigalarapalya,3122.0,5,2,225.0,1,4.0
Super built-up  Area,Thigalarapalya,2912.0,6,2,210.0,1,4.0
Super built-up  Area,Thigalarapalya,2072.0,4,2,159.0,1,3.0
Super built-up  Area,Thigalarapalya,2072.0,4,2,147.0,1,3.0
Super built-up  Area,Thigalarapalya,1418.0,2,2,106.0,1,2.0
Super built-up  Area,Thigalarapalya,2215.0,4,2,156.0,1,3.0
Super built-up  Area,Thigalarapalya,3122.0,6,2,237.0,1,4.0
Super built-up  Area,Thigalarapalya,1418.0,2,2,105.0,1,2.0
Super built-up  Area,Thigalarapalya,2215.0,4,2,160.0,1,3.0
Super built-up  Area,Thigalarapalya,2072.0,4,2,155.0,1,3.0
Super built-up  Area,Thigalarapalya,1830.0,4,2,135.0,1,3.0
Super built-up  Area,Thigalarapalya,2072.0,4,2,160.0,1,3.0
Super built-up  Area,Thigalarapalya,2215.0,4,2,150.0,1,3.0
Super built-up  Area,Thigalarapalya,2215.0,4,2,154.0,1,3.0
Super built-up  Area,Thigalarapalya,2072.0,4,2,152.0,1,3.0
Super built-up  Area,Thigalarapalya,2072.0,4,2,153.0,1,3.0
Super built-up  Area,Thigalarapalya,2072.0,4,2,157.0,1,3.0
Built-up  Area,Thigalarapalya,3362.0,5,2,249.0,1,4.0
Super built-up  Area,Thigalarapalya,1830.0,3,2,133.0,1,3.0
Super built-up  Area,Thigalarapalya,4190.0,4,0,325.0,1,4.0
Super built-up  Area,Thigalarapalya,2215.0,4,2,157.0,1,3.0
Super built-up  Area,Thigalarapalya,2072.0,4,2,151.0,1,3.0
Super built-up  Area,Thigalarapalya,4303.0,5,0,300.0,1,4.0
Super built-up  Area,Thigalarapalya,1400.0,2,2,105.0,1,2.0
Super built-up  Area,Thigalarapalya,2215.0,4,2,162.0,1,3.0
Super built-up  Area,Thigalarapalya,1297.0,2,2,98.0,1,2.0
Super built-up  Area,Thigalarapalya,2215.0,4,2,152.0,1,3.0
Built-up  Area,Thubarahalli,3800.0,4,3,239.0,1,4.0
Super built-up  Area,Thubarahalli,1200.0,2,2,78.0,1,2.0
Super built-up  Area,Thubarahalli,1128.0,2,2,75.0,1,2.0
Built-up  Area,Thubarahalli,1185.0,2,2,65.0,1,2.0
Built-up  Area,Thubarahalli,975.0,2,1,55.0,1,2.0
Super built-up  Area,Thubarahalli,1330.0,2,1,75.0,1,2.0
Super built-up  Area,Thubarahalli,1085.0,2,1,70.0,1,2.0
Built-up  Area,Thubarahalli,1216.0,2,1,80.0,1,2.0
Super built-up  Area,Thubarahalli,1200.0,2,2,79.0,1,2.0
Super built-up  Area,Thubarahalli,1200.0,2,2,80.0,1,2.0
Super built-up  Area,Thubarahalli,1200.0,2,2,79.55,1,2.0
Built-up  Area,Thubarahalli,1540.0,3,3,90.0,1,3.0
Built-up  Area,Thubarahalli,2625.0,3,3,175.0,1,3.0
Super built-up  Area,Thubarahalli,975.0,2,1,50.0,1,2.0
Super built-up  Area,Thubarahalli,1540.0,3,0,90.0,1,3.0
Super built-up  Area,Thubarahalli,1584.0,3,2,101.0,1,3.0
Plot  Area,Thyagaraja Nagar,800.0,1,1,100.0,1,1.0
Built-up  Area,Thyagaraja Nagar,660.0,1,0,95.0,1,1.0
Plot  Area,Thyagaraja Nagar,1675.0,1,0,241.0,1,1.0
Plot  Area,Tindlu,1500.0,2,1,87.0,1,3.0
Built-up  Area,Tindlu,7500.0,7,2,400.0,1,7.0
Super built-up  Area,Tindlu,1357.0,2,2,65.0,1,3.0
Plot  Area,Tindlu,1350.0,2,1,100.0,1,2.0
Plot  Area,Tindlu,1500.0,3,1,87.0,1,3.0
Built-up  Area,Tindlu,1180.0,2,2,52.0,1,2.0
Built-up  Area,Tindlu,1370.07,3,1,65.0,1,3.0
Built-up  Area,Tindlu,1165.0,2,2,59.8,1,2.0
Super built-up  Area,Tindlu,1050.0,2,2,55.0,1,2.0
Super built-up  Area,Tindlu,1100.0,2,2,55.0,1,2.0
Super built-up  Area,Tumkur Road,1500.0,3,3,95.0,1,3.0
Super built-up  Area,Tumkur Road,1779.0,3,2,112.0,1,3.0
Super built-up  Area,Tumkur Road,1586.0,3,1,100.0,0,3.0
Super built-up  Area,Tumkur Road,1098.0,2,1,72.0,1,2.0
Super built-up  Area,Tumkur Road,1354.0,3,1,90.0,1,3.0
Super built-up  Area,Tumkur Road,1240.0,2,1,84.0,1,3.0
Super built-up  Area,Tumkur Road,1239.0,2,1,82.0,0,2.0
Super built-up  Area,Tumkur Road,1246.0,2,1,82.0,0,2.0
Super built-up  Area,Tumkur Road,1500.0,3,3,100.0,1,3.0
Super built-up  Area,Tumkur Road,1789.0,3,2,98.0,1,3.0
Super built-up  Area,Tumkur Road,1416.0,3,1,94.0,1,3.0
Super built-up  Area,Tumkur Road,1027.0,2,1,60.0,0,2.0
Super built-up  Area,Tumkur Road,1027.0,2,1,68.62,1,2.0
Super built-up  Area,Tumkur Road,1459.0,2,1,95.0,1,3.0
Super built-up  Area,Tumkur Road,992.0,2,1,60.0,1,2.0
Super built-up  Area,Tumkur Road,1066.0,2,2,52.5,1,2.0
Super built-up  Area,Tumkur Road,1240.0,2,1,79.0,1,3.0
Super built-up  Area,Tumkur Road,1441.0,2,1,95.0,0,3.0
Super built-up  Area,Tumkur Road,1240.0,2,1,83.0,0,3.0
Super built-up  Area,Tumkur Road,1027.0,2,1,67.0,0,2.0
Built-up  Area,Tumkur Road,1060.0,2,2,58.3,1,3.0
Super built-up  Area,Tumkur Road,1354.0,3,1,85.86,1,3.0
Super built-up  Area,Ulsoor,2135.0,3,2,215.0,1,3.0
Built-up  Area,Ulsoor,1275.0,2,0,120.0,1,2.0
Built-up  Area,Ulsoor,1020.0,3,2,110.0,1,3.0
Built-up  Area,Ulsoor,1180.0,2,2,100.0,1,2.0
Built-up  Area,Ulsoor,1340.0,3,0,90.0,1,3.0
Super built-up  Area,Ulsoor,1500.0,2,2,125.0,1,3.0
Super built-up  Area,Ulsoor,2000.0,3,3,185.0,1,3.0
Super built-up  Area,Ulsoor,1255.0,2,3,120.0,1,2.0
Super built-up  Area,Ulsoor,1685.0,4,2,185.0,1,3.0
Built-up  Area,Ulsoor,2500.0,4,0,170.0,1,4.0
Super built-up  Area,Ulsoor,2135.0,3,2,170.0,1,3.0
Plot  Area,Ulsoor,1160.0,2,1,130.0,1,2.0
Built-up  Area,Uttarahalli,1440.0,2,3,62.0,1,3.0
Built-up  Area,Uttarahalli,1143.0,2,2,45.0,1,2.0
Built-up  Area,Uttarahalli,1020.0,2,2,45.0,1,2.0
Super built-up  Area,Uttarahalli,1286.0,2,2,63.0,1,2.0
Super built-up  Area,Uttarahalli,1101.0,2,0,45.0,1,2.0
Built-up  Area,Uttarahalli,1345.0,2,1,67.0,0,2.0
Built-up  Area,Uttarahalli,1540.0,2,0,40.0,1,3.0
Super built-up  Area,Uttarahalli,1135.0,2,2,39.73,1,3.0
Super built-up  Area,Uttarahalli,1540.0,3,0,50.0,1,3.0
Super built-up  Area,Uttarahalli,1175.0,2,2,47.0,1,2.0
Super built-up  Area,Uttarahalli,1390.0,2,2,62.55,1,3.0
Super built-up  Area,Uttarahalli,1330.0,2,1,56.0,1,3.0
Super built-up  Area,Uttarahalli,1008.0,2,3,45.0,1,2.0
Super built-up  Area,Uttarahalli,1390.0,2,2,60.47,1,3.0
Super built-up  Area,Uttarahalli,1617.0,3,3,66.68,1,3.0
Built-up  Area,Uttarahalli,1150.0,2,1,49.0,1,2.0
Super built-up  Area,Uttarahalli,1200.0,2,2,44.0,1,2.0
Super built-up  Area,Uttarahalli,1385.0,2,2,48.48,1,3.0
Super built-up  Area,Uttarahalli,1330.0,2,2,46.55,1,3.0
Built-up  Area,Uttarahalli,882.0,2,1,30.0,1,2.0
Super built-up  Area,Uttarahalli,993.0,2,1,39.71,1,2.0
Super built-up  Area,Uttarahalli,1045.0,2,1,45.0,1,2.0
Built-up  Area,Uttarahalli,850.0,2,2,37.93,1,2.0
Super built-up  Area,Uttarahalli,1330.0,2,1,47.0,1,3.0
Super built-up  Area,Uttarahalli,3600.0,6,2,120.0,1,6.0
Super built-up  Area,Uttarahalli,1788.0,3,2,98.34,1,3.0
Super built-up  Area,Uttarahalli,1345.0,2,1,57.0,1,3.0
Super built-up  Area,Uttarahalli,1089.0,2,1,43.55,1,2.0
Super built-up  Area,Uttarahalli,1279.0,2,2,48.0,1,2.0
Super built-up  Area,Uttarahalli,1845.0,2,1,68.27,0,3.0
Super built-up  Area,Uttarahalli,1425.0,2,2,64.0,1,3.0
Super built-up  Area,Uttarahalli,1155.0,2,2,40.42,1,2.0
Super built-up  Area,Uttarahalli,1050.0,2,1,42.0,1,2.0
Super built-up  Area,Uttarahalli,1300.0,2,1,55.0,1,3.0
Built-up  Area,Uttarahalli,1250.0,2,1,55.0,1,3.0
Carpet  Area,Uttarahalli,1700.0,3,2,88.0,1,3.0
Built-up  Area,Uttarahalli,1200.0,3,1,50.0,1,3.0
Built-up  Area,Uttarahalli,1085.0,2,2,43.0,1,2.0
Carpet  Area,Uttarahalli,1350.0,2,2,53.0,1,3.0
Super built-up  Area,Uttarahalli,1175.0,2,1,47.0,1,2.0
Super built-up  Area,Uttarahalli,1689.28,3,2,91.2,1,3.0
Super built-up  Area,Uttarahalli,1310.0,2,1,85.0,1,3.0
Super built-up  Area,Uttarahalli,1137.0,2,1,63.0,0,2.0
Super built-up  Area,Uttarahalli,1315.0,2,2,74.0,1,3.0
Super built-up  Area,Uttarahalli,1215.0,2,2,52.85,1,3.0
Super built-up  Area,Uttarahalli,1312.5,3,0,51.19,1,3.0
Super built-up  Area,Uttarahalli,1325.0,2,1,53.0,0,2.0
Super built-up  Area,Uttarahalli,1300.0,2,2,60.0,1,3.0
Built-up  Area,Uttarahalli,850.0,2,2,35.0,1,2.0
Super built-up  Area,Uttarahalli,1627.86,3,2,88.0,1,3.0
Super built-up  Area,Uttarahalli,1490.0,2,2,59.6,1,3.0
Super built-up  Area,Uttarahalli,1360.0,2,3,61.2,1,3.0
Super built-up  Area,Uttarahalli,1280.0,2,2,75.0,1,2.0
Super built-up  Area,Uttarahalli,661.0,1,1,36.0,0,1.0
Super built-up  Area,Uttarahalli,1134.0,2,1,45.36,1,2.0
Super built-up  Area,Uttarahalli,1350.0,2,3,47.24,1,3.0
Super built-up  Area,Uttarahalli,1320.0,2,3,55.44,0,3.0
Super built-up  Area,Uttarahalli,1390.0,2,2,61.16,1,3.0
Built-up  Area,Uttarahalli,1090.0,2,2,45.0,1,2.0
Super built-up  Area,Uttarahalli,1235.0,2,3,90.0,1,2.0
Super built-up  Area,Uttarahalli,1123.0,2,1,48.0,1,2.0
Super built-up  Area,Uttarahalli,1329.0,2,1,56.0,1,3.0
Super built-up  Area,Uttarahalli,938.0,2,0,35.0,1,2.0
Super built-up  Area,Uttarahalli,1345.0,2,1,47.0,1,3.0
Super built-up  Area,Uttarahalli,1285.0,2,2,44.98,1,3.0
Super built-up  Area,Uttarahalli,1100.0,1,2,45.0,1,2.0
Super built-up  Area,Uttarahalli,1125.0,2,1,47.0,1,2.0
Super built-up  Area,Uttarahalli,1300.0,2,1,47.0,1,3.0
Super built-up  Area,Uttarahalli,1685.0,3,2,85.0,1,3.0
Super built-up  Area,Uttarahalli,1390.0,2,3,62.55,1,3.0
Super built-up  Area,Uttarahalli,1180.0,2,1,41.3,1,2.0
Super built-up  Area,Uttarahalli,1380.0,2,1,42.0,1,2.0
Super built-up  Area,Uttarahalli,1737.0,2,3,95.0,1,3.0
Plot  Area,Uttarahalli,3600.0,6,2,303.0,1,6.0
Built-up  Area,Uttarahalli,1160.0,2,2,45.0,1,2.0
Super built-up  Area,Uttarahalli,1280.0,2,2,60.0,0,3.0
Built-up  Area,Uttarahalli,1480.0,2,1,58.0,1,3.0
Super built-up  Area,Uttarahalli,1190.0,2,1,53.55,1,2.0
Super built-up  Area,Uttarahalli,1330.0,2,1,57.0,1,3.0
Super built-up  Area,Uttarahalli,1560.0,3,3,74.0,1,3.0
Super built-up  Area,Uttarahalli,1250.0,2,1,50.0,1,3.0
Super built-up  Area,Uttarahalli,1125.0,2,1,48.0,1,2.0
Super built-up  Area,Uttarahalli,1320.0,2,2,55.44,0,3.0
Super built-up  Area,Uttarahalli,1255.0,2,2,50.19,1,3.0
Super built-up  Area,Uttarahalli,1160.0,2,2,40.6,1,2.0
Super built-up  Area,Uttarahalli,1255.0,2,3,50.19,1,3.0
Super built-up  Area,Uttarahalli,1163.0,2,2,68.0,1,2.0
Super built-up  Area,Uttarahalli,1330.0,2,2,39.9,1,3.0
Super built-up  Area,Uttarahalli,1065.0,2,1,42.59,1,2.0
Super built-up  Area,Uttarahalli,1075.0,2,1,46.76,1,2.0
Super built-up  Area,Uttarahalli,1155.0,2,1,40.6,1,2.0
Super built-up  Area,Uttarahalli,1150.0,2,2,70.0,1,2.0
Super built-up  Area,Uttarahalli,1065.0,2,2,42.59,1,3.0
Super built-up  Area,Uttarahalli,1360.0,2,2,47.59,1,3.0
Built-up  Area,Uttarahalli,1099.0,2,2,65.0,1,2.0
Super built-up  Area,Uttarahalli,1590.0,3,2,58.0,1,3.0
Super built-up  Area,Uttarahalli,1350.0,2,2,47.24,1,3.0
Super built-up  Area,Uttarahalli,1002.0,2,1,40.08,0,2.0
Built-up  Area,Uttarahalli,1002.0,2,1,40.08,1,2.0
Super built-up  Area,Uttarahalli,1075.0,2,1,40.0,1,2.0
Built-up  Area,Uttarahalli,1580.0,3,1,60.0,1,3.0
Super built-up  Area,Uttarahalli,1155.0,2,2,40.43,1,2.0
Built-up  Area,Uttarahalli,1650.0,2,1,50.0,1,3.0
Super built-up  Area,Uttarahalli,1025.0,2,1,35.88,1,2.0
Super built-up  Area,Uttarahalli,1125.0,2,1,47.65,1,2.0
Super built-up  Area,Uttarahalli,1300.0,2,2,55.0,1,2.0
Built-up  Area,Uttarahalli,980.0,2,1,45.0,1,2.0
Super built-up  Area,Uttarahalli,1135.0,2,3,39.73,1,3.0
Super built-up  Area,Uttarahalli,1250.0,2,3,50.0,1,3.0
Super built-up  Area,Uttarahalli,1250.0,2,2,50.0,1,3.0
Super built-up  Area,Uttarahalli,1525.0,2,2,62.82,0,3.0
Super built-up  Area,Uttarahalli,1265.0,2,2,65.0,1,3.0
Super built-up  Area,Uttarahalli,1590.0,3,2,57.0,1,3.0
Super built-up  Area,Uttarahalli,1213.0,2,2,48.0,1,2.0
Super built-up  Area,Uttarahalli,1475.0,2,3,59.0,1,3.0
Super built-up  Area,Uttarahalli,900.0,2,2,35.0,1,2.0
Super built-up  Area,Uttarahalli,1065.0,2,1,42.6,0,2.0
Super built-up  Area,Uttarahalli,1270.0,2,2,55.25,1,3.0
Super built-up  Area,Uttarahalli,1270.0,2,1,55.25,1,3.0
Super built-up  Area,Uttarahalli,1107.0,2,1,45.0,1,2.0
Built-up  Area,Uttarahalli,1200.0,2,1,55.0,1,2.0
Super built-up  Area,Uttarahalli,1330.0,2,2,46.45,1,3.0
Super built-up  Area,Uttarahalli,1460.0,3,3,76.0,1,3.0
Super built-up  Area,Uttarahalli,1500.0,3,1,68.0,1,3.0
Built-up  Area,Uttarahalli,1120.0,2,1,50.0,1,2.0
Super built-up  Area,Uttarahalli,1150.0,2,1,46.0,1,2.0
Super built-up  Area,Uttarahalli,1330.0,2,1,58.0,1,3.0
Built-up  Area,Uttarahalli,4500.0,4,0,150.0,1,4.0
Built-up  Area,Uttarahalli,1000.0,2,0,52.0,1,2.0
Super built-up  Area,Uttarahalli,1037.0,2,1,36.0,0,2.0
Super built-up  Area,Uttarahalli,1245.0,2,2,43.58,1,3.0
Super built-up  Area,Uttarahalli,1000.0,2,2,39.5,1,2.0
Built-up  Area,Uttarahalli,1125.0,1,2,45.0,1,2.0
Super built-up  Area,Uttarahalli,1308.0,2,3,53.0,0,3.0
Super built-up  Area,Uttarahalli,1160.0,2,2,40.58,1,2.0
Built-up  Area,Uttarahalli,1123.0,2,2,60.0,1,2.0
Built-up  Area,Uttarahalli,1000.0,2,1,35.0,1,2.0
Built-up  Area,Uttarahalli,1165.0,1,0,42.09,1,2.0
Super built-up  Area,Uttarahalli,1260.0,2,2,55.0,1,2.0
Super built-up  Area,Uttarahalli,1284.0,2,2,53.36,1,2.0
Super built-up  Area,Uttarahalli,1150.0,2,1,45.99,1,2.0
Super built-up  Area,Uttarahalli,1290.0,2,3,56.12,1,3.0
Super built-up  Area,Uttarahalli,1328.0,2,1,56.0,1,3.0
Super built-up  Area,Uttarahalli,1040.0,2,2,36.4,1,2.0
Built-up  Area,Uttarahalli,1650.0,2,1,130.0,1,3.0
Super built-up  Area,Uttarahalli,1290.0,2,2,56.12,1,3.0
Built-up  Area,Varthur,1160.0,2,2,44.0,1,2.0
Super built-up  Area,Varthur,1091.0,2,1,34.9,1,2.0
Super built-up  Area,Varthur,1385.0,2,3,80.0,0,2.0
Super built-up  Area,Varthur,1535.0,3,2,65.99,0,3.0
Built-up  Area,Varthur,1024.0,2,2,42.0,1,2.0
Super built-up  Area,Varthur,1125.0,2,2,40.0,1,2.0
Super built-up  Area,Varthur,1012.0,2,1,66.5,1,2.0
Super built-up  Area,Varthur,1112.0,2,2,40.0,1,2.0
Super built-up  Area,Varthur,1055.0,2,2,45.35,0,2.0
Super built-up  Area,Varthur,1280.0,2,0,65.0,1,2.0
Super built-up  Area,Varthur,977.0,2,2,36.0,1,2.0
Super built-up  Area,Varthur,1250.0,3,0,71.0,1,3.0
Plot  Area,Varthur,1200.0,3,1,67.75,0,3.0
Super built-up  Area,Varthur,1665.0,3,1,53.0,1,3.0
Super built-up  Area,Varthur,1111.0,2,2,41.88,1,2.0
Plot  Area,Varthur,4500.0,5,2,300.0,0,4.0
Super built-up  Area,Varthur,1140.0,2,3,55.5,1,2.0
Super built-up  Area,Varthur,1012.0,2,1,59.0,0,2.0
Super built-up  Area,Varthur,1140.0,2,2,39.9,1,2.0
Super built-up  Area,Varthur,1090.0,2,2,48.0,1,2.0
Super built-up  Area,Varthur,1450.0,3,2,71.0,1,3.0
Built-up  Area,Varthur,1210.0,2,1,60.0,1,2.0
Super built-up  Area,Varthur,1070.0,2,2,46.0,0,2.0
Super built-up  Area,Varthur,1360.0,2,3,85.0,1,3.0
Super built-up  Area,Varthur,965.0,2,1,34.0,1,2.0
Super built-up  Area,Varthur,1120.0,2,2,44.24,0,2.0
Super built-up  Area,Varthur,1395.0,2,3,79.0,1,3.0
Super built-up  Area,Varthur,1085.0,2,1,45.0,0,2.0
Super built-up  Area,Varthur,1250.0,2,2,47.0,1,2.0
Plot  Area,Varthur,1200.0,3,1,68.38,0,3.0
Super built-up  Area,Varthur,1520.0,2,3,61.0,1,3.0
Built-up  Area,Varthur,1155.0,2,1,60.0,0,2.0
Super built-up  Area,Varthur,1035.0,2,1,60.0,1,2.0
Super built-up  Area,Varthur,1100.0,2,2,72.0,1,2.0
Super built-up  Area,Varthur,1155.0,2,2,39.0,1,2.0
Super built-up  Area,Varthur,1180.0,2,2,55.0,0,2.0
Super built-up  Area,Varthur,1520.0,2,2,60.0,1,3.0
Super built-up  Area,Varthur,1738.0,2,1,57.35,1,2.0
Super built-up  Area,Varthur,1045.0,2,1,40.65,0,2.0
Super built-up  Area,Varthur,1615.0,3,2,69.43,0,3.0
Super built-up  Area,Varthur,1210.0,2,1,64.15,0,2.0
Super built-up  Area,Varthur,1737.0,2,1,57.32,1,3.0
Super built-up  Area,Varthur,1402.0,2,2,95.0,0,2.0
Super built-up  Area,Varthur,1105.0,2,3,38.0,1,2.0
Super built-up  Area,Varthur,1560.0,3,2,90.0,1,3.0
Super built-up  Area,Varthur,1760.0,2,1,85.0,0,2.0
Super built-up  Area,Varthur,1210.0,2,2,54.0,1,2.0
Super built-up  Area,Varthur,986.0,2,1,31.0,1,2.0
Super built-up  Area,Varthur,1600.0,3,2,63.2,0,3.0
Super built-up  Area,Varthur,1000.0,1,1,65.0,0,2.0
Super built-up  Area,Varthur,1665.0,3,2,71.58,0,3.0
Super built-up  Area,Varthur Road,900.0,2,1,27.0,0,2.0
Built-up  Area,Varthur Road,1277.0,2,2,59.0,1,2.0
Super built-up  Area,Varthur Road,1247.0,2,2,58.0,1,3.0
Super built-up  Area,Varthur Road,1050.0,2,2,42.7,1,2.0
Super built-up  Area,Varthur Road,1255.0,2,2,52.76,0,2.0
Super built-up  Area,Varthur Road,1033.0,2,2,30.47,0,3.0
Super built-up  Area,Varthur Road,1033.0,2,2,32.0,0,2.0
Super built-up  Area,Varthur Road,1140.0,2,2,49.11,0,2.0
Super built-up  Area,Varthur Road,850.0,2,1,25.4,0,2.0
Super built-up  Area,Vasanthapura,1400.0,3,2,60.0,1,3.0
Built-up  Area,Vasanthapura,1022.0,2,2,40.0,1,2.0
Super built-up  Area,Vasanthapura,1135.0,2,1,39.73,1,2.0
Super built-up  Area,Vasanthapura,995.0,2,1,34.82,1,2.0
Super built-up  Area,Vasanthapura,1050.0,2,2,47.0,1,2.0
Built-up  Area,Vasanthapura,940.0,2,1,40.0,1,2.0
Super built-up  Area,Vasanthapura,1500.0,2,2,65.0,1,2.0
Super built-up  Area,Vasanthapura,1037.0,2,1,36.28,1,2.0
Super built-up  Area,Vasanthapura,978.0,2,1,34.22,1,2.0
Plot  Area,Vidyaranyapura,1440.0,2,0,95.0,1,2.0
Built-up  Area,Vidyaranyapura,1200.0,2,2,55.0,1,2.0
Plot  Area,Vidyaranyapura,1200.0,4,0,90.0,1,4.0
Super built-up  Area,Vidyaranyapura,1485.0,2,2,67.0,1,3.0
Built-up  Area,Vidyaranyapura,1060.0,2,2,55.0,1,2.0
Super built-up  Area,Vidyaranyapura,1100.0,2,1,54.0,1,2.0
Built-up  Area,Vidyaranyapura,1440.0,2,0,70.0,1,3.0
Built-up  Area,Vidyaranyapura,1560.0,3,3,68.0,1,3.0
Built-up  Area,Vidyaranyapura,1120.0,2,1,70.0,1,2.0
Built-up  Area,Vidyaranyapura,945.0,2,0,40.0,1,2.0
Super built-up  Area,Vidyaranyapura,1200.0,2,2,65.0,1,3.0
Built-up  Area,Vidyaranyapura,1200.0,2,2,52.0,1,2.0
Plot  Area,Vidyaranyapura,2640.0,6,1,225.0,1,5.0
Built-up  Area,Vidyaranyapura,1050.0,2,1,50.0,1,2.0
Super built-up  Area,Vidyaranyapura,1188.0,2,1,50.0,0,2.0
Super built-up  Area,Vidyaranyapura,1100.0,2,1,75.0,1,3.0
Super built-up  Area,Vidyaranyapura,1100.0,2,2,72.0,1,3.0
Built-up  Area,Vidyaranyapura,2400.0,5,1,135.0,1,4.0
Super built-up  Area,Vidyaranyapura,1100.0,2,1,41.0,1,2.0
Super built-up  Area,Vidyaranyapura,1200.0,2,2,60.5,1,2.0
Super built-up  Area,Vijayanagar,1704.0,3,2,110.0,0,3.0
Super built-up  Area,Vijayanagar,1933.0,3,1,129.0,0,3.0
Super built-up  Area,Vijayanagar,1500.0,3,2,75.5,1,3.0
Super built-up  Area,Vijayanagar,1450.0,3,0,100.0,1,3.0
Built-up  Area,Vijayanagar,1580.0,2,0,134.0,1,3.0
Super built-up  Area,Vijayanagar,1826.0,3,2,121.0,0,3.0
Super built-up  Area,Vijayanagar,1739.0,3,1,116.0,0,3.0
Super built-up  Area,Vijayanagar,1490.0,3,2,100.0,0,3.0
Super built-up  Area,Vijayanagar,1180.0,2,2,65.0,0,2.0
Super built-up  Area,Vijayanagar,606.0,1,0,34.78,0,1.0
Super built-up  Area,Vijayanagar,1352.0,2,2,68.0,1,2.0
Super built-up  Area,Vijayanagar,1527.0,3,2,115.0,1,3.0
Built-up  Area,Vijayanagar,989.0,2,0,60.0,1,2.0
Super built-up  Area,Vijayanagar,1520.0,2,1,103.0,0,3.0
Super built-up  Area,Vijayanagar,1749.0,3,1,117.0,0,3.0
Super built-up  Area,Vijayanagar,1046.0,2,1,75.0,0,2.0
Super built-up  Area,Vijayanagar,606.0,1,1,40.0,0,1.0
Super built-up  Area,Vijayanagar,1200.0,2,2,62.0,1,2.0
Super built-up  Area,Vijayanagar,1300.0,2,2,75.0,1,3.0
Super built-up  Area,Vijayanagar,1484.0,3,2,79.19,0,3.0
Super built-up  Area,Vijayanagar,1760.0,3,0,140.0,1,3.0
Super built-up  Area,Vijayanagar,2047.0,3,2,136.0,0,3.0
Super built-up  Area,Vijayanagar,1200.0,2,1,75.0,1,3.0
Super built-up  Area,Vijayanagar,1178.0,2,3,82.0,1,2.0
Built-up  Area,Vijayanagar,864.0,2,0,45.0,1,2.0
Plot  Area,Vijayanagar,2100.0,6,1,252.0,1,4.0
Super built-up  Area,Vijayanagar,920.0,2,2,60.0,1,2.0
Super built-up  Area,Vijayanagar,1019.0,2,1,58.0,1,2.0
Plot  Area,Vijayanagar,2400.0,6,3,125.0,1,5.0
Super built-up  Area,Vijayanagar,1180.0,2,1,86.0,0,2.0
Super built-up  Area,Vijayanagar,1046.0,2,0,49.06,0,2.0
Built-up  Area,Vijayanagar,2400.0,2,0,230.0,1,1.0
Super built-up  Area,Vijayanagar,492.0,1,1,40.0,0,1.0
Super built-up  Area,Vijayanagar,1375.0,2,0,75.0,1,3.0
Super built-up  Area,Vishveshwarya Layout,4000.0,7,2,225.0,1,7.0
Plot  Area,Vishveshwarya Layout,750.0,1,1,30.0,1,1.0
Super built-up  Area,Vishveshwarya Layout,2100.0,6,0,92.0,1,6.0
Plot  Area,Vishveshwarya Layout,2000.0,3,0,90.0,1,4.0
Built-up  Area,Vishveshwarya Layout,4000.0,6,0,230.0,1,6.0
Super built-up  Area,Vishwapriya Layout,820.0,2,1,30.0,1,2.0
Super built-up  Area,Vishwapriya Layout,1235.0,2,2,60.0,1,2.0
Super built-up  Area,Vishwapriya Layout,770.0,2,2,30.0,1,2.0
Built-up  Area,Vishwapriya Layout,2800.0,5,3,130.0,1,5.0
Super built-up  Area,Vishwapriya Layout,910.0,2,3,36.0,1,2.0
Super built-up  Area,Vishwapriya Layout,890.0,2,3,37.0,1,2.0
Super built-up  Area,Vittasandra,1404.0,2,1,71.0,1,2.0
Super built-up  Area,Vittasandra,1246.0,2,1,67.0,1,2.0
Super built-up  Area,Vittasandra,1404.0,2,1,69.3,1,2.0
Super built-up  Area,Vittasandra,1246.0,2,1,67.3,1,2.0
Super built-up  Area,Vittasandra,1246.0,2,1,64.5,1,2.0
Super built-up  Area,Vittasandra,1246.0,2,1,68.0,1,2.0
Super built-up  Area,Vittasandra,1743.0,3,2,85.0,1,3.0
Super built-up  Area,Vittasandra,1238.0,2,1,67.0,1,2.0
Super built-up  Area,Vittasandra,1404.0,2,1,75.0,1,2.0
Super built-up  Area,Vittasandra,1246.0,2,1,65.0,1,2.0
Super built-up  Area,Vittasandra,1246.0,2,1,67.4,1,2.0
Super built-up  Area,Vittasandra,1259.0,2,1,67.4,1,2.0
Super built-up  Area,Vittasandra,1934.0,2,0,90.0,1,2.0
Super built-up  Area,Vittasandra,1404.0,2,1,68.8,1,2.0
Super built-up  Area,Vittasandra,1246.0,2,1,62.3,1,2.0
Super built-up  Area,Vittasandra,1246.0,2,1,63.0,1,2.0
Super built-up  Area,Vittasandra,1246.0,2,1,65.4,1,2.0
Super built-up  Area,Vittasandra,1650.0,3,1,84.0,1,3.0
Super built-up  Area,Vittasandra,1238.0,2,1,67.32,1,2.0
Super built-up  Area,Vittasandra,1650.0,3,2,85.0,1,3.0
Super built-up  Area,Vittasandra,1404.0,2,2,70.0,1,2.0
Super built-up  Area,Vittasandra,1259.0,2,1,67.48,1,2.0
Super built-up  Area,Vittasandra,1650.0,3,2,85.5,1,3.0
Super built-up  Area,Vittasandra,1246.0,2,1,69.0,1,2.0
Super built-up  Area,Vittasandra,1650.0,3,1,85.0,1,3.0
Super built-up  Area,Vittasandra,1404.0,2,1,72.0,1,2.0
Super built-up  Area,Vittasandra,1246.0,2,1,67.5,1,2.0
Super built-up  Area,Vittasandra,1404.0,2,1,70.0,1,2.0
Super built-up  Area,Vittasandra,1404.0,2,1,67.5,1,2.0
Super built-up  Area,Vittasandra,1648.0,3,2,85.0,1,3.0
Super built-up  Area,Whitefield,1170.0,2,1,38.0,1,2.0
Super built-up  Area,Whitefield,1800.0,2,2,70.0,0,3.0
Plot  Area,Whitefield,2785.0,5,3,295.0,1,4.0
Built-up  Area,Whitefield,1610.0,3,2,81.0,0,3.0
Super built-up  Area,Whitefield,1459.0,2,1,94.82,0,2.0
Built-up  Area,Whitefield,2010.0,3,2,91.0,1,3.0
Plot  Area,Whitefield,5700.0,5,3,650.0,1,4.0
Super built-up  Area,Whitefield,1116.0,2,1,51.91,1,2.0
Built-up  Area,Whitefield,4200.0,4,2,420.0,1,4.0
Built-up  Area,Whitefield,1225.0,2,2,47.6,1,2.0
Super built-up  Area,Whitefield,1075.0,2,1,53.0,1,2.0
Super built-up  Area,Whitefield,1280.0,2,2,75.0,1,2.0
Super built-up  Area,Whitefield,1173.0,2,1,58.0,0,2.0
Super built-up  Area,Whitefield,1910.0,3,2,161.0,1,3.0
Super built-up  Area,Whitefield,3252.0,4,1,230.0,1,4.0
Plot  Area,Whitefield,11890.0,4,3,700.0,1,4.0
Super built-up  Area,Whitefield,1130.0,2,1,42.16,0,2.0
Super built-up  Area,Whitefield,1040.0,2,1,48.5,1,2.0
Super built-up  Area,Whitefield,1150.0,2,1,70.0,1,2.0
Built-up  Area,Whitefield,1768.0,3,2,101.0,0,3.0
Plot  Area,Whitefield,1500.0,3,1,61.95,0,3.0
Built-up  Area,Whitefield,4144.0,4,3,315.0,1,4.0
Super built-up  Area,Whitefield,2500.0,3,2,313.0,1,3.0
Super built-up  Area,Whitefield,4104.0,4,2,360.0,1,4.0
Super built-up  Area,Whitefield,1790.0,3,0,100.0,1,3.0
Super built-up  Area,Whitefield,1720.0,3,3,100.0,1,3.0
Super built-up  Area,Whitefield,1140.0,2,1,56.0,1,2.0
Super built-up  Area,Whitefield,1640.0,4,2,91.0,0,3.0
Super built-up  Area,Whitefield,805.0,2,2,35.0,1,2.0
Super built-up  Area,Whitefield,1155.0,2,3,59.95,1,2.0
Super built-up  Area,Whitefield,2280.0,4,2,126.0,0,3.0
Super built-up  Area,Whitefield,1650.0,3,2,60.0,1,3.0
Built-up  Area,Whitefield,1447.0,2,1,83.0,0,2.0
Super built-up  Area,Whitefield,1116.0,2,3,51.91,1,2.0
Built-up  Area,Whitefield,1897.0,3,2,130.0,0,3.0
Super built-up  Area,Whitefield,2225.0,2,1,125.0,1,3.0
Super built-up  Area,Whitefield,4348.5,2,0,304.0,1,4.0
Super built-up  Area,Whitefield,1495.0,2,1,79.5,1,2.0
Built-up  Area,Whitefield,1113.0,2,1,62.0,1,2.0
Super built-up  Area,Whitefield,2268.0,3,2,163.0,1,4.0
Super built-up  Area,Whitefield,1560.0,2,2,72.0,1,3.0
Plot  Area,Whitefield,1200.0,2,1,45.84,0,2.0
Plot  Area,Whitefield,2400.0,4,3,200.0,1,4.0
Super built-up  Area,Whitefield,1985.0,3,2,75.0,1,3.0
Super built-up  Area,Whitefield,1360.0,2,1,95.0,1,2.0
Super built-up  Area,Whitefield,1254.0,2,2,40.0,1,2.0
Super built-up  Area,Whitefield,1697.0,3,2,94.79,0,3.0
Plot  Area,Whitefield,5000.0,4,3,400.0,1,4.0
Plot  Area,Whitefield,4800.0,4,3,525.0,1,4.0
Plot  Area,Whitefield,3000.0,5,3,250.0,1,4.0
Built-up  Area,Whitefield,1700.0,3,2,115.0,1,3.0
Super built-up  Area,Whitefield,1140.0,2,2,41.0,1,2.0
Super built-up  Area,Whitefield,1190.0,2,3,57.0,1,2.0
Built-up  Area,Whitefield,2842.0,3,2,162.0,0,3.0
Super built-up  Area,Whitefield,1403.0,2,2,60.81,1,3.0
Plot  Area,Whitefield,3100.0,4,2,465.0,1,4.0
Super built-up  Area,Whitefield,1232.0,2,2,45.0,1,2.0
Super built-up  Area,Whitefield,1485.0,3,2,65.0,1,3.0
Plot  Area,Whitefield,1500.0,3,1,130.0,0,3.0
Super built-up  Area,Whitefield,1280.0,2,1,75.0,0,2.0
Super built-up  Area,Whitefield,1330.0,2,1,71.0,0,2.0
Super built-up  Area,Whitefield,1405.0,2,1,78.0,1,3.0
Super built-up  Area,Whitefield,2225.0,3,3,115.0,1,3.0
Super built-up  Area,Whitefield,1272.0,2,1,95.05,0,2.0
Super built-up  Area,Whitefield,1205.0,2,1,39.0,1,2.0
Built-up  Area,Whitefield,1541.0,3,1,72.0,1,3.0
Built-up  Area,Whitefield,1192.0,2,1,71.0,0,2.0
Super built-up  Area,Whitefield,1277.0,2,1,61.3,0,2.0
Super built-up  Area,Whitefield,1185.0,2,2,40.0,0,2.0
Super built-up  Area,Whitefield,1306.0,3,2,54.65,0,3.0
Super built-up  Area,Whitefield,1626.0,3,3,89.0,1,3.0
Super built-up  Area,Whitefield,1585.0,3,2,88.0,1,3.0
Super built-up  Area,Whitefield,665.0,2,0,28.585,0,1.0
Super built-up  Area,Whitefield,1125.0,2,2,62.0,0,2.0
Built-up  Area,Whitefield,1280.0,2,0,85.0,1,2.0
Plot  Area,Whitefield,1200.0,3,2,68.5,0,3.0
Plot  Area,Whitefield,4000.0,4,2,330.0,1,4.0
Super built-up  Area,Whitefield,1420.0,2,2,136.0,1,2.0
Super built-up  Area,Whitefield,1697.0,3,2,108.0,1,3.0
Built-up  Area,Whitefield,1205.0,2,2,58.0,1,2.0
Super built-up  Area,Whitefield,3606.0,4,2,312.0,1,4.0
Plot  Area,Whitefield,1204.0,4,1,125.0,1,4.0
Super built-up  Area,Whitefield,1485.0,2,1,90.0,0,2.0
Super built-up  Area,Whitefield,950.0,1,1,50.0,0,1.0
Super built-up  Area,Whitefield,3584.0,4,0,199.0,1,4.0
Plot  Area,Whitefield,2400.0,5,0,329.0,1,4.0
Super built-up  Area,Whitefield,825.0,1,1,45.0,1,1.0
Super built-up  Area,Whitefield,1155.0,2,1,60.0,1,2.0
Super built-up  Area,Whitefield,1277.0,4,0,270.0,1,4.0
Super built-up  Area,Whitefield,2010.0,3,3,92.0,1,3.0
Super built-up  Area,Whitefield,1635.0,2,2,85.0,1,3.0
Super built-up  Area,Whitefield,1216.0,2,1,79.0,0,2.0
Plot  Area,Whitefield,1200.0,3,2,56.2,0,3.0
Super built-up  Area,Whitefield,1215.0,2,3,65.0,0,2.0
Super built-up  Area,Whitefield,1870.0,3,2,90.0,1,3.0
Super built-up  Area,Whitefield,1260.0,2,2,49.5,1,2.0
Super built-up  Area,Whitefield,2856.0,5,0,145.5,0,4.0
Super built-up  Area,Whitefield,920.0,2,1,63.0,1,2.0
Super built-up  Area,Whitefield,1165.0,2,1,40.5,0,2.0
Super built-up  Area,Whitefield,1170.0,2,1,71.0,1,2.0
Super built-up  Area,Whitefield,1118.0,2,1,75.0,0,2.0
Super built-up  Area,Whitefield,1800.0,3,0,110.0,1,3.0
Super built-up  Area,Whitefield,1562.0,3,2,103.0,0,3.0
Super built-up  Area,Whitefield,1190.0,2,2,67.0,1,2.0
Super built-up  Area,Whitefield,1102.0,2,1,48.0,1,2.0
Super built-up  Area,Whitefield,2321.0,4,1,128.0,0,3.0
Super built-up  Area,Whitefield,1320.0,2,1,95.0,1,2.0
Built-up  Area,Whitefield,735.0,2,1,35.0,1,2.0
Built-up  Area,Whitefield,1896.0,3,1,75.0,1,3.0
Plot  Area,Whitefield,3010.0,3,2,200.0,1,3.0
Super built-up  Area,Whitefield,1346.0,2,1,96.17,0,2.0
Super built-up  Area,Whitefield,3850.0,5,0,316.0,0,3.0
Built-up  Area,Whitefield,1410.0,3,2,43.71,0,3.0
Built-up  Area,Whitefield,1150.0,2,3,44.0,1,3.0
Super built-up  Area,Whitefield,1280.0,2,2,52.0,1,2.0
Super built-up  Area,Whitefield,2500.0,4,3,155.0,1,4.0
Built-up  Area,Whitefield,905.0,1,1,55.0,0,1.0
Plot  Area,Whitefield,1200.0,2,1,46.13,0,2.0
Super built-up  Area,Whitefield,2268.0,3,0,146.0,1,4.0
Built-up  Area,Whitefield,1150.0,2,0,55.0,1,2.0
Plot  Area,Whitefield,1500.0,3,1,71.8,0,3.0
Super built-up  Area,Whitefield,630.5,1,0,32.79,0,1.0
Super built-up  Area,Whitefield,3537.0,5,3,210.0,1,4.0
Super built-up  Area,Whitefield,1285.0,2,2,55.9,1,2.0
Super built-up  Area,Whitefield,1697.0,3,2,115.0,0,3.0
Super built-up  Area,Whitefield,1130.0,2,1,36.0,1,2.0
Super built-up  Area,Whitefield,1215.0,2,2,39.0,1,2.0
Super built-up  Area,Whitefield,1520.0,2,2,150.0,1,3.0
Super built-up  Area,Whitefield,1495.0,2,2,79.5,1,2.0
Built-up  Area,Whitefield,3250.0,5,0,290.0,1,5.0
Super built-up  Area,Whitefield,1216.0,2,1,66.48,0,2.0
Built-up  Area,Whitefield,1350.0,3,2,54.0,1,3.0
Built-up  Area,Whitefield,1173.0,2,1,60.0,0,2.0
Super built-up  Area,Whitefield,1269.0,2,1,75.0,0,2.0
Plot  Area,Whitefield,3227.0,5,0,250.0,1,5.0
Super built-up  Area,Whitefield,1545.0,3,2,79.0,1,3.0
Built-up  Area,Whitefield,1000.0,2,1,35.0,1,2.0
Super built-up  Area,Whitefield,3262.0,4,2,260.0,1,4.0
Super built-up  Area,Whitefield,1386.0,3,1,57.46,0,3.0
Super built-up  Area,Whitefield,1132.0,2,1,79.28,0,2.0
Super built-up  Area,Whitefield,1200.0,2,1,45.84,0,2.0
Plot  Area,Whitefield,3000.0,4,0,330.0,1,4.0
Super built-up  Area,Whitefield,1140.0,2,2,39.0,1,2.0
Super built-up  Area,Whitefield,2830.0,5,2,160.0,0,4.0
Super built-up  Area,Whitefield,1205.0,2,1,40.0,1,2.0
Super built-up  Area,Whitefield,1195.0,2,1,70.0,1,2.0
Super built-up  Area,Whitefield,3480.0,4,0,284.0,0,3.0
Super built-up  Area,Whitefield,1738.0,2,3,79.0,1,3.0
Plot  Area,Whitefield,1500.0,4,3,200.0,1,4.0
Plot  Area,Whitefield,3004.0,4,2,285.0,1,4.0
Super built-up  Area,Whitefield,1250.0,2,2,72.0,1,2.0
Super built-up  Area,Whitefield,709.0,1,0,34.385,0,1.0
Super built-up  Area,Whitefield,1340.0,2,1,77.0,1,2.0
Super built-up  Area,Whitefield,1320.0,2,3,79.5,1,2.0
Super built-up  Area,Whitefield,750.0,2,1,52.7,0,2.0
Plot  Area,Whitefield,1200.0,3,1,61.96,0,3.0
Super built-up  Area,Whitefield,1180.0,2,2,41.0,1,2.0
Plot  Area,Whitefield,3000.0,4,3,306.0,1,4.0
Super built-up  Area,Whitefield,1095.0,2,1,35.0,1,2.0
Super built-up  Area,Whitefield,1415.0,2,3,67.0,1,2.0
Super built-up  Area,Whitefield,1105.0,2,1,41.36,1,2.0
Super built-up  Area,Whitefield,2094.0,2,0,113.19,0,3.0
Plot  Area,Whitefield,1200.0,2,1,45.0,0,2.0
Plot  Area,Whitefield,3445.0,5,3,270.0,1,4.0
Super built-up  Area,Whitefield,1700.0,3,1,140.0,1,3.0
Built-up  Area,Whitefield,4827.0,4,3,400.0,0,4.0
Super built-up  Area,Whitefield,1405.0,2,2,84.5,1,2.0
Super built-up  Area,Whitefield,1345.0,2,2,57.0,1,3.0
Super built-up  Area,Whitefield,3252.0,4,3,280.0,1,4.0
Super built-up  Area,Whitefield,1150.0,2,2,90.0,1,2.0
Built-up  Area,Whitefield,2400.0,4,3,147.0,0,4.0
Super built-up  Area,Whitefield,1440.0,2,2,64.0,1,3.0
Built-up  Area,Whitefield,624.0,1,1,35.0,0,1.0
Super built-up  Area,Whitefield,1109.0,2,1,41.49,0,2.0
Plot  Area,Whitefield,4356.0,5,1,850.0,1,4.0
Super built-up  Area,Whitefield,1700.0,3,2,95.0,1,3.0
Plot  Area,Whitefield,4960.0,4,3,400.0,1,4.0
Built-up  Area,Whitefield,2928.0,4,3,198.0,0,4.0
Super built-up  Area,Whitefield,1215.0,2,1,62.0,0,2.0
Super built-up  Area,Whitefield,2700.0,5,2,175.0,0,3.0
Super built-up  Area,Whitefield,1216.0,2,1,84.0,1,2.0
Super built-up  Area,Whitefield,2882.0,5,1,204.0,0,4.0
Super built-up  Area,Whitefield,1840.0,3,2,140.0,1,3.0
Super built-up  Area,Whitefield,1778.0,3,2,122.0,0,3.0
Built-up  Area,Whitefield,1400.0,2,1,80.0,1,2.0
Plot  Area,Whitefield,3100.0,4,2,350.0,1,4.0
Super built-up  Area,Whitefield,650.0,1,1,25.0,1,1.0
Super built-up  Area,Whitefield,2155.0,3,3,125.0,1,4.0
Built-up  Area,Whitefield,905.0,1,1,52.0,0,1.0
Super built-up  Area,Whitefield,1230.0,2,2,59.0,1,2.0
Super built-up  Area,Whitefield,1125.0,2,2,40.0,1,2.0
Built-up  Area,Whitefield,810.0,1,0,21.0,1,1.0
Super built-up  Area,Whitefield,1216.0,2,1,69.06,0,2.0
Super built-up  Area,Whitefield,1216.0,2,1,75.0,0,2.0
Super built-up  Area,Whitefield,1355.0,2,3,78.0,1,2.0
Super built-up  Area,Whitefield,1255.0,2,3,77.0,1,2.0
Super built-up  Area,Whitefield,1216.0,2,1,73.0,0,2.0
Super built-up  Area,Whitefield,709.0,1,0,34.735,0,1.0
Super built-up  Area,Whitefield,1140.0,2,2,45.0,0,2.0
Super built-up  Area,Whitefield,1190.0,2,2,60.0,1,2.0
Super built-up  Area,Whitefield,1312.0,2,2,55.0,1,2.0
Super built-up  Area,Whitefield,1745.0,3,3,100.0,1,3.0
Built-up  Area,Whitefield,3200.0,4,3,224.0,0,4.0
Super built-up  Area,Whitefield,1096.0,2,1,39.0,1,2.0
Super built-up  Area,Whitefield,825.0,1,1,44.9,1,1.0
Super built-up  Area,Whitefield,1227.0,2,2,53.49,1,2.0
Super built-up  Area,Whitefield,1235.0,2,2,47.0,0,2.0
Super built-up  Area,Whitefield,1870.0,3,2,138.0,0,3.0
Super built-up  Area,Whitefield,1175.0,2,1,39.0,0,2.0
Plot  Area,Whitefield,4400.0,5,3,525.0,1,4.0
Super built-up  Area,Whitefield,1862.0,3,2,125.0,1,3.0
Plot  Area,Whitefield,2403.0,5,0,360.0,1,4.0
Super built-up  Area,Whitefield,1655.0,3,1,113.0,0,3.0
Super built-up  Area,Whitefield,530.0,1,1,29.44,1,1.0
Super built-up  Area,Whitefield,1085.0,2,1,57.0,0,2.0
Super built-up  Area,Whitefield,905.0,1,1,50.0,0,1.0
Super built-up  Area,Whitefield,1600.0,3,2,82.0,0,3.0
Plot  Area,Whitefield,1230.0,4,2,80.0,0,4.0
Super built-up  Area,Whitefield,1255.0,2,2,40.0,1,2.0
Super built-up  Area,Whitefield,630.5,1,0,32.15,0,1.0
Plot  Area,Whitefield,1200.0,3,2,57.15,0,3.0
Super built-up  Area,Whitefield,1451.0,2,2,52.43,0,3.0
Super built-up  Area,Whitefield,1187.0,2,1,37.85,1,2.0
Super built-up  Area,Whitefield,1216.0,2,1,83.0,1,2.0
Super built-up  Area,Whitefield,1301.0,2,2,65.0,1,2.0
Super built-up  Area,Whitefield,2500.0,3,2,280.0,1,3.0
Super built-up  Area,Whitefield,1330.0,2,2,55.0,1,3.0
Super built-up  Area,Whitefield,1155.0,2,2,55.0,1,2.0
Super built-up  Area,Whitefield,1355.0,3,3,76.0,1,2.0
Super built-up  Area,Whitefield,4075.0,5,3,226.0,1,4.0
Super built-up  Area,Whitefield,1216.0,2,1,75.0,1,2.0
Built-up  Area,Whitefield,4000.0,4,3,380.0,1,4.0
Super built-up  Area,Whitefield,1242.0,2,2,65.0,1,2.0
Super built-up  Area,Whitefield,1495.0,2,0,67.0,1,3.0
Super built-up  Area,Whitefield,1548.0,3,1,65.0,1,3.0
Super built-up  Area,Whitefield,2856.0,5,0,154.5,0,4.0
Plot  Area,Whitefield,1200.0,2,2,46.13,0,2.0
Super built-up  Area,Whitefield,1405.0,3,2,58.0,1,3.0
Super built-up  Area,Whitefield,2856.0,5,0,158.5,0,4.0
Super built-up  Area,Whitefield,1355.0,2,3,73.0,1,2.0
Super built-up  Area,Whitefield,2882.0,5,1,158.0,0,4.0
Super built-up  Area,Whitefield,750.0,1,1,51.0,0,1.0
Super built-up  Area,Whitefield,1115.0,2,0,34.555,0,2.0
Super built-up  Area,Whitefield,1105.0,2,2,39.99,1,2.0
Plot  Area,Whitefield,2324.0,2,0,26.73,0,3.0
Super built-up  Area,Whitefield,1173.0,2,1,77.0,0,2.0
Plot  Area,Whitefield,1200.0,3,1,68.4,0,3.0
Super built-up  Area,Whitefield,982.0,2,1,37.0,0,2.0
Super built-up  Area,Whitefield,1118.0,2,1,42.0,1,2.0
Super built-up  Area,Whitefield,1216.0,2,1,69.0,0,2.0
Built-up  Area,Whitefield,3425.0,5,2,250.0,1,4.0
Built-up  Area,Whitefield,3000.0,3,2,400.0,1,3.0
Plot  Area,Whitefield,4003.0,6,1,525.0,1,4.0
Super built-up  Area,Whitefield,1100.0,2,1,37.0,0,2.0
Plot  Area,Whitefield,1200.0,3,1,56.0,0,3.0
Super built-up  Area,Whitefield,2856.0,5,0,157.5,0,4.0
Built-up  Area,Whitefield,1550.0,2,2,49.6,1,3.0
Plot  Area,Whitefield,4100.0,4,0,550.0,1,4.0
Super built-up  Area,Whitefield,2173.0,3,2,128.0,0,3.0
Built-up  Area,Whitefield,1435.0,3,2,45.0,1,3.0
Super built-up  Area,Whitefield,905.0,1,1,62.0,0,1.0
Super built-up  Area,Whitefield,1320.0,2,1,99.26,0,2.0
Super built-up  Area,Whitefield,2901.0,4,2,190.0,1,3.0
Plot  Area,Whitefield,2403.0,4,2,270.0,1,4.0
Super built-up  Area,Whitefield,1485.0,2,1,96.51,0,2.0
Super built-up  Area,Whitefield,1755.0,3,3,101.0,1,3.0
Plot  Area,Whitefield,4800.0,5,2,550.0,1,4.0
Super built-up  Area,Whitefield,1608.0,2,3,63.0,1,3.0
Super built-up  Area,Whitefield,2225.0,3,1,149.0,1,3.0
Super built-up  Area,Whitefield,1250.0,2,2,82.0,1,2.0
Super built-up  Area,Whitefield,1495.0,2,0,61.28,0,3.0
Plot  Area,Whitefield,1800.0,4,3,178.0,1,4.0
Super built-up  Area,Whitefield,605.0,1,1,40.0,1,1.0
Super built-up  Area,Whitefield,1185.0,2,2,41.0,0,2.0
Plot  Area,Whitefield,1200.0,3,2,56.58,0,3.0
Built-up  Area,Whitefield,2210.0,3,2,156.0,0,3.0
Super built-up  Area,Whitefield,1173.0,2,1,78.2,0,2.0
Super built-up  Area,Whitefield,1740.0,4,3,130.0,0,3.0
Super built-up  Area,Whitefield,5924.0,4,3,625.0,1,4.0
Super built-up  Area,Whitefield,1060.0,2,1,35.0,1,2.0
Super built-up  Area,Whitefield,1655.0,3,3,120.0,0,3.0
Super built-up  Area,Whitefield,4003.0,6,3,300.0,0,4.0
Built-up  Area,Whitefield,1125.0,2,2,45.0,1,2.0
Plot  Area,Whitefield,4400.0,5,2,500.0,1,4.0
Super built-up  Area,Whitefield,1180.0,2,2,70.0,1,2.0
Super built-up  Area,Whitefield,1280.0,2,2,69.0,1,2.0
Super built-up  Area,Whitefield,2023.0,4,2,130.0,1,3.0
Built-up  Area,Whitefield,3589.0,5,0,400.0,1,4.0
Super built-up  Area,Whitefield,2134.0,4,2,118.0,0,3.0
Super built-up  Area,Whitefield,1458.0,2,2,62.0,1,3.0
Plot  Area,Whitefield,1808.0,4,0,80.0,1,3.0
Super built-up  Area,Whitefield,905.0,1,1,60.0,0,1.0
Super built-up  Area,Whitefield,1537.0,2,3,70.0,1,3.0
Super built-up  Area,Whitefield,1186.0,2,3,55.0,1,2.0
Built-up  Area,Whitefield,1806.0,3,3,85.0,1,3.0
Super built-up  Area,Whitefield,1109.0,2,1,35.22,1,2.0
Super built-up  Area,Whitefield,1216.0,2,1,67.0,0,2.0
Super built-up  Area,Whitefield,1452.0,3,0,90.0,1,3.0
Built-up  Area,Whitefield,2850.0,5,0,240.0,1,4.0
Super built-up  Area,Whitefield,1150.0,2,2,55.0,1,2.0
Built-up  Area,Whitefield,1600.0,3,2,69.0,0,3.0
Super built-up  Area,Whitefield,2830.0,5,3,190.0,0,4.0
Super built-up  Area,Whitefield,1295.0,2,3,78.5,1,2.0
Super built-up  Area,Whitefield,840.0,1,1,57.6,0,1.0
Super built-up  Area,Whitefield,640.0,1,0,19.83,0,1.0
Built-up  Area,Whitefield,1991.0,3,2,104.0,0,3.0
Plot  Area,Whitefield,10200.0,4,1,1250.0,1,4.0
Super built-up  Area,Whitefield,1190.0,2,2,41.0,1,2.0
Super built-up  Area,Whitefield,1109.0,2,1,35.47,1,2.0
Plot  Area,Whitefield,5200.0,5,3,242.0,1,4.0
Built-up  Area,Whitefield,1655.0,3,2,97.0,0,3.0
Super built-up  Area,Whitefield,1850.0,3,2,150.0,1,3.0
Plot  Area,Whitefield,1200.0,3,1,67.77,0,3.0
Built-up  Area,Whitefield,1290.0,2,0,90.0,1,2.0
Super built-up  Area,Whitefield,1140.0,2,2,40.0,1,2.0
Super built-up  Area,Whitefield,1356.0,2,1,94.84,0,2.0
Super built-up  Area,Whitefield,1338.0,2,1,103.0,0,2.0
Super built-up  Area,Whitefield,4097.0,3,0,400.0,1,3.0
Super built-up  Area,Whitefield,1115.0,2,1,55.0,1,2.0
Plot  Area,Whitefield,3450.0,4,2,208.0,1,3.0
Super built-up  Area,Whitefield,1105.0,2,1,35.36,1,2.0
Super built-up  Area,Whitefield,1074.0,2,1,42.79,0,2.0
Super built-up  Area,Whitefield,1100.0,2,2,52.0,1,2.0
Super built-up  Area,Whitefield,1267.0,2,1,90.33,1,2.0
Built-up  Area,Whitefield,5000.0,5,2,550.0,1,4.0
Plot  Area,Whitefield,2400.0,4,1,143.0,0,4.0
Super built-up  Area,Whitefield,1836.0,3,2,125.0,1,3.0
Built-up  Area,Whitefield,1197.0,2,1,50.0,1,2.0
Plot  Area,Whitefield,2297.0,5,2,269.0,1,5.0
Super built-up  Area,Whitefield,3596.0,3,1,200.0,0,3.0
Built-up  Area,Whitefield,1275.0,2,3,65.0,1,3.0
Super built-up  Area,Whitefield,1155.0,2,1,39.0,1,2.0
Built-up  Area,Whitefield,1141.0,2,1,62.0,1,2.0
Super built-up  Area,Whitefield,1216.0,2,1,82.0,0,2.0
Super built-up  Area,Whitefield,1495.0,3,3,88.0,1,2.0
Super built-up  Area,Whitefield,1564.0,3,1,103.0,0,3.0
Super built-up  Area,Whitefield,1585.0,3,1,84.0,1,3.0
Super built-up  Area,Whitefield,1140.0,2,2,50.0,1,2.0
Built-up  Area,Whitefield,1558.0,3,2,90.0,0,3.0
Plot  Area,Whitefield,1500.0,3,1,250.0,1,3.0
Super built-up  Area,Whitefield,1227.0,2,2,70.0,1,2.0
Super built-up  Area,Whitefield,1704.0,3,1,120.0,1,3.0
Super built-up  Area,Whitefield,1495.0,2,0,60.55,0,3.0
Super built-up  Area,Whitefield,1256.0,2,0,73.0,0,2.0
Super built-up  Area,Whitefield,1195.0,2,1,62.38,0,2.0
Built-up  Area,Whitefield,1770.0,4,1,68.0,1,3.0
Super built-up  Area,Whitefield,1300.0,2,2,78.0,1,2.0
Super built-up  Area,Whitefield,1570.0,3,3,88.0,1,3.0
Plot  Area,Whitefield,4290.0,5,3,625.0,1,4.0
Super built-up  Area,Whitefield,1216.0,2,1,84.03,0,2.0
Built-up  Area,Whitefield,1240.0,2,2,70.0,1,2.0
Super built-up  Area,Whitefield,1216.0,2,1,72.5,0,2.0
Super built-up  Area,Whitefield,1215.0,2,2,40.0,1,2.0
Super built-up  Area,Whitefield,2025.0,4,2,115.0,1,3.0
Plot  Area,Whitefield,1920.0,5,2,250.0,1,4.0
Built-up  Area,Whitefield,7200.0,5,2,900.0,1,5.0
Super built-up  Area,Whitefield,1346.0,2,1,100.0,0,3.0
Built-up  Area,Whitefield,1020.0,2,2,45.0,1,2.0
Super built-up  Area,Whitefield,935.0,2,1,32.72,0,2.0
Super built-up  Area,Whitefield,1024.0,2,1,32.0,1,2.0
Plot  Area,Whitefield,2990.0,3,2,198.0,1,4.0
Built-up  Area,Whitefield,1600.0,3,0,69.1,1,3.0
Built-up  Area,Whitefield,2500.0,4,1,420.0,1,4.0
Super built-up  Area,Whitefield,1205.0,2,2,58.0,1,2.0
Super built-up  Area,Whitefield,1720.0,3,3,98.97,1,3.0
Super built-up  Area,Whitefield,1600.0,3,2,95.0,1,3.0
Super built-up  Area,Whitefield,1655.0,3,1,108.0,1,3.0
Super built-up  Area,Whitefield,1740.0,3,2,95.0,1,3.0
Plot  Area,Whitefield,1200.0,3,1,56.72,1,3.0
Super built-up  Area,Whitefield,1350.0,2,1,88.0,0,2.0
Built-up  Area,Whitefield,1030.0,2,2,44.0,1,2.0
Super built-up  Area,Whitefield,1216.0,2,1,80.0,0,2.0
Plot  Area,Whitefield,2900.0,4,3,225.0,1,4.0
Super built-up  Area,Whitefield,1340.0,2,1,101.0,0,2.0
Super built-up  Area,Whitefield,1190.0,2,1,64.0,1,2.0
Plot  Area,Whitefield,2000.0,4,1,312.0,1,4.0
Plot  Area,Whitefield,1500.0,3,1,78.57,0,3.0
Super built-up  Area,Whitefield,1626.0,3,3,85.0,1,3.0
Super built-up  Area,Whitefield,1195.0,2,1,61.36,0,2.0
Super built-up  Area,Whitefield,1100.0,2,2,65.0,1,2.0
Super built-up  Area,Whitefield,1100.0,2,1,46.5,1,2.0
Built-up  Area,Whitefield,1270.0,2,2,65.0,1,3.0
Built-up  Area,Whitefield,3117.0,3,2,261.0,0,3.0
Super built-up  Area,Whitefield,1135.0,2,2,58.0,1,2.0
Built-up  Area,Whitefield,3150.0,3,1,290.0,0,3.0
Super built-up  Area,Whitefield,1185.0,2,2,56.0,1,2.0
Super built-up  Area,Whitefield,2956.0,5,0,234.0,0,4.0
Super built-up  Area,Whitefield,1530.0,3,3,75.0,1,3.0
Super built-up  Area,Whitefield,1015.0,2,1,45.0,1,2.0
Super built-up  Area,Whitefield,1187.0,2,1,38.0,1,2.0
Super built-up  Area,Whitefield,2247.0,3,0,145.0,1,3.0
Plot  Area,Whitefield,3940.0,5,3,265.0,1,4.0
Super built-up  Area,Whitefield,1190.0,2,3,59.0,1,2.0
Super built-up  Area,Whitefield,1160.0,2,1,67.0,1,2.0
Plot  Area,Whitefield,1600.0,4,2,300.0,1,4.0
Super built-up  Area,Whitefield,1216.0,2,1,66.88,0,2.0
Super built-up  Area,Whitefield,1180.0,2,1,77.0,0,2.0
Super built-up  Area,Whitefield,2140.0,3,2,139.0,0,3.0
Super built-up  Area,Whitefield,1314.0,2,1,84.0,0,2.0
Super built-up  Area,Whitefield,1530.0,3,3,73.0,1,3.0
Super built-up  Area,Whitefield,1160.0,2,2,39.0,0,2.0
Super built-up  Area,Whitefield,1012.0,2,1,58.0,0,2.0
Super built-up  Area,Whitefield,1150.0,2,2,40.21,0,2.0
Built-up  Area,Whitefield,1495.0,2,0,70.0,1,3.0
Super built-up  Area,Whitefield,1340.0,2,2,41.0,1,2.0
Plot  Area,Whitefield,1500.0,6,3,155.0,1,5.0
Super built-up  Area,Whitefield,1431.0,3,2,85.0,1,3.0
Super built-up  Area,Whitefield,524.0,1,1,29.0,0,1.0
Built-up  Area,Whitefield,2830.0,4,3,161.0,0,4.0
Super built-up  Area,Whitefield,2135.0,3,2,149.0,1,4.0
Built-up  Area,Whitefield,2500.0,4,0,100.0,0,4.0
Super built-up  Area,Whitefield,3075.0,2,3,188.0,1,4.0
Super built-up  Area,Whitefield,1760.0,3,2,160.0,1,3.0
Super built-up  Area,Whitefield,1655.0,3,2,110.0,0,3.0
Super built-up  Area,Whitefield,840.0,1,1,57.0,0,1.0
Super built-up  Area,Whitefield,1725.0,3,2,106.0,1,3.0
Plot  Area,Whitefield,2064.0,5,2,225.0,1,4.0
Plot  Area,Whitefield,4800.0,4,2,600.0,1,3.0
Built-up  Area,Whitefield,1059.0,2,1,57.0,0,2.0
Super built-up  Area,Whitefield,516.0,1,1,39.0,1,1.0
Built-up  Area,Whitefield,6000.0,4,0,410.0,1,4.0
Super built-up  Area,Whitefield,1639.0,3,2,107.0,0,3.0
Built-up  Area,Whitefield,1820.0,3,2,113.0,0,3.0
Built-up  Area,Whitefield,1990.0,3,3,98.0,1,3.0
Built-up  Area,Whitefield,3565.0,4,0,218.0,0,4.0
Super built-up  Area,Whitefield,3410.0,5,3,253.0,0,4.0
Super built-up  Area,Whitefield,1345.0,3,1,58.0,1,3.0
Super built-up  Area,Whitefield,1205.0,2,1,41.0,1,2.0
Super built-up  Area,Whitefield,6000.0,6,0,700.0,1,4.0
Plot  Area,Whitefield,4500.0,4,0,330.0,1,4.0
Super built-up  Area,Whitefield,1250.0,2,2,85.0,1,2.0
Super built-up  Area,Whitefield,1115.0,2,1,51.91,1,2.0
Super built-up  Area,Whitefield,1277.0,2,1,77.0,0,2.0
Super built-up  Area,Whitefield,1820.0,3,2,140.0,1,3.0
Built-up  Area,Whitefield,3453.0,4,2,247.0,1,4.0
Super built-up  Area,Whitefield,1245.0,2,1,59.76,0,2.0
Super built-up  Area,Whitefield,1322.5,3,0,40.985,0,3.0
Super built-up  Area,Whitefield,1074.0,2,1,42.8,0,2.0
Super built-up  Area,Whitefield,2280.0,4,2,125.0,0,3.0
Super built-up  Area,Whitefield,2882.0,5,1,200.0,0,4.0
Super built-up  Area,Whitefield,1170.0,2,1,56.0,0,2.0
Super built-up  Area,Whitefield,1639.5,3,0,92.63,0,3.0
Super built-up  Area,Whitefield,1390.0,2,1,72.0,1,2.0
Built-up  Area,Whitefield,1634.0,3,2,68.0,1,3.0
Super built-up  Area,Whitefield,1190.0,2,1,70.0,1,2.0
Plot  Area,Whitefield,4800.0,4,3,550.0,1,4.0
Super built-up  Area,Whitefield,1105.0,2,1,35.4,1,2.0
Super built-up  Area,Whitefield,1270.0,2,1,94.0,1,2.0
Super built-up  Area,Whitefield,1220.0,2,1,89.0,1,2.0
Super built-up  Area,Whitefield,1436.0,2,3,62.15,1,3.0
Super built-up  Area,Whitefield,3758.0,3,1,300.0,0,3.0
Plot  Area,Whitefield,1575.0,4,3,250.0,1,4.0
Super built-up  Area,Whitefield,1452.0,2,2,46.29,1,3.0
Super built-up  Area,Whitefield,1370.0,2,2,56.0,1,2.0
Super built-up  Area,Whitefield,1050.0,2,3,43.0,1,2.0
Super built-up  Area,Whitefield,1496.0,2,1,71.81,0,3.0
Built-up  Area,Whitefield,1216.0,2,1,72.0,0,2.0
Super built-up  Area,Whitefield,1158.0,2,1,55.0,0,2.0
Plot  Area,Whitefield,5400.0,5,3,475.0,1,4.0
Super built-up  Area,Whitefield,1396.0,3,1,74.0,0,3.0
Super built-up  Area,Whitefield,1175.0,2,1,41.0,1,2.0
Super built-up  Area,Whitefield,1315.0,2,3,55.0,1,2.0
Super built-up  Area,Whitefield,1451.0,2,2,46.4,1,3.0
Super built-up  Area,Whitefield,1063.0,2,1,42.52,0,2.0
Super built-up  Area,Whitefield,1346.0,2,1,76.01,0,2.0
Super built-up  Area,Whitefield,1276.0,2,1,69.5,0,2.0
Super built-up  Area,Whitefield,1317.0,2,2,52.0,1,2.0
Super built-up  Area,Whitefield,2858.0,4,0,137.0,0,4.0
Built-up  Area,Whitefield,1615.0,3,0,96.9,1,3.0
Super built-up  Area,Whitefield,1220.0,2,1,55.0,1,2.0
Super built-up  Area,Whitefield,1116.0,2,3,48.76,1,2.0
Super built-up  Area,Whitefield,1400.0,2,3,56.0,1,3.0
Super built-up  Area,Whitefield,1140.0,2,3,55.0,1,2.0
Super built-up  Area,Whitefield,1295.0,2,1,64.5,0,2.0
Super built-up  Area,Whitefield,1200.0,2,3,70.0,1,2.0
Super built-up  Area,Whitefield,1015.0,2,3,56.0,1,2.0
Super built-up  Area,Whitefield,1430.0,3,2,52.0,1,3.0
Built-up  Area,Whitefield,1010.0,2,1,45.0,1,3.0
Super built-up  Area,Whitefield,2321.0,4,1,157.0,0,3.0
Plot  Area,Whitefield,4007.0,4,3,530.0,1,4.0
Super built-up  Area,Whitefield,1224.0,2,2,75.0,1,2.0
Super built-up  Area,Whitefield,1655.0,3,2,113.0,0,3.0
Built-up  Area,Whitefield,1740.0,3,3,85.0,1,3.0
Built-up  Area,Whitefield,4144.0,5,1,331.0,1,5.0
Plot  Area,Whitefield,4000.0,5,1,540.0,1,6.0
Built-up  Area,Whitefield,1650.0,3,2,48.0,0,3.0
Super built-up  Area,Whitefield,925.0,2,1,35.0,1,2.0
Super built-up  Area,Whitefield,1175.0,2,2,50.0,1,2.0
Plot  Area,Whitefield,1200.0,3,2,67.75,0,3.0
Built-up  Area,Whitefield,2444.0,4,0,145.0,1,4.0
Built-up  Area,Whitefield,1270.0,2,1,110.0,1,2.0
Super built-up  Area,Whitefield,1660.0,3,1,110.0,1,3.0
Super built-up  Area,Whitefield,1270.0,2,1,105.0,1,2.0
Super built-up  Area,Whitefield,1315.0,2,2,69.5,1,2.0
Plot  Area,Whitefield,1344.0,3,1,130.0,1,4.0
Super built-up  Area,Whitefield,1362.0,2,3,85.0,1,2.0
Super built-up  Area,Whitefield,955.0,2,0,38.19,0,2.0
Super built-up  Area,Whitefield,1457.0,2,2,105.0,1,3.0
Super built-up  Area,Whitefield,1720.0,3,2,128.0,0,3.0
Plot  Area,Whitefield,1500.0,3,1,61.9,0,3.0
Super built-up  Area,Whitefield,1495.0,2,1,78.0,1,2.0
Super built-up  Area,Whitefield,1270.0,2,2,52.0,1,2.0
Super built-up  Area,Whitefield,1240.0,2,2,41.0,0,2.0
Plot  Area,Whitefield,1500.0,3,1,71.0,0,3.0
Super built-up  Area,Whitefield,1404.0,2,2,59.0,1,3.0
Super built-up  Area,Whitefield,1760.0,3,2,139.0,1,3.0
Super built-up  Area,Whitefield,613.0,1,1,48.0,0,1.0
Super built-up  Area,Whitefield,1730.0,3,2,125.0,1,3.0
Super built-up  Area,Whitefield,1453.0,2,2,58.0,1,3.0
Super built-up  Area,Whitefield,877.0,1,1,59.0,0,1.0
Built-up  Area,Whitefield,3453.0,4,0,231.0,1,5.0
Super built-up  Area,Yelachenahalli,1400.0,2,3,55.0,1,3.0
Super built-up  Area,Yelachenahalli,1464.0,2,3,105.0,1,3.0
Super built-up  Area,Yelachenahalli,2400.0,1,1,150.0,0,2.0
Super built-up  Area,Yelachenahalli,1700.0,3,2,130.0,1,3.0
Super built-up  Area,Yelachenahalli,1080.0,2,2,55.0,1,2.0
Super built-up  Area,Yelachenahalli,1400.0,2,3,78.0,1,2.0
Super built-up  Area,Yelachenahalli,1330.0,3,3,73.5,1,3.0
Super built-up  Area,Yelachenahalli,1100.0,2,2,60.0,1,2.0
Super built-up  Area,Yelachenahalli,1365.0,2,1,72.0,1,3.0
Built-up  Area,Yelachenahalli,1110.0,2,2,110.0,1,2.0
Built-up  Area,Yelachenahalli,1103.0,2,2,55.0,1,2.0
Super built-up  Area,Yelachenahalli,1000.0,2,2,50.0,1,2.0
Plot  Area,Yelahanka,660.0,1,0,48.0,1,1.0
Super built-up  Area,Yelahanka,1600.0,2,3,75.0,1,3.0
Super built-up  Area,Yelahanka,1326.0,2,2,78.0,0,2.0
Super built-up  Area,Yelahanka,3050.0,5,1,213.0,0,5.0
Super built-up  Area,Yelahanka,1327.0,2,2,98.0,1,2.0
Super built-up  Area,Yelahanka,1282.0,2,2,48.7,1,3.0
Super built-up  Area,Yelahanka,1350.0,2,1,55.55,0,2.0
Super built-up  Area,Yelahanka,1035.0,2,1,45.0,1,2.0
Super built-up  Area,Yelahanka,1350.0,2,2,54.0,1,2.0
Super built-up  Area,Yelahanka,1132.5,2,0,48.13,1,2.0
Super built-up  Area,Yelahanka,1210.0,2,1,45.98,1,2.0
Super built-up  Area,Yelahanka,1705.0,3,2,95.0,1,3.0
Super built-up  Area,Yelahanka,1590.0,2,1,54.0,1,3.0
Super built-up  Area,Yelahanka,1234.0,2,2,80.0,1,2.0
Super built-up  Area,Yelahanka,1315.0,2,2,85.0,1,2.0
Super built-up  Area,Yelahanka,1170.0,2,1,62.5,1,2.0
Super built-up  Area,Yelahanka,1450.0,3,0,65.255,0,3.0
Super built-up  Area,Yelahanka,697.0,1,0,45.0,0,1.0
Super built-up  Area,Yelahanka,1120.0,2,2,55.0,1,2.0
Super built-up  Area,Yelahanka,1662.0,2,0,67.98,0,3.0
Built-up  Area,Yelahanka,2195.0,4,2,127.0,1,3.0
Super built-up  Area,Yelahanka,1075.0,2,1,51.5,1,2.0
Super built-up  Area,Yelahanka,1614.0,3,2,95.0,1,3.0
Super built-up  Area,Yelahanka,1381.0,2,2,52.48,1,3.0
Super built-up  Area,Yelahanka,628.0,1,1,24.0,1,1.0
Super built-up  Area,Yelahanka,890.0,2,0,40.0,1,2.0
Built-up  Area,Yelahanka,1815.0,3,2,82.0,1,3.0
Super built-up  Area,Yelahanka,654.0,1,1,38.4,1,1.0
Super built-up  Area,Yelahanka,1150.0,2,2,46.0,1,2.0
Super built-up  Area,Yelahanka,1705.0,3,1,74.16,1,3.0
Super built-up  Area,Yelahanka,3461.0,2,0,173.0,0,4.0
Built-up  Area,Yelahanka,3042.0,4,0,131.0,1,4.0
Super built-up  Area,Yelahanka,1065.0,2,1,40.84,1,2.0
Super built-up  Area,Yelahanka,1036.0,2,3,39.35,1,2.0
Super built-up  Area,Yelahanka,1300.0,2,3,65.0,1,2.0
Super built-up  Area,Yelahanka,1825.0,3,1,105.0,0,3.0
Super built-up  Area,Yelahanka,1603.0,3,2,96.0,1,3.0
Super built-up  Area,Yelahanka,1304.0,2,1,79.0,0,2.0
Super built-up  Area,Yelahanka,1610.0,3,1,115.0,1,3.0
Super built-up  Area,Yelahanka,1455.0,3,1,61.5,1,3.0
Super built-up  Area,Yelahanka,1180.0,2,3,42.0,1,2.0
Super built-up  Area,Yelahanka,1616.0,3,1,65.0,0,3.0
Super built-up  Area,Yelahanka,915.0,2,2,48.0,1,2.0
Super built-up  Area,Yelahanka,1026.0,2,1,41.0,0,2.0
Super built-up  Area,Yelahanka,1517.0,3,2,76.3,0,3.0
Super built-up  Area,Yelahanka,2912.5,6,0,125.5,1,4.0
Built-up  Area,Yelahanka,600.0,2,2,27.0,1,2.0
Super built-up  Area,Yelahanka,1274.0,2,2,48.42,1,2.0
Super built-up  Area,Yelahanka,1327.0,2,3,85.0,1,2.0
Built-up  Area,Yelahanka,1371.0,2,2,65.0,1,3.0
Built-up  Area,Yelahanka,1712.0,3,3,82.0,1,3.0
Super built-up  Area,Yelahanka,1566.0,3,2,97.0,1,3.0
Super built-up  Area,Yelahanka,1180.0,3,1,55.0,1,3.0
Built-up  Area,Yelahanka,1653.0,3,2,120.0,1,3.0
Built-up  Area,Yelahanka,1275.0,2,2,95.0,1,3.0
Super built-up  Area,Yelahanka,1270.0,2,2,78.0,1,2.0
Super built-up  Area,Yelahanka,1400.0,2,2,80.54,0,3.0
Super built-up  Area,Yelahanka,1391.0,2,2,64.5,1,3.0
Super built-up  Area,Yelahanka,1322.0,2,2,86.0,1,2.0
Super built-up  Area,Yelahanka,1100.0,2,1,70.0,1,2.0
Plot  Area,Yelahanka,1200.0,2,1,70.0,1,2.0
Super built-up  Area,Yelahanka,1326.0,2,2,57.0,1,2.0
Built-up  Area,Yelahanka,4000.0,5,2,220.0,1,5.0
Plot  Area,Yelahanka,2675.0,4,2,140.0,1,4.0
Super built-up  Area,Yelahanka,1500.0,2,2,63.0,1,3.0
Super built-up  Area,Yelahanka,654.0,1,1,37.0,0,1.0
Built-up  Area,Yelahanka,1465.0,3,2,80.01,1,3.0
Super built-up  Area,Yelahanka,1721.0,3,3,80.86,0,3.0
Super built-up  Area,Yelahanka,1060.0,2,1,40.0,1,2.0
Super built-up  Area,Yelahanka,1226.0,2,2,52.71,1,2.0
Super built-up  Area,Yelahanka,1692.0,3,2,83.0,1,3.0
Super built-up  Area,Yelahanka,1033.0,2,1,52.58,0,2.0
Super built-up  Area,Yelahanka,1390.0,2,2,65.31,0,2.0
Super built-up  Area,Yelahanka,1040.0,2,1,48.86,0,2.0
Super built-up  Area,Yelahanka,1345.0,2,1,57.0,1,3.0
Super built-up  Area,Yelahanka,2145.0,3,3,125.0,0,3.0
Super built-up  Area,Yelahanka,1200.0,2,1,54.0,1,2.0
Super built-up  Area,Yelahanka,1322.0,2,2,75.0,1,2.0
Super built-up  Area,Yelahanka,1036.0,2,2,39.37,1,2.0
Super built-up  Area,Yelahanka,1405.0,2,0,50.58,0,2.0
Super built-up  Area,Yelahanka,602.0,1,1,26.0,0,1.0
Super built-up  Area,Yelahanka,1100.0,2,1,60.0,1,2.0
Super built-up  Area,Yelahanka,1614.0,2,1,100.0,1,3.0
Super built-up  Area,Yelahanka,1890.0,3,2,108.0,0,3.0
Super built-up  Area,Yelahanka,1556.0,3,2,86.0,1,3.0
Super built-up  Area,Yelahanka,1610.0,4,2,85.0,1,3.0
Super built-up  Area,Yelahanka,1075.0,2,1,42.0,1,3.0
Super built-up  Area,Yelahanka,1484.0,2,2,56.4,1,3.0
Super built-up  Area,Yelahanka,1260.0,2,2,59.2,0,2.0
Built-up  Area,Yelahanka,1102.0,2,0,52.0,1,2.0
Super built-up  Area,Yelahanka,1519.0,2,3,65.0,0,2.0
Super built-up  Area,Yelahanka,1859.0,3,1,108.0,0,3.0
Super built-up  Area,Yelahanka,1050.0,2,1,45.0,1,2.0
Super built-up  Area,Yelahanka,1322.0,2,2,80.0,1,2.0
Super built-up  Area,Yelahanka,1075.0,2,2,36.0,1,3.0
Super built-up  Area,Yelahanka,1285.0,2,2,56.0,1,2.0
Built-up  Area,Yelahanka,845.0,2,2,43.0,1,2.0
Super built-up  Area,Yelahanka,2600.0,4,3,175.0,1,4.0
Super built-up  Area,Yelahanka,1305.0,2,1,78.0,1,2.0
Super built-up  Area,Yelahanka,1180.0,2,1,56.0,1,2.0
Super built-up  Area,Yelahanka,1711.0,3,3,85.61,0,3.0
Built-up  Area,Yelahanka,1315.0,2,3,75.0,1,2.0
Built-up  Area,Yelahanka,3600.0,6,1,200.0,1,6.0
Super built-up  Area,Yelahanka,1590.0,3,1,54.0,1,3.0
Super built-up  Area,Yelahanka,1390.0,2,2,70.21,0,2.0
Built-up  Area,Yelahanka,1650.0,3,3,105.0,1,3.0
Built-up  Area,Yelahanka,1200.0,2,2,55.0,1,2.0
Super built-up  Area,Yelahanka,990.0,2,2,37.62,1,2.0
Super built-up  Area,Yelahanka,935.0,2,1,35.53,1,2.0
Super built-up  Area,Yelahanka,1282.0,2,1,48.72,1,3.0
Built-up  Area,Yelahanka,3990.0,4,1,260.0,1,4.0
Built-up  Area,Yelahanka,1620.0,3,2,90.0,1,3.0
Super built-up  Area,Yelahanka,654.0,1,1,36.25,0,1.0
Super built-up  Area,Yelahanka,1614.0,3,2,93.0,1,3.0
Super built-up  Area,Yelahanka,694.0,1,0,30.84,1,1.0
Super built-up  Area,Yelahanka,1115.0,2,2,60.0,1,2.0
Super built-up  Area,Yelahanka,2317.0,4,3,140.0,1,3.0
Super built-up  Area,Yelahanka,1653.0,3,3,93.0,1,3.0
Super built-up  Area,Yelahanka,654.0,1,1,38.0,1,1.0
Plot  Area,Yelahanka,1633.0,2,1,72.0,1,2.0
Super built-up  Area,Yelahanka,1445.0,2,2,82.0,1,2.0
Built-up  Area,Yelahanka,1225.0,2,2,62.0,0,2.0
Super built-up  Area,Yelahanka,602.0,1,1,38.0,1,1.0
Super built-up  Area,Yelahanka,697.0,1,1,35.0,1,1.0
Super built-up  Area,Yelahanka,1065.0,2,1,41.38,1,2.0
Super built-up  Area,Yelahanka,682.0,1,1,36.23,0,1.0
Super built-up  Area,Yelahanka,1023.0,2,1,52.59,0,2.0
Built-up  Area,Yelahanka,1560.0,2,2,98.0,1,3.0
Super built-up  Area,Yelahanka,1780.0,3,2,107.0,1,3.0
Super built-up  Area,Yelahanka,1076.0,2,1,78.0,1,2.0
Built-up  Area,Yelahanka,1342.0,2,2,75.0,1,3.0
Super built-up  Area,Yelahanka,1823.0,3,2,103.0,0,3.0
Super built-up  Area,Yelahanka,1792.0,3,1,104.0,0,3.0
Super built-up  Area,Yelahanka,1304.0,2,1,69.97,1,2.0
Built-up  Area,Yelahanka,1250.0,2,2,54.0,1,2.0
Built-up  Area,Yelahanka,1270.0,2,2,57.0,1,2.0
Super built-up  Area,Yelahanka,1300.0,2,2,69.23,1,2.0
Super built-up  Area,Yelahanka,1705.0,3,1,91.0,1,3.0
Built-up  Area,Yelahanka,1890.0,4,2,85.0,1,3.0
Super built-up  Area,Yelahanka,1835.0,3,1,108.0,0,3.0
Built-up  Area,Yelahanka,1847.0,3,3,92.0,0,3.0
Plot  Area,Yelahanka,2500.0,3,1,120.0,1,5.0
Super built-up  Area,Yelahanka,1890.0,3,2,109.0,0,3.0
Super built-up  Area,Yelahanka,700.0,1,1,38.0,1,1.0
Super built-up  Area,Yelahanka,1491.0,3,2,85.0,1,3.0
Built-up  Area,Yelahanka,2088.0,5,0,110.0,1,4.0
Super built-up  Area,Yelahanka,1330.0,2,1,93.65,0,2.0
Super built-up  Area,Yelahanka,1185.0,2,2,45.0,1,2.0
Super built-up  Area,Yelahanka,1517.0,3,2,71.28,0,3.0
Super built-up  Area,Yelahanka,3019.0,6,0,190.0,1,4.0
Super built-up  Area,Yelahanka,1756.0,3,2,66.73,1,3.0
Super built-up  Area,Yelahanka,1600.0,3,3,100.0,1,3.0
Super built-up  Area,Yelahanka,1664.0,3,0,73.95,1,3.0
Super built-up  Area,Yelahanka,1140.0,2,1,50.66,1,2.0
Built-up  Area,Yelahanka,1200.0,2,2,60.0,1,2.0
Super built-up  Area,Yelahanka,1705.0,3,2,85.0,1,3.0
Built-up  Area,Yelahanka,1350.0,2,3,85.0,1,3.0
Super built-up  Area,Yelahanka,1590.0,2,2,54.0,1,3.0
Built-up  Area,Yelahanka,1633.0,3,2,110.0,1,3.0
Super built-up  Area,Yelahanka,827.5,1,0,42.535,0,1.0
Super built-up  Area,Yelahanka,1195.0,2,0,53.105,1,2.0
Super built-up  Area,Yelahanka,1355.0,2,3,75.0,1,3.0
Super built-up  Area,Yelahanka,3175.0,4,1,156.0,1,4.0
Super built-up  Area,Yelahanka,1756.0,3,2,125.0,1,3.0
Super built-up  Area,Yelahanka,1408.0,2,2,58.0,1,2.0
Super built-up  Area,Yelahanka,1101.0,2,2,37.0,1,2.0
Super built-up  Area,Yelahanka,1104.0,2,2,58.0,1,2.0
Built-up  Area,Yelahanka,1325.0,2,2,58.0,1,3.0
Super built-up  Area,Yelahanka,1175.0,2,1,67.77,0,2.0
Super built-up  Area,Yelahanka,1322.0,2,1,77.9,1,2.0
Built-up  Area,Yelahanka,602.0,1,1,33.0,0,1.0
Super built-up  Area,Yelahanka,1315.0,2,3,77.0,1,2.0
Super built-up  Area,Yelahanka,1430.0,3,1,61.0,1,3.0
Super built-up  Area,Yelahanka,1355.0,2,2,51.5,1,3.0
Built-up  Area,Yelahanka,567.0,1,1,25.0,1,1.0
Super built-up  Area,Yelahanka,1045.0,2,1,45.0,1,2.0
Super built-up  Area,Yelahanka,602.0,2,1,30.0,0,1.0
Super built-up  Area,Yelahanka,1362.0,2,2,66.0,0,2.0
Super built-up  Area,Yelahanka,1180.0,2,1,55.0,1,2.0
Super built-up  Area,Yelahanka,1267.0,3,1,78.0,1,2.0
Super built-up  Area,Yelahanka,1360.0,2,1,78.19,0,2.0
Super built-up  Area,Yelahanka,1025.0,2,1,44.0,1,2.0
Built-up  Area,Yelahanka New Town,650.0,1,2,33.0,1,1.0
Super built-up  Area,Yelahanka New Town,500.0,1,1,20.0,1,1.0
Super built-up  Area,Yelahanka New Town,440.0,1,1,16.5,1,1.0
Super built-up  Area,Yelahanka New Town,1610.0,3,2,92.0,1,3.0
Super built-up  Area,Yelahanka New Town,1700.0,3,2,90.0,1,3.0
Super built-up  Area,Yelahanka New Town,650.0,1,1,20.0,1,1.0
Built-up  Area,Yelahanka New Town,350.0,1,1,13.5,1,1.0
Super built-up  Area,Yelahanka New Town,1541.0,3,3,80.0,1,3.0
Super built-up  Area,Yelahanka New Town,1385.0,2,3,65.0,1,2.0
Super built-up  Area,Yelahanka New Town,500.0,2,1,24.0,1,1.0
Built-up  Area,Yelahanka New Town,650.0,1,1,17.0,1,1.0
Built-up  Area,Yelahanka New Town,450.0,1,0,16.0,1,1.0
Super built-up  Area,Yelahanka New Town,1599.0,3,2,80.0,1,3.0
Super built-up  Area,Yelahanka New Town,960.0,2,2,50.0,1,2.0
Super built-up  Area,Yelahanka New Town,2095.0,3,1,109.0,0,4.0
Built-up  Area,Yelahanka New Town,1209.0,2,3,65.0,1,3.0
Super built-up  Area,Yelahanka New Town,1400.0,2,2,80.0,1,3.0
Super built-up  Area,Yelahanka New Town,450.0,1,1,15.0,1,1.0
Super built-up  Area,Yelahanka New Town,500.0,1,1,18.0,1,1.0
Super built-up  Area,Yelahanka New Town,1420.0,2,1,75.0,0,3.0
Carpet  Area,Yelahanka New Town,485.021334,2,1,18.0,1,1.0
Super built-up  Area,Yelahanka New Town,2437.0,3,2,125.0,1,3.0
Plot  Area,Yelahanka New Town,2200.0,2,0,180.0,1,2.0
Built-up  Area,Yelahanka New Town,488.0,1,1,20.0,1,1.0
Super built-up  Area,Yelahanka New Town,1100.0,2,1,58.0,1,2.0
Built-up  Area,Yelahanka New Town,860.0,1,2,31.0,1,2.0
Super built-up  Area,Yelahanka New Town,1800.0,2,1,45.0,1,3.0
Built-up  Area,Yelahanka New Town,1000.0,2,1,44.0,1,2.0
Super built-up  Area,Yelahanka New Town,650.0,1,1,18.0,1,1.0
Super built-up  Area,Yelahanka New Town,1426.0,2,2,61.5,1,3.0
Plot  Area,Yelahanka New Town,1740.0,3,2,150.0,1,3.0
Built-up  Area,Yelahanka New Town,1290.0,2,2,70.0,1,2.0
Super built-up  Area,Yelahanka New Town,1000.0,2,1,48.0,1,3.0
Super built-up  Area,Yelenahalli,1240.0,2,2,47.12,1,2.0
Built-up  Area,Yelenahalli,1200.0,2,2,46.17,1,2.0
Built-up  Area,Yelenahalli,1600.0,3,3,61.37,1,3.0
Super built-up  Area,Yelenahalli,1260.0,2,2,47.88,1,2.0
Super built-up  Area,Yelenahalli,1500.0,2,2,57.0,1,3.0
Super built-up  Area,Yelenahalli,1175.0,2,2,50.0,1,2.0
Super built-up  Area,Yelenahalli,1650.0,3,3,68.0,1,3.0
Super built-up  Area,Yelenahalli,1200.0,2,2,45.6,1,2.0
Built-up  Area,Yelenahalli,1200.0,2,0,46.17,1,2.0
Super built-up  Area,Yelenahalli,1160.0,2,2,44.08,1,2.0
Super built-up  Area,Yeshwanthpur,2502.0,3,3,138.0,1,3.0
Super built-up  Area,Yeshwanthpur,1693.0,3,3,108.0,0,3.0
Super built-up  Area,Yeshwanthpur,667.0,1,1,36.85,1,1.0
Super built-up  Area,Yeshwanthpur,1950.0,4,0,130.0,0,4.0
Built-up  Area,Yeshwanthpur,1170.0,2,2,57.0,1,2.0
Super built-up  Area,Yeshwanthpur,665.0,1,1,36.85,1,1.0
Super built-up  Area,Yeshwanthpur,1161.0,2,2,64.08,1,2.0
Super built-up  Area,Yeshwanthpur,2557.0,3,2,141.0,1,3.0
Super built-up  Area,Yeshwanthpur,1850.0,3,3,100.0,1,3.0
Super built-up  Area,Yeshwanthpur,671.0,1,1,36.85,1,1.0
Super built-up  Area,Yeshwanthpur,1852.0,3,2,160.0,1,3.0
Super built-up  Area,Yeshwanthpur,1277.5,2,0,95.815,1,2.0
Super built-up  Area,Yeshwanthpur,668.0,1,1,36.85,1,1.0
Super built-up  Area,Yeshwanthpur,1185.0,2,2,75.84,0,2.0
Super built-up  Area,Yeshwanthpur,1195.0,2,2,100.0,1,2.0
Super built-up  Area,Yeshwanthpur,1826.0,3,2,165.0,1,3.0
Super built-up  Area,Yeshwanthpur,1313.0,3,1,96.0,0,3.0
Super built-up  Area,Yeshwanthpur,1400.0,2,2,100.0,1,2.0
Super built-up  Area,Yeshwanthpur,2559.0,3,2,141.0,1,3.0
Built-up  Area,Yeshwanthpur,1430.0,3,2,72.0,1,3.0
Super built-up  Area,Yeshwanthpur,673.0,1,1,36.85,1,1.0
Super built-up  Area,Yeshwanthpur,717.0,2,0,49.475,1,2.0
Super built-up  Area,Yeshwanthpur,3600.0,5,0,220.0,1,4.0
Super built-up  Area,Yeshwanthpur,1168.0,2,2,64.08,1,2.0
Super built-up  Area,Yeshwanthpur,605.0,1,0,41.745,1,1.0
Super built-up  Area,Yeshwanthpur,1382.0,2,2,76.18,1,3.0
Super built-up  Area,Yeshwanthpur,669.0,1,1,36.85,1,1.0
Super built-up  Area,Yeshwanthpur,1385.0,2,2,76.18,1,3.0
Built-up  Area,Yeshwanthpur,3027.0,4,3,260.0,1,3.0
Plot  Area,Yeshwanthpur,1200.0,2,0,63.0,1,2.0
Plot  Area,Yeshwanthpur,1200.0,4,1,110.0,1,4.0
Super built-up  Area,Yeshwanthpur,1679.0,3,0,92.13,1,3.0
Super built-up  Area,Yeshwanthpur,670.0,1,1,36.85,1,1.0
Super built-up  Area,Yeshwanthpur,1381.0,2,2,76.18,1,3.0
Super built-up  Area,Yeshwanthpur,1678.0,3,0,92.13,1,3.0
Super built-up  Area,Yeshwanthpur,1240.0,2,2,80.0,1,2.0
Super built-up  Area,Yeshwanthpur,1713.0,3,2,110.0,0,3.0
Super built-up  Area,Yeshwanthpur,1144.0,2,2,67.0,1,2.0
Super built-up  Area,Yeshwanthpur,1541.0,2,2,130.0,1,2.0
Super built-up  Area,Yeshwanthpur,2501.0,3,3,138.0,1,3.0
Plot  Area,Yeshwanthpur,1362.0,2,0,100.0,1,2.0
Super built-up  Area,Yeshwanthpur,666.0,1,1,36.8,1,1.0
Super built-up  Area,Yeshwanthpur,770.0,1,1,70.0,1,2.0
Super built-up  Area,Yeshwanthpur,1855.0,3,3,140.0,1,3.0
Super built-up  Area,Yeshwanthpur,2504.0,3,3,138.0,1,3.0
Super built-up  Area,Yeshwanthpur,1165.0,2,1,85.0,1,2.0
Super built-up  Area,Yeshwanthpur,1860.0,3,2,168.0,1,3.0
Super built-up  Area,Yeshwanthpur,1163.0,2,2,64.08,1,2.0
Super built-up  Area,Yeshwanthpur,1165.0,2,2,64.08,1,2.0
Super built-up  Area,Yeshwanthpur,1825.0,3,2,145.0,1,3.0
Super built-up  Area,Yeshwanthpur,1384.0,2,2,76.18,1,3.0
Super built-up  Area,Yeshwanthpur,994.0,2,0,54.67,1,1.0
Built-up  Area,Yeshwanthpur,650.0,1,0,40.0,1,1.0
Super built-up  Area,Yeshwanthpur,1500.0,3,1,100.0,1,3.0
Super built-up  Area,Yeshwanthpur,1167.0,2,2,64.08,1,2.0
Super built-up  Area,Yeshwanthpur,1164.0,2,2,64.08,1,2.0
Super built-up  Area,Yeshwanthpur,1520.0,3,3,85.0,1,3.0
Super built-up  Area,Yeshwanthpur,1677.0,3,0,92.13,1,3.0
Super built-up  Area,Yeshwanthpur,674.0,1,1,36.85,1,1.0
Super built-up  Area,Yeshwanthpur,1383.0,2,2,76.18,1,3.0
Super built-up  Area,Yeshwanthpur,672.0,1,1,36.85,1,1.0
Super built-up  Area,Yeshwanthpur,1162.0,2,2,64.08,1,2.0
Super built-up  Area,Yeshwanthpur,1166.0,2,1,64.08,1,2.0
Super built-up  Area,Yeshwanthpur,1692.0,3,3,108.0,0,3.0
Super built-up  Area,Yeshwanthpur,1169.0,2,2,64.08,1,2.0
Built-up  Area,Yeshwanthpur,2500.0,5,2,185.0,1,6.0
Super built-up  Area,Yeshwanthpur,2500.0,3,3,138.0,1,3.0
Super built-up  Area,Yeshwanthpur,1160.0,2,2,64.08,1,2.0
Super built-up  Area,Yeshwanthpur,1676.0,3,0,92.13,1,3.0
Super built-up  Area,Yeshwanthpur,2503.0,3,3,138.0,1,3.0
Super built-up  Area,Yeshwanthpur,1855.0,3,3,135.0,1,3.0
Super built-up  Area,Yeshwanthpur,1876.0,3,3,160.0,1,3.0
Super built-up  Area,Yeshwanthpur,1675.0,3,0,92.13,1,3.0
